group_id,channel,window_id,t_start,t_end,boundary_theta_hash,sign,repeat_idx,delta_probe,projection_linf,theta_hash,query_id,query_retry_count,rho_post_neutral_alt_drift,rho_post_neutral_xy_drift,rho_post_neutral_xy_velocity
0,roll,0,0.0,0.5,8da972d72aa8c361,+,0,0.2,0.0,8d5ae0a02aded56d,8d5ae0a02aded56d_px4_position_0_alt_drift_h1_g00_plus_repeat0,0,0.06355762481689453,1.9372786873012064,0.9522028033781464
0,roll,0,0.0,0.5,8da972d72aa8c361,+,1,0.2,0.0,8d5ae0a02aded56d,8d5ae0a02aded56d_px4_position_0_alt_drift_h1_g00_plus_repeat1,0,0.008553504943847656,1.956529133669534,0.9703266823304901
0,roll,0,0.0,0.5,8da972d72aa8c361,+,2,0.2,0.0,8d5ae0a02aded56d,8d5ae0a02aded56d_px4_position_0_alt_drift_h1_g00_plus_repeat2,0,-0.02993154525756836,1.921679309851704,0.9624155492404141
0,roll,0,0.0,0.5,8da972d72aa8c361,+,3,0.2,0.0,8d5ae0a02aded56d,8d5ae0a02aded56d_px4_position_0_alt_drift_h1_g00_plus_repeat3,0,0.000408172607421875,1.9541596197311206,0.9669854956884958
0,roll,0,0.0,0.5,8da972d72aa8c361,+,4,0.2,0.0,8d5ae0a02aded56d,8d5ae0a02aded56d_px4_position_0_alt_drift_h1_g00_plus_repeat4,0,0.03789520263671875,1.9347422933806668,0.9649535400643029
0,roll,0,0.0,0.5,8da972d72aa8c361,-,0,0.2,0.0,14ef5c1a49242005,14ef5c1a49242005_px4_position_0_alt_drift_h1_g00_minus_repeat0,0,0.02287578582763672,1.958045703076368,0.9791221007696473
0,roll,0,0.0,0.5,8da972d72aa8c361,-,1,0.2,0.0,14ef5c1a49242005,14ef5c1a49242005_px4_position_0_alt_drift_h1_g00_minus_repeat1,0,0.009198188781738281,1.931886221678749,0.9726441805765809
0,roll,0,0.0,0.5,8da972d72aa8c361,-,2,0.2,0.0,14ef5c1a49242005,14ef5c1a49242005_px4_position_0_alt_drift_h1_g00_minus_repeat2,0,0.04153633117675781,1.9501022768023983,0.9628881199683889
0,roll,0,0.0,0.5,8da972d72aa8c361,-,3,0.2,0.0,14ef5c1a49242005,14ef5c1a49242005_px4_position_0_alt_drift_h1_g00_minus_repeat3,0,0.010993003845214844,1.9682215774716785,0.9617614666054144
0,roll,0,0.0,0.5,8da972d72aa8c361,-,4,0.2,0.0,14ef5c1a49242005,14ef5c1a49242005_px4_position_0_alt_drift_h1_g00_minus_repeat4,0,0.003414154052734375,1.9411887324084676,0.9686662060173616
1,pitch,0,0.0,0.5,8da972d72aa8c361,+,0,0.2,0.0,bb20917608c70b30,bb20917608c70b30_px4_position_0_alt_drift_h1_g01_plus_repeat0,0,-0.00043392181396484375,1.936501795700343,0.9596611076543837
1,pitch,0,0.0,0.5,8da972d72aa8c361,+,1,0.2,0.0,bb20917608c70b30,bb20917608c70b30_px4_position_0_alt_drift_h1_g01_plus_repeat1,0,0.014306068420410156,1.9293959067042825,0.9668635384001923
1,pitch,0,0.0,0.5,8da972d72aa8c361,+,2,0.2,0.0,bb20917608c70b30,bb20917608c70b30_px4_position_0_alt_drift_h1_g01_plus_repeat2,0,0.06202888488769531,1.9676062355232573,0.9794150648419497
1,pitch,0,0.0,0.5,8da972d72aa8c361,+,3,0.2,0.0,bb20917608c70b30,bb20917608c70b30_px4_position_0_alt_drift_h1_g01_plus_repeat3,0,0.040467262268066406,1.9426227674561753,0.9478690788865703
1,pitch,0,0.0,0.5,8da972d72aa8c361,+,4,0.2,0.0,bb20917608c70b30,bb20917608c70b30_px4_position_0_alt_drift_h1_g01_plus_repeat4,0,0.04141044616699219,1.941351252032402,0.9312950769747889
1,pitch,0,0.0,0.5,8da972d72aa8c361,-,0,0.2,0.0,8f557c3c1be47470,8f557c3c1be47470_px4_position_0_alt_drift_h1_g01_minus_repeat0,0,-0.0011911392211914062,1.9093225801099685,0.9688687064354715
1,pitch,0,0.0,0.5,8da972d72aa8c361,-,1,0.2,0.0,8f557c3c1be47470,8f557c3c1be47470_px4_position_0_alt_drift_h1_g01_minus_repeat1,0,0.008711814880371094,1.9610898286765939,0.9646290595523902
1,pitch,0,0.0,0.5,8da972d72aa8c361,-,2,0.2,0.0,8f557c3c1be47470,8f557c3c1be47470_px4_position_0_alt_drift_h1_g01_minus_repeat2,0,0.06004524230957031,1.9286385689272652,0.9634920846618413
1,pitch,0,0.0,0.5,8da972d72aa8c361,-,3,0.2,0.0,8f557c3c1be47470,8f557c3c1be47470_px4_position_0_alt_drift_h1_g01_minus_repeat3,0,0.024559974670410156,1.9215333636681475,0.946940154394661
1,pitch,0,0.0,0.5,8da972d72aa8c361,-,4,0.2,0.0,8f557c3c1be47470,8f557c3c1be47470_px4_position_0_alt_drift_h1_g01_minus_repeat4,0,0.05673789978027344,1.9339527992855272,0.9427411084090528
2,yaw,0,0.0,0.5,8da972d72aa8c361,+,0,0.2,0.0,081ef15636f99666,081ef15636f99666_px4_position_0_alt_drift_h1_g02_plus_repeat0,0,0.08823776245117188,1.9560555437185392,0.9753062947080372
2,yaw,0,0.0,0.5,8da972d72aa8c361,+,1,0.2,0.0,081ef15636f99666,081ef15636f99666_px4_position_0_alt_drift_h1_g02_plus_repeat1,0,0.008599281311035156,1.9494421757476244,0.9713110635425942
2,yaw,0,0.0,0.5,8da972d72aa8c361,+,2,0.2,0.0,081ef15636f99666,081ef15636f99666_px4_position_0_alt_drift_h1_g02_plus_repeat2,0,0.0023345947265625,1.9439650874145307,0.9728644135332528
2,yaw,0,0.0,0.5,8da972d72aa8c361,+,3,0.2,0.0,081ef15636f99666,081ef15636f99666_px4_position_0_alt_drift_h1_g02_plus_repeat3,0,-0.016193389892578125,1.9717967321693795,0.9675836652170436
2,yaw,0,0.0,0.5,8da972d72aa8c361,+,4,0.2,0.0,081ef15636f99666,081ef15636f99666_px4_position_0_alt_drift_h1_g02_plus_repeat4,0,-0.016615867614746094,1.9659359603270252,0.9725199163351415
2,yaw,0,0.0,0.5,8da972d72aa8c361,-,0,0.2,0.0,7845043706a4b73b,7845043706a4b73b_px4_position_0_alt_drift_h1_g02_minus_repeat0,0,0.03211784362792969,1.9639942567843072,0.9750320980345392
2,yaw,0,0.0,0.5,8da972d72aa8c361,-,1,0.2,0.0,7845043706a4b73b,7845043706a4b73b_px4_position_0_alt_drift_h1_g02_minus_repeat1,0,0.029567718505859375,1.9580881195015096,0.9671540158117111
2,yaw,0,0.0,0.5,8da972d72aa8c361,-,2,0.2,0.0,7845043706a4b73b,7845043706a4b73b_px4_position_0_alt_drift_h1_g02_minus_repeat2,0,-0.030256271362304688,1.967964037257028,0.9684838848257942
2,yaw,0,0.0,0.5,8da972d72aa8c361,-,3,0.2,0.0,7845043706a4b73b,7845043706a4b73b_px4_position_0_alt_drift_h1_g02_minus_repeat3,0,0.010770797729492188,1.9627910175214163,0.9720918924001156
2,yaw,0,0.0,0.5,8da972d72aa8c361,-,4,0.2,0.0,7845043706a4b73b,7845043706a4b73b_px4_position_0_alt_drift_h1_g02_minus_repeat4,0,-0.015150070190429688,1.959198653135201,0.9624030800230149
3,throttle,0,0.0,0.5,8da972d72aa8c361,+,0,0.2,0.147265625,b9ff4d2946d175f4,b9ff4d2946d175f4_px4_position_0_alt_drift_h1_g03_plus_repeat0,0,-0.015012741088867188,1.974065293100062,0.9833223724858612
3,throttle,0,0.0,0.5,8da972d72aa8c361,+,1,0.2,0.147265625,b9ff4d2946d175f4,b9ff4d2946d175f4_px4_position_0_alt_drift_h1_g03_plus_repeat1,0,0.0059757232666015625,1.9881382854865337,0.9808404887414681
3,throttle,0,0.0,0.5,8da972d72aa8c361,+,2,0.2,0.147265625,b9ff4d2946d175f4,b9ff4d2946d175f4_px4_position_0_alt_drift_h1_g03_plus_repeat2,0,0.0487213134765625,1.9443869434354017,0.9651385345923672
3,throttle,0,0.0,0.5,8da972d72aa8c361,+,3,0.2,0.147265625,b9ff4d2946d175f4,b9ff4d2946d175f4_px4_position_0_alt_drift_h1_g03_plus_repeat3,0,0.03708648681640625,1.9587874414553728,0.9703957190551954
3,throttle,0,0.0,0.5,8da972d72aa8c361,+,4,0.2,0.147265625,b9ff4d2946d175f4,b9ff4d2946d175f4_px4_position_0_alt_drift_h1_g03_plus_repeat4,0,0.012454986572265625,1.9126450332486609,0.9486406606403738
3,throttle,0,0.0,0.5,8da972d72aa8c361,-,0,0.2,0.147265625,8c997803a3882e47,8c997803a3882e47_px4_position_0_alt_drift_h1_g03_minus_repeat0,0,0.09784412384033203,1.9517060259747219,0.960917242582768
3,throttle,0,0.0,0.5,8da972d72aa8c361,-,1,0.2,0.147265625,8c997803a3882e47,8c997803a3882e47_px4_position_0_alt_drift_h1_g03_minus_repeat1,0,0.014582633972167969,1.9526849804576192,0.9567637824637204
3,throttle,0,0.0,0.5,8da972d72aa8c361,-,2,0.2,0.147265625,8c997803a3882e47,8c997803a3882e47_px4_position_0_alt_drift_h1_g03_minus_repeat2,0,-0.017746925354003906,1.9068921009609814,0.9540379723131872
3,throttle,0,0.0,0.5,8da972d72aa8c361,-,3,0.2,0.147265625,8c997803a3882e47,8c997803a3882e47_px4_position_0_alt_drift_h1_g03_minus_repeat3,0,-0.0007953643798828125,1.9695764046445272,0.9786992200096211
3,throttle,0,0.0,0.5,8da972d72aa8c361,-,4,0.2,0.147265625,8c997803a3882e47,8c997803a3882e47_px4_position_0_alt_drift_h1_g03_minus_repeat4,0,0.027042388916015625,1.9359682879881348,0.9650794553134543
4,roll,1,0.5,1.0,8da972d72aa8c361,+,0,0.2,0.0,cbc0473e8faac85f,cbc0473e8faac85f_px4_position_0_alt_drift_h1_g04_plus_repeat0,0,0.06461715698242188,1.9457998937884846,0.9557397145382694
4,roll,1,0.5,1.0,8da972d72aa8c361,+,1,0.2,0.0,cbc0473e8faac85f,cbc0473e8faac85f_px4_position_0_alt_drift_h1_g04_plus_repeat1,0,0.02402782440185547,1.9319276241442955,0.9495141567108444
4,roll,1,0.5,1.0,8da972d72aa8c361,+,2,0.2,0.0,cbc0473e8faac85f,cbc0473e8faac85f_px4_position_0_alt_drift_h1_g04_plus_repeat2,0,-0.008717536926269531,1.9709170927476354,0.9726374744083096
4,roll,1,0.5,1.0,8da972d72aa8c361,+,3,0.2,0.0,cbc0473e8faac85f,cbc0473e8faac85f_px4_position_0_alt_drift_h1_g04_plus_repeat3,0,0.032525062561035156,1.9434124057942657,0.9661848389029742
4,roll,1,0.5,1.0,8da972d72aa8c361,+,4,0.2,0.0,cbc0473e8faac85f,cbc0473e8faac85f_px4_position_0_alt_drift_h1_g04_plus_repeat4,0,-0.0054798126220703125,1.9313741843972094,0.9643919425509743
4,roll,1,0.5,1.0,8da972d72aa8c361,-,0,0.2,0.0,04762fa1aa84b1c4,04762fa1aa84b1c4_px4_position_0_alt_drift_h1_g04_minus_repeat0,0,-0.0034351348876953125,1.9716127423284417,0.9741495430712012
4,roll,1,0.5,1.0,8da972d72aa8c361,-,1,0.2,0.0,04762fa1aa84b1c4,04762fa1aa84b1c4_px4_position_0_alt_drift_h1_g04_minus_repeat1,0,0.04925251007080078,1.9704222922804173,0.9699329251791075
4,roll,1,0.5,1.0,8da972d72aa8c361,-,2,0.2,0.0,04762fa1aa84b1c4,04762fa1aa84b1c4_px4_position_0_alt_drift_h1_g04_minus_repeat2,0,0.027248382568359375,1.9502828731018058,0.9704243404447849
4,roll,1,0.5,1.0,8da972d72aa8c361,-,3,0.2,0.0,04762fa1aa84b1c4,04762fa1aa84b1c4_px4_position_0_alt_drift_h1_g04_minus_repeat3,0,0.03763389587402344,1.930092905433855,0.9575547976339019
4,roll,1,0.5,1.0,8da972d72aa8c361,-,4,0.2,0.0,04762fa1aa84b1c4,04762fa1aa84b1c4_px4_position_0_alt_drift_h1_g04_minus_repeat4,0,0.015699386596679688,1.9418516576593048,0.9656622154192426
5,pitch,1,0.5,1.0,8da972d72aa8c361,+,0,0.2,0.0,718bf3f629c77d14,718bf3f629c77d14_px4_position_0_alt_drift_h1_g05_plus_repeat0,0,0.027132034301757812,1.9550441660722224,0.9614215443933827
5,pitch,1,0.5,1.0,8da972d72aa8c361,+,1,0.2,0.0,718bf3f629c77d14,718bf3f629c77d14_px4_position_0_alt_drift_h1_g05_plus_repeat1,0,0.02402019500732422,1.9678086591472865,0.9738029088104799
5,pitch,1,0.5,1.0,8da972d72aa8c361,+,2,0.2,0.0,718bf3f629c77d14,718bf3f629c77d14_px4_position_0_alt_drift_h1_g05_plus_repeat2,0,0.06598472595214844,1.9673724973632067,0.9795975419102745
5,pitch,1,0.5,1.0,8da972d72aa8c361,+,3,0.2,0.0,718bf3f629c77d14,718bf3f629c77d14_px4_position_0_alt_drift_h1_g05_plus_repeat3,0,0.00989532470703125,1.9597569066009006,0.9594624688386604
5,pitch,1,0.5,1.0,8da972d72aa8c361,+,4,0.2,0.0,718bf3f629c77d14,718bf3f629c77d14_px4_position_0_alt_drift_h1_g05_plus_repeat4,0,0.07409954071044922,1.9537812906004859,0.9639478517931068
5,pitch,1,0.5,1.0,8da972d72aa8c361,-,0,0.2,0.0,9f66205b73dfbd9b,9f66205b73dfbd9b_px4_position_0_alt_drift_h1_g05_minus_repeat0,0,0.020193099975585938,1.9480036369819043,0.9699754396964868
5,pitch,1,0.5,1.0,8da972d72aa8c361,-,1,0.2,0.0,9f66205b73dfbd9b,9f66205b73dfbd9b_px4_position_0_alt_drift_h1_g05_minus_repeat1,0,0.056891441345214844,1.8977779226149565,0.9389352192235292
5,pitch,1,0.5,1.0,8da972d72aa8c361,-,2,0.2,0.0,9f66205b73dfbd9b,9f66205b73dfbd9b_px4_position_0_alt_drift_h1_g05_minus_repeat2,0,-0.0021486282348632812,1.9524799145521001,0.9688863157682636
5,pitch,1,0.5,1.0,8da972d72aa8c361,-,3,0.2,0.0,9f66205b73dfbd9b,9f66205b73dfbd9b_px4_position_0_alt_drift_h1_g05_minus_repeat3,0,0.005200386047363281,1.9608528259467897,0.9737611172862007
5,pitch,1,0.5,1.0,8da972d72aa8c361,-,4,0.2,0.0,9f66205b73dfbd9b,9f66205b73dfbd9b_px4_position_0_alt_drift_h1_g05_minus_repeat4,0,0.004764556884765625,1.9838948610415417,0.973689981897129
6,yaw,1,0.5,1.0,8da972d72aa8c361,+,0,0.2,0.0,38a1709147d28219,38a1709147d28219_px4_position_0_alt_drift_h1_g06_plus_repeat0,0,0.031218528747558594,1.938816529446924,0.9641998591043783
6,yaw,1,0.5,1.0,8da972d72aa8c361,+,1,0.2,0.0,38a1709147d28219,38a1709147d28219_px4_position_0_alt_drift_h1_g06_plus_repeat1,0,0.04155921936035156,1.974506880209621,0.9762429465797859
6,yaw,1,0.5,1.0,8da972d72aa8c361,+,2,0.2,0.0,38a1709147d28219,38a1709147d28219_px4_position_0_alt_drift_h1_g06_plus_repeat2,0,0.032729148864746094,1.9614028052362384,0.9678926954369289
6,yaw,1,0.5,1.0,8da972d72aa8c361,+,3,0.2,0.0,38a1709147d28219,38a1709147d28219_px4_position_0_alt_drift_h1_g06_plus_repeat3,0,0.0770730972290039,1.9604774566414858,0.9547160851987609
6,yaw,1,0.5,1.0,8da972d72aa8c361,+,4,0.2,0.0,38a1709147d28219,38a1709147d28219_px4_position_0_alt_drift_h1_g06_plus_repeat4,0,0.0020389556884765625,1.9377664687322829,0.9414328096025725
6,yaw,1,0.5,1.0,8da972d72aa8c361,-,0,0.2,0.0,db9cad11ef0978e4,db9cad11ef0978e4_px4_position_0_alt_drift_h1_g06_minus_repeat0,0,0.026502609252929688,1.9561944026459852,0.9618671048068276
6,yaw,1,0.5,1.0,8da972d72aa8c361,-,1,0.2,0.0,db9cad11ef0978e4,db9cad11ef0978e4_px4_position_0_alt_drift_h1_g06_minus_repeat1,0,0.011155128479003906,1.9153094896011462,0.9354080417895316
6,yaw,1,0.5,1.0,8da972d72aa8c361,-,2,0.2,0.0,db9cad11ef0978e4,db9cad11ef0978e4_px4_position_0_alt_drift_h1_g06_minus_repeat2,0,0.008314132690429688,1.955981863342994,0.974805930504365
6,yaw,1,0.5,1.0,8da972d72aa8c361,-,3,0.2,0.0,db9cad11ef0978e4,db9cad11ef0978e4_px4_position_0_alt_drift_h1_g06_minus_repeat3,0,-0.017242431640625,1.947824746625159,0.9701511528732976
6,yaw,1,0.5,1.0,8da972d72aa8c361,-,4,0.2,0.0,db9cad11ef0978e4,db9cad11ef0978e4_px4_position_0_alt_drift_h1_g06_minus_repeat4,0,-0.01739978790283203,1.9467537783300957,0.9583676951600921
7,throttle,1,0.5,1.0,8da972d72aa8c361,+,0,0.2,0.14726562499999996,324662240b940e2d,324662240b940e2d_px4_position_0_alt_drift_h1_g07_plus_repeat0,0,-0.011347770690917969,1.9243710728338848,0.9666836679289973
7,throttle,1,0.5,1.0,8da972d72aa8c361,+,1,0.2,0.14726562499999996,324662240b940e2d,324662240b940e2d_px4_position_0_alt_drift_h1_g07_plus_repeat1,0,0.020845413208007812,1.9679279133488237,0.9601058076654326
7,throttle,1,0.5,1.0,8da972d72aa8c361,+,2,0.2,0.14726562499999996,324662240b940e2d,324662240b940e2d_px4_position_0_alt_drift_h1_g07_plus_repeat2,0,0.028026580810546875,1.9733982502467668,0.9656998986659279
7,throttle,1,0.5,1.0,8da972d72aa8c361,+,3,0.2,0.14726562499999996,324662240b940e2d,324662240b940e2d_px4_position_0_alt_drift_h1_g07_plus_repeat3,0,0.06737136840820312,1.9368540734977282,0.9580366492616278
7,throttle,1,0.5,1.0,8da972d72aa8c361,+,4,0.2,0.14726562499999996,324662240b940e2d,324662240b940e2d_px4_position_0_alt_drift_h1_g07_plus_repeat4,0,0.01955127716064453,1.9699007435511837,0.9752868597222555
7,throttle,1,0.5,1.0,8da972d72aa8c361,-,0,0.2,0.147265625,4adf862095bddc8d,4adf862095bddc8d_px4_position_0_alt_drift_h1_g07_minus_repeat0,0,-0.009355545043945312,1.9610739339224466,0.959029308362171
7,throttle,1,0.5,1.0,8da972d72aa8c361,-,1,0.2,0.147265625,4adf862095bddc8d,4adf862095bddc8d_px4_position_0_alt_drift_h1_g07_minus_repeat1,0,0.005290031433105469,1.949673381304558,0.9579467052230611
7,throttle,1,0.5,1.0,8da972d72aa8c361,-,2,0.2,0.147265625,4adf862095bddc8d,4adf862095bddc8d_px4_position_0_alt_drift_h1_g07_minus_repeat2,0,-0.0026149749755859375,1.9483208569238526,0.948132608959566
7,throttle,1,0.5,1.0,8da972d72aa8c361,-,3,0.2,0.147265625,4adf862095bddc8d,4adf862095bddc8d_px4_position_0_alt_drift_h1_g07_minus_repeat3,0,0.02667999267578125,1.9566138807133628,0.9603902615606483
7,throttle,1,0.5,1.0,8da972d72aa8c361,-,4,0.2,0.147265625,4adf862095bddc8d,4adf862095bddc8d_px4_position_0_alt_drift_h1_g07_minus_repeat4,0,0.020781517028808594,1.982264099055288,0.9718275802201393
8,roll,2,1.0,1.5,8da972d72aa8c361,+,0,0.2,0.0,7d648a1c10d6d0fc,7d648a1c10d6d0fc_px4_position_0_alt_drift_h1_g08_plus_repeat0,0,0.017953872680664062,1.916421265169891,0.9569735749596883
8,roll,2,1.0,1.5,8da972d72aa8c361,+,1,0.2,0.0,7d648a1c10d6d0fc,7d648a1c10d6d0fc_px4_position_0_alt_drift_h1_g08_plus_repeat1,0,0.006165504455566406,1.9397369731258054,0.9537154095113858
8,roll,2,1.0,1.5,8da972d72aa8c361,+,2,0.2,0.0,7d648a1c10d6d0fc,7d648a1c10d6d0fc_px4_position_0_alt_drift_h1_g08_plus_repeat2,0,0.021040916442871094,1.9514437778849603,0.9677747648022463
8,roll,2,1.0,1.5,8da972d72aa8c361,+,3,0.2,0.0,7d648a1c10d6d0fc,7d648a1c10d6d0fc_px4_position_0_alt_drift_h1_g08_plus_repeat3,0,0.07093334197998047,1.9617642433198228,0.9731083101774929
8,roll,2,1.0,1.5,8da972d72aa8c361,+,4,0.2,0.0,7d648a1c10d6d0fc,7d648a1c10d6d0fc_px4_position_0_alt_drift_h1_g08_plus_repeat4,0,-0.038158416748046875,1.9622336496522057,0.9667223851608123
8,roll,2,1.0,1.5,8da972d72aa8c361,-,0,0.2,0.0,7e439486caeab4a5,7e439486caeab4a5_px4_position_0_alt_drift_h1_g08_minus_repeat0,0,0.006608009338378906,1.921888865301919,0.9634024551998113
8,roll,2,1.0,1.5,8da972d72aa8c361,-,1,0.2,0.0,7e439486caeab4a5,7e439486caeab4a5_px4_position_0_alt_drift_h1_g08_minus_repeat1,0,0.022562026977539062,1.9380335808567364,0.9633374577087809
8,roll,2,1.0,1.5,8da972d72aa8c361,-,2,0.2,0.0,7e439486caeab4a5,7e439486caeab4a5_px4_position_0_alt_drift_h1_g08_minus_repeat2,0,-0.02114391326904297,1.918736469744482,0.9630533875768965
8,roll,2,1.0,1.5,8da972d72aa8c361,-,3,0.2,0.0,7e439486caeab4a5,7e439486caeab4a5_px4_position_0_alt_drift_h1_g08_minus_repeat3,0,0.0019273757934570312,1.9369240352958594,0.9687672508817782
8,roll,2,1.0,1.5,8da972d72aa8c361,-,4,0.2,0.0,7e439486caeab4a5,7e439486caeab4a5_px4_position_0_alt_drift_h1_g08_minus_repeat4,0,0.051601409912109375,1.9578001001080654,0.974304709260627
9,pitch,2,1.0,1.5,8da972d72aa8c361,+,0,0.2,0.0,41df38df642ffacb,41df38df642ffacb_px4_position_0_alt_drift_h1_g09_plus_repeat0,0,0.007083892822265625,1.9765998493660193,0.9709689228732388
9,pitch,2,1.0,1.5,8da972d72aa8c361,+,1,0.2,0.0,41df38df642ffacb,41df38df642ffacb_px4_position_0_alt_drift_h1_g09_plus_repeat1,0,0.014300346374511719,1.9531522049416783,0.970634075916066
9,pitch,2,1.0,1.5,8da972d72aa8c361,+,2,0.2,0.0,41df38df642ffacb,41df38df642ffacb_px4_position_0_alt_drift_h1_g09_plus_repeat2,0,0.01665782928466797,1.983720203910191,0.9675178066285145
9,pitch,2,1.0,1.5,8da972d72aa8c361,+,3,0.2,0.0,41df38df642ffacb,41df38df642ffacb_px4_position_0_alt_drift_h1_g09_plus_repeat3,0,0.022817611694335938,1.9743088790370367,0.9773242108306075
9,pitch,2,1.0,1.5,8da972d72aa8c361,+,4,0.2,0.0,41df38df642ffacb,41df38df642ffacb_px4_position_0_alt_drift_h1_g09_plus_repeat4,0,0.03207206726074219,1.9407704374218546,0.9592780551147246
9,pitch,2,1.0,1.5,8da972d72aa8c361,-,0,0.2,0.0,4f9694bb0c2a4824,4f9694bb0c2a4824_px4_position_0_alt_drift_h1_g09_minus_repeat0,0,0.038036346435546875,1.9519298088229966,0.9637802157998868
9,pitch,2,1.0,1.5,8da972d72aa8c361,-,1,0.2,0.0,4f9694bb0c2a4824,4f9694bb0c2a4824_px4_position_0_alt_drift_h1_g09_minus_repeat1,0,0.012377738952636719,1.9404586264350856,0.9571311050478056
9,pitch,2,1.0,1.5,8da972d72aa8c361,-,2,0.2,0.0,4f9694bb0c2a4824,4f9694bb0c2a4824_px4_position_0_alt_drift_h1_g09_minus_repeat2,0,0.014775276184082031,1.944862952743493,0.964565152220446
9,pitch,2,1.0,1.5,8da972d72aa8c361,-,3,0.2,0.0,4f9694bb0c2a4824,4f9694bb0c2a4824_px4_position_0_alt_drift_h1_g09_minus_repeat3,0,0.00433349609375,1.9732056689061543,0.977897206731537
9,pitch,2,1.0,1.5,8da972d72aa8c361,-,4,0.2,0.0,4f9694bb0c2a4824,4f9694bb0c2a4824_px4_position_0_alt_drift_h1_g09_minus_repeat4,0,-0.03230762481689453,1.9355962569573226,0.958912278976724
10,yaw,2,1.0,1.5,8da972d72aa8c361,+,0,0.2,0.0,3062f67bb7e8c0dc,3062f67bb7e8c0dc_px4_position_0_alt_drift_h1_g10_plus_repeat0,0,-0.004771232604980469,1.9430549539459636,0.953923619206521
10,yaw,2,1.0,1.5,8da972d72aa8c361,+,1,0.2,0.0,3062f67bb7e8c0dc,3062f67bb7e8c0dc_px4_position_0_alt_drift_h1_g10_plus_repeat1,0,-0.0009260177612304688,1.9218574116526794,0.9527326675574741
10,yaw,2,1.0,1.5,8da972d72aa8c361,+,2,0.2,0.0,3062f67bb7e8c0dc,3062f67bb7e8c0dc_px4_position_0_alt_drift_h1_g10_plus_repeat2,0,0.060009002685546875,1.9585821988406962,0.9739714841038484
10,yaw,2,1.0,1.5,8da972d72aa8c361,+,3,0.2,0.0,3062f67bb7e8c0dc,3062f67bb7e8c0dc_px4_position_0_alt_drift_h1_g10_plus_repeat3,0,-0.008507728576660156,1.9656351905429386,0.9760179066641402
10,yaw,2,1.0,1.5,8da972d72aa8c361,+,4,0.2,0.0,3062f67bb7e8c0dc,3062f67bb7e8c0dc_px4_position_0_alt_drift_h1_g10_plus_repeat4,0,0.03396129608154297,1.9382130944312599,0.9621180140534464
10,yaw,2,1.0,1.5,8da972d72aa8c361,-,0,0.2,0.0,a60f997e95aedffb,a60f997e95aedffb_px4_position_0_alt_drift_h1_g10_minus_repeat0,0,-0.032990455627441406,1.9827387668320853,0.9865027827918087
10,yaw,2,1.0,1.5,8da972d72aa8c361,-,1,0.2,0.0,a60f997e95aedffb,a60f997e95aedffb_px4_position_0_alt_drift_h1_g10_minus_repeat1,0,0.007428169250488281,1.9729546600042214,0.9643096281014818
10,yaw,2,1.0,1.5,8da972d72aa8c361,-,2,0.2,0.0,a60f997e95aedffb,a60f997e95aedffb_px4_position_0_alt_drift_h1_g10_minus_repeat2,0,0.017235755920410156,1.970225719023846,0.9582458228871802
10,yaw,2,1.0,1.5,8da972d72aa8c361,-,3,0.2,0.0,a60f997e95aedffb,a60f997e95aedffb_px4_position_0_alt_drift_h1_g10_minus_repeat3,0,0.007740974426269531,1.952948417527949,0.9747442413392813
10,yaw,2,1.0,1.5,8da972d72aa8c361,-,4,0.2,0.0,a60f997e95aedffb,a60f997e95aedffb_px4_position_0_alt_drift_h1_g10_minus_repeat4,0,0.04895591735839844,1.9643575049090234,0.9734430116098353
11,throttle,2,1.0,1.5,8da972d72aa8c361,+,0,0.2,0.14726562499999996,388bc9e658eb6720,388bc9e658eb6720_px4_position_0_alt_drift_h1_g11_plus_repeat0,0,0.018398284912109375,1.9379632745966868,0.9648646174465726
11,throttle,2,1.0,1.5,8da972d72aa8c361,+,1,0.2,0.14726562499999996,388bc9e658eb6720,388bc9e658eb6720_px4_position_0_alt_drift_h1_g11_plus_repeat1,0,0.009546279907226562,1.966692176567407,0.9643487515536732
11,throttle,2,1.0,1.5,8da972d72aa8c361,+,2,0.2,0.14726562499999996,388bc9e658eb6720,388bc9e658eb6720_px4_position_0_alt_drift_h1_g11_plus_repeat2,0,0.019567489624023438,1.9432288903761983,0.9611575232496206
11,throttle,2,1.0,1.5,8da972d72aa8c361,+,3,0.2,0.14726562499999996,388bc9e658eb6720,388bc9e658eb6720_px4_position_0_alt_drift_h1_g11_plus_repeat3,0,0.0017328262329101562,1.96615639430066,0.9690259394749374
11,throttle,2,1.0,1.5,8da972d72aa8c361,+,4,0.2,0.14726562499999996,388bc9e658eb6720,388bc9e658eb6720_px4_position_0_alt_drift_h1_g11_plus_repeat4,0,0.05014514923095703,1.9731636992550643,0.9726719295411217
11,throttle,2,1.0,1.5,8da972d72aa8c361,-,0,0.2,0.14726562499999996,2fb1bbda429b6862,2fb1bbda429b6862_px4_position_0_alt_drift_h1_g11_minus_repeat0,0,0.006577491760253906,1.9540532482299038,0.9691114717646808
11,throttle,2,1.0,1.5,8da972d72aa8c361,-,1,0.2,0.14726562499999996,2fb1bbda429b6862,2fb1bbda429b6862_px4_position_0_alt_drift_h1_g11_minus_repeat1,0,0.040589332580566406,1.9203947952853515,0.9618800057954512
11,throttle,2,1.0,1.5,8da972d72aa8c361,-,2,0.2,0.14726562499999996,2fb1bbda429b6862,2fb1bbda429b6862_px4_position_0_alt_drift_h1_g11_minus_repeat2,0,0.06268024444580078,1.9654396879123497,0.9809892885480905
11,throttle,2,1.0,1.5,8da972d72aa8c361,-,3,0.2,0.14726562499999996,2fb1bbda429b6862,2fb1bbda429b6862_px4_position_0_alt_drift_h1_g11_minus_repeat3,0,0.03014659881591797,1.929099667212322,0.952535261591151
11,throttle,2,1.0,1.5,8da972d72aa8c361,-,4,0.2,0.14726562499999996,2fb1bbda429b6862,2fb1bbda429b6862_px4_position_0_alt_drift_h1_g11_minus_repeat4,0,0.018454551696777344,1.9585870628289088,0.9603546640711692
12,roll,3,1.5,2.0,8da972d72aa8c361,+,0,0.2,0.0,b5551765bbe0c9f7,b5551765bbe0c9f7_px4_position_0_alt_drift_h1_g12_plus_repeat0,0,-0.023984909057617188,1.9498243467282999,0.9590842771806778
12,roll,3,1.5,2.0,8da972d72aa8c361,+,1,0.2,0.0,b5551765bbe0c9f7,b5551765bbe0c9f7_px4_position_0_alt_drift_h1_g12_plus_repeat1,0,-0.0075702667236328125,1.925784609193201,0.9577204987626939
12,roll,3,1.5,2.0,8da972d72aa8c361,+,2,0.2,0.0,b5551765bbe0c9f7,b5551765bbe0c9f7_px4_position_0_alt_drift_h1_g12_plus_repeat2,0,0.027457237243652344,1.9712309788536724,0.9588350097129673
12,roll,3,1.5,2.0,8da972d72aa8c361,+,3,0.2,0.0,b5551765bbe0c9f7,b5551765bbe0c9f7_px4_position_0_alt_drift_h1_g12_plus_repeat3,0,0.013121604919433594,1.9766894573202933,0.9738314096529265
12,roll,3,1.5,2.0,8da972d72aa8c361,+,4,0.2,0.0,b5551765bbe0c9f7,b5551765bbe0c9f7_px4_position_0_alt_drift_h1_g12_plus_repeat4,0,0.0026683807373046875,1.9332558533709776,0.967670851418228
12,roll,3,1.5,2.0,8da972d72aa8c361,-,0,0.2,0.0,338d88fe541de3ee,338d88fe541de3ee_px4_position_0_alt_drift_h1_g12_minus_repeat0,0,0.076019287109375,1.9484835698025023,0.9702281338469654
12,roll,3,1.5,2.0,8da972d72aa8c361,-,1,0.2,0.0,338d88fe541de3ee,338d88fe541de3ee_px4_position_0_alt_drift_h1_g12_minus_repeat1,0,0.05042076110839844,1.9491398442838048,0.9786778254214276
12,roll,3,1.5,2.0,8da972d72aa8c361,-,2,0.2,0.0,338d88fe541de3ee,338d88fe541de3ee_px4_position_0_alt_drift_h1_g12_minus_repeat2,0,-0.0069446563720703125,1.9345335801644872,0.9612489845956627
12,roll,3,1.5,2.0,8da972d72aa8c361,-,3,0.2,0.0,338d88fe541de3ee,338d88fe541de3ee_px4_position_0_alt_drift_h1_g12_minus_repeat3,0,-0.017780303955078125,1.9643729994047792,0.9568426793198259
12,roll,3,1.5,2.0,8da972d72aa8c361,-,4,0.2,0.0,338d88fe541de3ee,338d88fe541de3ee_px4_position_0_alt_drift_h1_g12_minus_repeat4,0,-0.00173187255859375,1.9205149180561774,0.9600855729387409
13,pitch,3,1.5,2.0,8da972d72aa8c361,+,0,0.2,0.0,1f0cff832831e922,1f0cff832831e922_px4_position_0_alt_drift_h1_g13_plus_repeat0,0,0.02296733856201172,1.9499178345283936,0.972511226713323
13,pitch,3,1.5,2.0,8da972d72aa8c361,+,1,0.2,0.0,1f0cff832831e922,1f0cff832831e922_px4_position_0_alt_drift_h1_g13_plus_repeat1,0,0.10064506530761719,1.9804625655291033,0.9776369783798463
13,pitch,3,1.5,2.0,8da972d72aa8c361,+,2,0.2,0.0,1f0cff832831e922,1f0cff832831e922_px4_position_0_alt_drift_h1_g13_plus_repeat2,0,-0.006527900695800781,1.9705180316935604,0.9785106472647678
13,pitch,3,1.5,2.0,8da972d72aa8c361,+,3,0.2,0.0,1f0cff832831e922,1f0cff832831e922_px4_position_0_alt_drift_h1_g13_plus_repeat3,0,0.05455303192138672,1.9205976580517587,0.9600744181410462
13,pitch,3,1.5,2.0,8da972d72aa8c361,+,4,0.2,0.0,1f0cff832831e922,1f0cff832831e922_px4_position_0_alt_drift_h1_g13_plus_repeat4,0,0.011950492858886719,1.9784054892623262,0.9761472433670761
13,pitch,3,1.5,2.0,8da972d72aa8c361,-,0,0.2,0.0,85d42038b11b30c9,85d42038b11b30c9_px4_position_0_alt_drift_h1_g13_minus_repeat0,0,0.0025587081909179688,1.968234215159093,0.9712583469154521
13,pitch,3,1.5,2.0,8da972d72aa8c361,-,1,0.2,0.0,85d42038b11b30c9,85d42038b11b30c9_px4_position_0_alt_drift_h1_g13_minus_repeat1,0,0.031266212463378906,1.9614414382468028,0.9643396117816362
13,pitch,3,1.5,2.0,8da972d72aa8c361,-,2,0.2,0.0,85d42038b11b30c9,85d42038b11b30c9_px4_position_0_alt_drift_h1_g13_minus_repeat2,0,0.005366325378417969,1.9160001914663023,0.9597054726763803
13,pitch,3,1.5,2.0,8da972d72aa8c361,-,3,0.2,0.0,85d42038b11b30c9,85d42038b11b30c9_px4_position_0_alt_drift_h1_g13_minus_repeat3,0,0.04068946838378906,1.956218539821193,0.9765589061122952
13,pitch,3,1.5,2.0,8da972d72aa8c361,-,4,0.2,0.0,85d42038b11b30c9,85d42038b11b30c9_px4_position_0_alt_drift_h1_g13_minus_repeat4,0,0.01857280731201172,1.91088650130642,0.9551388526143135
14,yaw,3,1.5,2.0,8da972d72aa8c361,+,0,0.2,0.0,4b367ed084c12ac3,4b367ed084c12ac3_px4_position_0_alt_drift_h1_g14_plus_repeat0,0,0.07089900970458984,1.9226938163842766,0.9713717337115048
14,yaw,3,1.5,2.0,8da972d72aa8c361,+,1,0.2,0.0,4b367ed084c12ac3,4b367ed084c12ac3_px4_position_0_alt_drift_h1_g14_plus_repeat1,0,-0.018037796020507812,1.9460405690149114,0.9645852288836324
14,yaw,3,1.5,2.0,8da972d72aa8c361,+,2,0.2,0.0,4b367ed084c12ac3,4b367ed084c12ac3_px4_position_0_alt_drift_h1_g14_plus_repeat2,0,0.05260467529296875,1.9387372474801385,0.9649890147091814
14,yaw,3,1.5,2.0,8da972d72aa8c361,+,3,0.2,0.0,4b367ed084c12ac3,4b367ed084c12ac3_px4_position_0_alt_drift_h1_g14_plus_repeat3,0,0.0016841888427734375,1.9610550130667574,0.9627999161608254
14,yaw,3,1.5,2.0,8da972d72aa8c361,+,4,0.2,0.0,4b367ed084c12ac3,4b367ed084c12ac3_px4_position_0_alt_drift_h1_g14_plus_repeat4,0,0.050978660583496094,1.9627818794352403,0.9544519230324638
14,yaw,3,1.5,2.0,8da972d72aa8c361,-,0,0.2,0.0,a14b22dd308ba943,a14b22dd308ba943_px4_position_0_alt_drift_h1_g14_minus_repeat0,0,0.005950927734375,1.9738616507730276,0.9674063048804701
14,yaw,3,1.5,2.0,8da972d72aa8c361,-,1,0.2,0.0,a14b22dd308ba943,a14b22dd308ba943_px4_position_0_alt_drift_h1_g14_minus_repeat1,0,0.025556564331054688,1.948350650223293,0.963495045166928
14,yaw,3,1.5,2.0,8da972d72aa8c361,-,2,0.2,0.0,a14b22dd308ba943,a14b22dd308ba943_px4_position_0_alt_drift_h1_g14_minus_repeat2,0,0.02175426483154297,1.9443413576861197,0.9547089028219524
14,yaw,3,1.5,2.0,8da972d72aa8c361,-,3,0.2,0.0,a14b22dd308ba943,a14b22dd308ba943_px4_position_0_alt_drift_h1_g14_minus_repeat3,0,-0.010430335998535156,1.9291151927951429,0.9687050936668771
14,yaw,3,1.5,2.0,8da972d72aa8c361,-,4,0.2,0.0,a14b22dd308ba943,a14b22dd308ba943_px4_position_0_alt_drift_h1_g14_minus_repeat4,0,0.08694648742675781,1.9514673854323117,0.9692821786552027
15,throttle,3,1.5,2.0,8da972d72aa8c361,+,0,0.2,0.14726562499999996,f0107f2659676daf,f0107f2659676daf_px4_position_0_alt_drift_h1_g15_plus_repeat0,0,-0.0040283203125,1.9589880355426736,0.9663335168970123
15,throttle,3,1.5,2.0,8da972d72aa8c361,+,1,0.2,0.14726562499999996,f0107f2659676daf,f0107f2659676daf_px4_position_0_alt_drift_h1_g15_plus_repeat1,0,0.07449531555175781,1.9469053397560212,0.954843730641532
15,throttle,3,1.5,2.0,8da972d72aa8c361,+,2,0.2,0.14726562499999996,f0107f2659676daf,f0107f2659676daf_px4_position_0_alt_drift_h1_g15_plus_repeat2,0,0.037113189697265625,1.9725778399879128,0.9693540243198355
15,throttle,3,1.5,2.0,8da972d72aa8c361,+,3,0.2,0.14726562499999996,f0107f2659676daf,f0107f2659676daf_px4_position_0_alt_drift_h1_g15_plus_repeat3,0,0.0007658004760742188,1.9680579045771323,0.958173798124512
15,throttle,3,1.5,2.0,8da972d72aa8c361,+,4,0.2,0.14726562499999996,f0107f2659676daf,f0107f2659676daf_px4_position_0_alt_drift_h1_g15_plus_repeat4,0,0.0813913345336914,1.9524017363214812,0.9626900816106297
15,throttle,3,1.5,2.0,8da972d72aa8c361,-,0,0.2,0.0,58155d48924c0206,58155d48924c0206_px4_position_0_alt_drift_h1_g15_minus_repeat0,0,0.03300189971923828,1.9460483761847942,0.9641627026190018
15,throttle,3,1.5,2.0,8da972d72aa8c361,-,1,0.2,0.0,58155d48924c0206,58155d48924c0206_px4_position_0_alt_drift_h1_g15_minus_repeat1,0,0.010622978210449219,1.965599870207015,0.9849471411855618
15,throttle,3,1.5,2.0,8da972d72aa8c361,-,2,0.2,0.0,58155d48924c0206,58155d48924c0206_px4_position_0_alt_drift_h1_g15_minus_repeat2,0,-0.009556770324707031,1.9602218366516948,0.9702205460299861
15,throttle,3,1.5,2.0,8da972d72aa8c361,-,3,0.2,0.0,58155d48924c0206,58155d48924c0206_px4_position_0_alt_drift_h1_g15_minus_repeat3,0,0.0238800048828125,1.9526623733371273,0.9662314534224873
15,throttle,3,1.5,2.0,8da972d72aa8c361,-,4,0.2,0.0,58155d48924c0206,58155d48924c0206_px4_position_0_alt_drift_h1_g15_minus_repeat4,0,0.015577316284179688,1.9667550632017157,0.9663598043996273
16,roll,4,2.0,2.5,8da972d72aa8c361,+,0,0.2,0.0,c616ea15d8a5d7c2,c616ea15d8a5d7c2_px4_position_0_alt_drift_h1_g16_plus_repeat0,0,-0.004085540771484375,1.9424779122624525,0.9734977046185794
16,roll,4,2.0,2.5,8da972d72aa8c361,+,1,0.2,0.0,c616ea15d8a5d7c2,c616ea15d8a5d7c2_px4_position_0_alt_drift_h1_g16_plus_repeat1,0,0.028041839599609375,1.9725942380410106,0.9765259260955648
16,roll,4,2.0,2.5,8da972d72aa8c361,+,2,0.2,0.0,c616ea15d8a5d7c2,c616ea15d8a5d7c2_px4_position_0_alt_drift_h1_g16_plus_repeat2,0,-0.005321502685546875,1.9575152259567337,0.9682242670556662
16,roll,4,2.0,2.5,8da972d72aa8c361,+,3,0.2,0.0,c616ea15d8a5d7c2,c616ea15d8a5d7c2_px4_position_0_alt_drift_h1_g16_plus_repeat3,0,0.009495735168457031,1.9519855852643635,0.9627369448225228
16,roll,4,2.0,2.5,8da972d72aa8c361,+,4,0.2,0.0,c616ea15d8a5d7c2,c616ea15d8a5d7c2_px4_position_0_alt_drift_h1_g16_plus_repeat4,0,0.008153915405273438,1.9521534066648978,0.9740225246002108
16,roll,4,2.0,2.5,8da972d72aa8c361,-,0,0.2,0.0,babc6fce80b478fb,babc6fce80b478fb_px4_position_0_alt_drift_h1_g16_minus_repeat0,0,-0.010617256164550781,1.9255372400222244,0.9527970397623156
16,roll,4,2.0,2.5,8da972d72aa8c361,-,1,0.2,0.0,babc6fce80b478fb,babc6fce80b478fb_px4_position_0_alt_drift_h1_g16_minus_repeat1,0,0.024862289428710938,1.9508796151113579,0.9629598141134156
16,roll,4,2.0,2.5,8da972d72aa8c361,-,2,0.2,0.0,babc6fce80b478fb,babc6fce80b478fb_px4_position_0_alt_drift_h1_g16_minus_repeat2,0,0.005759239196777344,1.973630233678484,0.9802938072035942
16,roll,4,2.0,2.5,8da972d72aa8c361,-,3,0.2,0.0,babc6fce80b478fb,babc6fce80b478fb_px4_position_0_alt_drift_h1_g16_minus_repeat3,0,0.02183055877685547,1.9646489183018492,0.9597460164630672
16,roll,4,2.0,2.5,8da972d72aa8c361,-,4,0.2,0.0,babc6fce80b478fb,babc6fce80b478fb_px4_position_0_alt_drift_h1_g16_minus_repeat4,0,-0.006407737731933594,1.966294090095162,0.9709480154067334
17,pitch,4,2.0,2.5,8da972d72aa8c361,+,0,0.2,0.0,19f3e5eded2efa42,19f3e5eded2efa42_px4_position_0_alt_drift_h1_g17_plus_repeat0,0,-0.010496139526367188,1.9433522050674306,0.9682159779127244
17,pitch,4,2.0,2.5,8da972d72aa8c361,+,1,0.2,0.0,19f3e5eded2efa42,19f3e5eded2efa42_px4_position_0_alt_drift_h1_g17_plus_repeat1,0,0.05644035339355469,1.9774422197875123,0.9868496137532692
17,pitch,4,2.0,2.5,8da972d72aa8c361,+,2,0.2,0.0,19f3e5eded2efa42,19f3e5eded2efa42_px4_position_0_alt_drift_h1_g17_plus_repeat2,0,0.023751258850097656,1.9465391401169014,0.9583643225557119
17,pitch,4,2.0,2.5,8da972d72aa8c361,+,3,0.2,0.0,19f3e5eded2efa42,19f3e5eded2efa42_px4_position_0_alt_drift_h1_g17_plus_repeat3,0,-0.007449150085449219,1.9538283703521349,0.9703453414913377
17,pitch,4,2.0,2.5,8da972d72aa8c361,+,4,0.2,0.0,19f3e5eded2efa42,19f3e5eded2efa42_px4_position_0_alt_drift_h1_g17_plus_repeat4,0,0.046062469482421875,1.9834281073071827,0.9740337806792894
17,pitch,4,2.0,2.5,8da972d72aa8c361,-,0,0.2,0.0,7ec9f44669fff8a2,7ec9f44669fff8a2_px4_position_0_alt_drift_h1_g17_minus_repeat0,0,-0.0072727203369140625,1.9439900660970104,0.9620953357471431
17,pitch,4,2.0,2.5,8da972d72aa8c361,-,1,0.2,0.0,7ec9f44669fff8a2,7ec9f44669fff8a2_px4_position_0_alt_drift_h1_g17_minus_repeat1,0,0.02311420440673828,1.9833531860289546,0.9869119356925498
17,pitch,4,2.0,2.5,8da972d72aa8c361,-,2,0.2,0.0,7ec9f44669fff8a2,7ec9f44669fff8a2_px4_position_0_alt_drift_h1_g17_minus_repeat2,1,0.04812812805175781,1.9067525643116494,0.9555858605302479
17,pitch,4,2.0,2.5,8da972d72aa8c361,-,3,0.2,0.0,7ec9f44669fff8a2,7ec9f44669fff8a2_px4_position_0_alt_drift_h1_g17_minus_repeat3,0,0.02295970916748047,1.9684594794624342,0.9562648516665561
17,pitch,4,2.0,2.5,8da972d72aa8c361,-,4,0.2,0.0,7ec9f44669fff8a2,7ec9f44669fff8a2_px4_position_0_alt_drift_h1_g17_minus_repeat4,0,0.07114505767822266,1.9329848579337177,0.9621532367276734
18,yaw,4,2.0,2.5,8da972d72aa8c361,+,0,0.2,0.0,08ee54cfd5ea8368,08ee54cfd5ea8368_px4_position_0_alt_drift_h1_g18_plus_repeat0,0,-0.012201309204101562,1.9575636809259218,0.9627009653850738
18,yaw,4,2.0,2.5,8da972d72aa8c361,+,1,0.2,0.0,08ee54cfd5ea8368,08ee54cfd5ea8368_px4_position_0_alt_drift_h1_g18_plus_repeat1,0,0.090728759765625,1.9530150824720474,0.960548264682681
18,yaw,4,2.0,2.5,8da972d72aa8c361,+,2,0.2,0.0,08ee54cfd5ea8368,08ee54cfd5ea8368_px4_position_0_alt_drift_h1_g18_plus_repeat2,0,0.01668834686279297,1.9172527915208497,0.9295762207551325
18,yaw,4,2.0,2.5,8da972d72aa8c361,+,3,0.2,0.0,08ee54cfd5ea8368,08ee54cfd5ea8368_px4_position_0_alt_drift_h1_g18_plus_repeat3,0,-0.008143424987792969,1.9599633624959547,0.9690111322081778
18,yaw,4,2.0,2.5,8da972d72aa8c361,+,4,0.2,0.0,08ee54cfd5ea8368,08ee54cfd5ea8368_px4_position_0_alt_drift_h1_g18_plus_repeat4,0,0.0026369094848632812,1.9658808870779465,0.9750246768028318
18,yaw,4,2.0,2.5,8da972d72aa8c361,-,0,0.2,0.0,c77c5460922f78e8,c77c5460922f78e8_px4_position_0_alt_drift_h1_g18_minus_repeat0,0,0.05872917175292969,1.9534960237578096,0.9777391828128045
18,yaw,4,2.0,2.5,8da972d72aa8c361,-,1,0.2,0.0,c77c5460922f78e8,c77c5460922f78e8_px4_position_0_alt_drift_h1_g18_minus_repeat1,0,0.02847766876220703,1.9182294696444344,0.9521157199884661
18,yaw,4,2.0,2.5,8da972d72aa8c361,-,2,0.2,0.0,c77c5460922f78e8,c77c5460922f78e8_px4_position_0_alt_drift_h1_g18_minus_repeat2,0,0.043674468994140625,1.9370977194456944,0.9655381545396068
18,yaw,4,2.0,2.5,8da972d72aa8c361,-,3,0.2,0.0,c77c5460922f78e8,c77c5460922f78e8_px4_position_0_alt_drift_h1_g18_minus_repeat3,0,0.06069469451904297,1.9483858862457482,0.9531753320892405
18,yaw,4,2.0,2.5,8da972d72aa8c361,-,4,0.2,0.0,c77c5460922f78e8,c77c5460922f78e8_px4_position_0_alt_drift_h1_g18_minus_repeat4,0,0.00218963623046875,1.9314770618705248,0.9623734655272045
19,throttle,4,2.0,2.5,8da972d72aa8c361,+,0,0.2,0.0,372e9433d585bbd7,372e9433d585bbd7_px4_position_0_alt_drift_h1_g19_plus_repeat0,0,0.08794879913330078,1.9536522760880703,0.9712776503404797
19,throttle,4,2.0,2.5,8da972d72aa8c361,+,1,0.2,0.0,372e9433d585bbd7,372e9433d585bbd7_px4_position_0_alt_drift_h1_g19_plus_repeat1,0,0.012438774108886719,1.9532243675231535,0.9404098803946925
19,throttle,4,2.0,2.5,8da972d72aa8c361,+,2,0.2,0.0,372e9433d585bbd7,372e9433d585bbd7_px4_position_0_alt_drift_h1_g19_plus_repeat2,0,0.06972217559814453,1.9674165951040998,0.9735674207041182
19,throttle,4,2.0,2.5,8da972d72aa8c361,+,3,0.2,0.0,372e9433d585bbd7,372e9433d585bbd7_px4_position_0_alt_drift_h1_g19_plus_repeat3,0,0.007161140441894531,1.9324306680481356,0.9720028030047395
19,throttle,4,2.0,2.5,8da972d72aa8c361,+,4,0.2,0.0,372e9433d585bbd7,372e9433d585bbd7_px4_position_0_alt_drift_h1_g19_plus_repeat4,0,-0.024733543395996094,1.9747119276495126,0.9749172366877273
19,throttle,4,2.0,2.5,8da972d72aa8c361,-,0,0.2,0.0,933b3d97e9b20126,933b3d97e9b20126_px4_position_0_alt_drift_h1_g19_minus_repeat0,0,0.019179344177246094,1.9595874980830057,0.9539026111918743
19,throttle,4,2.0,2.5,8da972d72aa8c361,-,1,0.2,0.0,933b3d97e9b20126,933b3d97e9b20126_px4_position_0_alt_drift_h1_g19_minus_repeat1,0,-0.026452064514160156,1.9679383236690047,0.9689645578727472
19,throttle,4,2.0,2.5,8da972d72aa8c361,-,2,0.2,0.0,933b3d97e9b20126,933b3d97e9b20126_px4_position_0_alt_drift_h1_g19_minus_repeat2,0,0.08795166015625,1.9452665552823893,0.9540932929269902
19,throttle,4,2.0,2.5,8da972d72aa8c361,-,3,0.2,0.0,933b3d97e9b20126,933b3d97e9b20126_px4_position_0_alt_drift_h1_g19_minus_repeat3,0,-0.0060977935791015625,1.972687884705809,0.9688739116283095
19,throttle,4,2.0,2.5,8da972d72aa8c361,-,4,0.2,0.0,933b3d97e9b20126,933b3d97e9b20126_px4_position_0_alt_drift_h1_g19_minus_repeat4,0,0.011052131652832031,1.9569394834481992,0.968093231811931
20,roll,5,2.5,3.0,8da972d72aa8c361,+,0,0.2,0.0,21c139db4255be4c,21c139db4255be4c_px4_position_0_alt_drift_h1_g20_plus_repeat0,0,0.008349418640136719,1.9335999976602634,0.9594635994223001
20,roll,5,2.5,3.0,8da972d72aa8c361,+,1,0.2,0.0,21c139db4255be4c,21c139db4255be4c_px4_position_0_alt_drift_h1_g20_plus_repeat1,0,0.03799724578857422,1.9586691575286486,0.9598062399524483
20,roll,5,2.5,3.0,8da972d72aa8c361,+,2,0.2,0.0,21c139db4255be4c,21c139db4255be4c_px4_position_0_alt_drift_h1_g20_plus_repeat2,0,-0.01003265380859375,1.9624106356233937,0.9749207731882548
20,roll,5,2.5,3.0,8da972d72aa8c361,+,3,0.2,0.0,21c139db4255be4c,21c139db4255be4c_px4_position_0_alt_drift_h1_g20_plus_repeat3,0,0.027367591857910156,1.9696423651718427,0.9739793828070423
20,roll,5,2.5,3.0,8da972d72aa8c361,+,4,0.2,0.0,21c139db4255be4c,21c139db4255be4c_px4_position_0_alt_drift_h1_g20_plus_repeat4,0,0.08639907836914062,1.9775002652575482,0.9698582341223514
20,roll,5,2.5,3.0,8da972d72aa8c361,-,0,0.2,0.0,b82aca9d67f69350,b82aca9d67f69350_px4_position_0_alt_drift_h1_g20_minus_repeat0,0,0.028322219848632812,1.9725081041727333,0.9735622748688112
20,roll,5,2.5,3.0,8da972d72aa8c361,-,1,0.2,0.0,b82aca9d67f69350,b82aca9d67f69350_px4_position_0_alt_drift_h1_g20_minus_repeat1,0,0.0048732757568359375,1.975031547122853,0.9800644336967435
20,roll,5,2.5,3.0,8da972d72aa8c361,-,2,0.2,0.0,b82aca9d67f69350,b82aca9d67f69350_px4_position_0_alt_drift_h1_g20_minus_repeat2,0,0.06929302215576172,1.944402442402658,0.96373704178142
20,roll,5,2.5,3.0,8da972d72aa8c361,-,3,0.2,0.0,b82aca9d67f69350,b82aca9d67f69350_px4_position_0_alt_drift_h1_g20_minus_repeat3,0,0.04268932342529297,1.9650551230582183,0.9622227265909795
20,roll,5,2.5,3.0,8da972d72aa8c361,-,4,0.2,0.0,b82aca9d67f69350,b82aca9d67f69350_px4_position_0_alt_drift_h1_g20_minus_repeat4,0,0.021345138549804688,1.9285708728496604,0.9560435188168263
21,pitch,5,2.5,3.0,8da972d72aa8c361,+,0,0.2,0.0,eff9ef27cffcee14,eff9ef27cffcee14_px4_position_0_alt_drift_h1_g21_plus_repeat0,0,0.03429412841796875,1.9611446716125502,0.9738678931427398
21,pitch,5,2.5,3.0,8da972d72aa8c361,+,1,0.2,0.0,eff9ef27cffcee14,eff9ef27cffcee14_px4_position_0_alt_drift_h1_g21_plus_repeat1,0,0.02715587615966797,1.9308718451133062,0.9602774959773968
21,pitch,5,2.5,3.0,8da972d72aa8c361,+,2,0.2,0.0,eff9ef27cffcee14,eff9ef27cffcee14_px4_position_0_alt_drift_h1_g21_plus_repeat2,0,0.009744644165039062,1.9646404028762852,0.9781152882309128
21,pitch,5,2.5,3.0,8da972d72aa8c361,+,3,0.2,0.0,eff9ef27cffcee14,eff9ef27cffcee14_px4_position_0_alt_drift_h1_g21_plus_repeat3,0,-0.02463245391845703,1.9370779713529724,0.9615192789242657
21,pitch,5,2.5,3.0,8da972d72aa8c361,+,4,0.2,0.0,eff9ef27cffcee14,eff9ef27cffcee14_px4_position_0_alt_drift_h1_g21_plus_repeat4,0,0.031989097595214844,1.944814478533497,0.9649925852086765
21,pitch,5,2.5,3.0,8da972d72aa8c361,-,0,0.2,0.0,aef31dc72a80541e,aef31dc72a80541e_px4_position_0_alt_drift_h1_g21_minus_repeat0,0,0.00330352783203125,1.9376641322233685,0.9679061538391494
21,pitch,5,2.5,3.0,8da972d72aa8c361,-,1,0.2,0.0,aef31dc72a80541e,aef31dc72a80541e_px4_position_0_alt_drift_h1_g21_minus_repeat1,0,0.012988090515136719,1.9546910779732156,0.9671631490980948
21,pitch,5,2.5,3.0,8da972d72aa8c361,-,2,0.2,0.0,aef31dc72a80541e,aef31dc72a80541e_px4_position_0_alt_drift_h1_g21_minus_repeat2,0,-0.024298667907714844,1.9473093814497104,0.9680738356294603
21,pitch,5,2.5,3.0,8da972d72aa8c361,-,3,0.2,0.0,aef31dc72a80541e,aef31dc72a80541e_px4_position_0_alt_drift_h1_g21_minus_repeat3,0,0.040205955505371094,1.9501661466967506,0.9646046064358518
21,pitch,5,2.5,3.0,8da972d72aa8c361,-,4,0.2,0.0,aef31dc72a80541e,aef31dc72a80541e_px4_position_0_alt_drift_h1_g21_minus_repeat4,0,0.037273406982421875,1.9632550998133667,0.9781706166253393
22,yaw,5,2.5,3.0,8da972d72aa8c361,+,0,0.2,0.0,791bc28c921f3575,791bc28c921f3575_px4_position_0_alt_drift_h1_g22_plus_repeat0,0,0.03241920471191406,1.935813840309878,0.9573633834425513
22,yaw,5,2.5,3.0,8da972d72aa8c361,+,1,0.2,0.0,791bc28c921f3575,791bc28c921f3575_px4_position_0_alt_drift_h1_g22_plus_repeat1,0,0.04636096954345703,1.9520320245649063,0.9542574874243306
22,yaw,5,2.5,3.0,8da972d72aa8c361,+,2,0.2,0.0,791bc28c921f3575,791bc28c921f3575_px4_position_0_alt_drift_h1_g22_plus_repeat2,0,-0.008008003234863281,1.9511640989678392,0.9600092486035903
22,yaw,5,2.5,3.0,8da972d72aa8c361,+,3,0.2,0.0,791bc28c921f3575,791bc28c921f3575_px4_position_0_alt_drift_h1_g22_plus_repeat3,0,0.01546478271484375,1.9408745667238927,0.9673601935053521
22,yaw,5,2.5,3.0,8da972d72aa8c361,+,4,0.2,0.0,791bc28c921f3575,791bc28c921f3575_px4_position_0_alt_drift_h1_g22_plus_repeat4,0,0.0063037872314453125,1.9127976932984123,0.9565775232990504
22,yaw,5,2.5,3.0,8da972d72aa8c361,-,0,0.2,0.0,3330850cc1faa45a,3330850cc1faa45a_px4_position_0_alt_drift_h1_g22_minus_repeat0,0,0.0211029052734375,1.9662907094886088,0.9781729835357399
22,yaw,5,2.5,3.0,8da972d72aa8c361,-,1,0.2,0.0,3330850cc1faa45a,3330850cc1faa45a_px4_position_0_alt_drift_h1_g22_minus_repeat1,0,0.019951820373535156,1.9391854859466282,0.9732489016168581
22,yaw,5,2.5,3.0,8da972d72aa8c361,-,2,0.2,0.0,3330850cc1faa45a,3330850cc1faa45a_px4_position_0_alt_drift_h1_g22_minus_repeat2,0,0.022269248962402344,1.9171927906636148,0.9397574832231208
22,yaw,5,2.5,3.0,8da972d72aa8c361,-,3,0.2,0.0,3330850cc1faa45a,3330850cc1faa45a_px4_position_0_alt_drift_h1_g22_minus_repeat3,0,0.04168415069580078,1.954841176068195,0.9539528685198345
22,yaw,5,2.5,3.0,8da972d72aa8c361,-,4,0.2,0.0,3330850cc1faa45a,3330850cc1faa45a_px4_position_0_alt_drift_h1_g22_minus_repeat4,0,0.018947601318359375,1.9283396203365257,0.9571110673665735
23,throttle,5,2.5,3.0,8da972d72aa8c361,+,0,0.2,0.0,a0a9e05d8f545755,a0a9e05d8f545755_px4_position_0_alt_drift_h1_g23_plus_repeat0,0,-0.010423660278320312,1.9529927087671688,0.967573739824887
23,throttle,5,2.5,3.0,8da972d72aa8c361,+,1,0.2,0.0,a0a9e05d8f545755,a0a9e05d8f545755_px4_position_0_alt_drift_h1_g23_plus_repeat1,0,-0.00466156005859375,1.9509663877239938,0.9598562518433379
23,throttle,5,2.5,3.0,8da972d72aa8c361,+,2,0.2,0.0,a0a9e05d8f545755,a0a9e05d8f545755_px4_position_0_alt_drift_h1_g23_plus_repeat2,0,-0.007213592529296875,1.9327697136364699,0.9627940129869225
23,throttle,5,2.5,3.0,8da972d72aa8c361,+,3,0.2,0.0,a0a9e05d8f545755,a0a9e05d8f545755_px4_position_0_alt_drift_h1_g23_plus_repeat3,0,0.043186187744140625,1.9707158514041654,0.9714327513903259
23,throttle,5,2.5,3.0,8da972d72aa8c361,+,4,0.2,0.0,a0a9e05d8f545755,a0a9e05d8f545755_px4_position_0_alt_drift_h1_g23_plus_repeat4,0,0.011753082275390625,1.9463301625661722,0.9596457651188197
23,throttle,5,2.5,3.0,8da972d72aa8c361,-,0,0.2,0.0,5df6ba1c03f72fcd,5df6ba1c03f72fcd_px4_position_0_alt_drift_h1_g23_minus_repeat0,0,0.030869483947753906,1.9505769030391098,0.965534328683894
23,throttle,5,2.5,3.0,8da972d72aa8c361,-,1,0.2,0.0,5df6ba1c03f72fcd,5df6ba1c03f72fcd_px4_position_0_alt_drift_h1_g23_minus_repeat1,0,0.04890155792236328,1.9615589853020237,0.9642711015945907
23,throttle,5,2.5,3.0,8da972d72aa8c361,-,2,0.2,0.0,5df6ba1c03f72fcd,5df6ba1c03f72fcd_px4_position_0_alt_drift_h1_g23_minus_repeat2,0,0.048694610595703125,1.9853947604115878,0.9782558341292472
23,throttle,5,2.5,3.0,8da972d72aa8c361,-,3,0.2,0.0,5df6ba1c03f72fcd,5df6ba1c03f72fcd_px4_position_0_alt_drift_h1_g23_minus_repeat3,0,0.055352210998535156,1.9498860003612508,0.9472046135814213
23,throttle,5,2.5,3.0,8da972d72aa8c361,-,4,0.2,0.0,5df6ba1c03f72fcd,5df6ba1c03f72fcd_px4_position_0_alt_drift_h1_g23_minus_repeat4,0,0.05947303771972656,1.9776945540769988,0.9701748486277657
24,roll,6,3.0,3.5,8da972d72aa8c361,+,0,0.2,0.0,b85c88c1e81995de,b85c88c1e81995de_px4_position_0_alt_drift_h1_g24_plus_repeat0,0,0.022728919982910156,1.9791206492783062,0.981362544772791
24,roll,6,3.0,3.5,8da972d72aa8c361,+,1,0.2,0.0,b85c88c1e81995de,b85c88c1e81995de_px4_position_0_alt_drift_h1_g24_plus_repeat1,0,0.037346839904785156,1.951589005748877,0.967737189187685
24,roll,6,3.0,3.5,8da972d72aa8c361,+,2,0.2,0.0,b85c88c1e81995de,b85c88c1e81995de_px4_position_0_alt_drift_h1_g24_plus_repeat2,0,0.03088092803955078,1.9690630322325413,0.9745458153900811
24,roll,6,3.0,3.5,8da972d72aa8c361,+,3,0.2,0.0,b85c88c1e81995de,b85c88c1e81995de_px4_position_0_alt_drift_h1_g24_plus_repeat3,0,0.026830673217773438,1.9689538136453884,0.9731188533702876
24,roll,6,3.0,3.5,8da972d72aa8c361,+,4,0.2,0.0,b85c88c1e81995de,b85c88c1e81995de_px4_position_0_alt_drift_h1_g24_plus_repeat4,0,0.010672569274902344,1.955584401670961,0.9653303056454189
24,roll,6,3.0,3.5,8da972d72aa8c361,-,0,0.2,0.0,2b03e44ba58e5e0b,2b03e44ba58e5e0b_px4_position_0_alt_drift_h1_g24_minus_repeat0,0,-0.015356063842773438,1.948619542491184,0.9665741423414249
24,roll,6,3.0,3.5,8da972d72aa8c361,-,1,0.2,0.0,2b03e44ba58e5e0b,2b03e44ba58e5e0b_px4_position_0_alt_drift_h1_g24_minus_repeat1,0,0.021274566650390625,1.9567191864694766,0.9736289827989135
24,roll,6,3.0,3.5,8da972d72aa8c361,-,2,0.2,0.0,2b03e44ba58e5e0b,2b03e44ba58e5e0b_px4_position_0_alt_drift_h1_g24_minus_repeat2,0,0.057114601135253906,1.968978799941014,0.96381077532744
24,roll,6,3.0,3.5,8da972d72aa8c361,-,3,0.2,0.0,2b03e44ba58e5e0b,2b03e44ba58e5e0b_px4_position_0_alt_drift_h1_g24_minus_repeat3,0,0.008996963500976562,1.9496177593298352,0.9554144551411692
24,roll,6,3.0,3.5,8da972d72aa8c361,-,4,0.2,0.0,2b03e44ba58e5e0b,2b03e44ba58e5e0b_px4_position_0_alt_drift_h1_g24_minus_repeat4,0,-0.0007104873657226562,1.9429853446598433,0.9651949005927016
25,pitch,6,3.0,3.5,8da972d72aa8c361,+,0,0.2,0.0,9bac95e9be8be9ec,9bac95e9be8be9ec_px4_position_0_alt_drift_h1_g25_plus_repeat0,0,-0.0009021759033203125,1.971326736725149,0.9669366002456466
25,pitch,6,3.0,3.5,8da972d72aa8c361,+,1,0.2,0.0,9bac95e9be8be9ec,9bac95e9be8be9ec_px4_position_0_alt_drift_h1_g25_plus_repeat1,0,0.024202346801757812,1.956176397394836,0.9773153459951434
25,pitch,6,3.0,3.5,8da972d72aa8c361,+,2,0.2,0.0,9bac95e9be8be9ec,9bac95e9be8be9ec_px4_position_0_alt_drift_h1_g25_plus_repeat2,0,-0.0019016265869140625,1.960616174000308,0.9639022077768862
25,pitch,6,3.0,3.5,8da972d72aa8c361,+,3,0.2,0.0,9bac95e9be8be9ec,9bac95e9be8be9ec_px4_position_0_alt_drift_h1_g25_plus_repeat3,0,0.0066051483154296875,1.9632845475594012,0.9737726774096517
25,pitch,6,3.0,3.5,8da972d72aa8c361,+,4,0.2,0.0,9bac95e9be8be9ec,9bac95e9be8be9ec_px4_position_0_alt_drift_h1_g25_plus_repeat4,0,0.04249000549316406,1.9505946341700928,0.9624863844657119
25,pitch,6,3.0,3.5,8da972d72aa8c361,-,0,0.2,0.0,0b449f196bcdcb39,0b449f196bcdcb39_px4_position_0_alt_drift_h1_g25_minus_repeat0,0,0.040856361389160156,1.9626495526452585,0.9758277426756773
25,pitch,6,3.0,3.5,8da972d72aa8c361,-,1,0.2,0.0,0b449f196bcdcb39,0b449f196bcdcb39_px4_position_0_alt_drift_h1_g25_minus_repeat1,0,0.031868934631347656,1.9391387733647785,0.9587053049126164
25,pitch,6,3.0,3.5,8da972d72aa8c361,-,2,0.2,0.0,0b449f196bcdcb39,0b449f196bcdcb39_px4_position_0_alt_drift_h1_g25_minus_repeat2,0,0.013773918151855469,1.9798937576276219,0.9664592138196191
25,pitch,6,3.0,3.5,8da972d72aa8c361,-,3,0.2,0.0,0b449f196bcdcb39,0b449f196bcdcb39_px4_position_0_alt_drift_h1_g25_minus_repeat3,0,0.022284507751464844,1.9372442420161693,0.9624186818103312
25,pitch,6,3.0,3.5,8da972d72aa8c361,-,4,0.2,0.0,0b449f196bcdcb39,0b449f196bcdcb39_px4_position_0_alt_drift_h1_g25_minus_repeat4,0,-0.014385223388671875,1.9585312278272027,0.9637183116101218
26,yaw,6,3.0,3.5,8da972d72aa8c361,+,0,0.2,0.0,dfb62fcba0071b76,dfb62fcba0071b76_px4_position_0_alt_drift_h1_g26_plus_repeat0,0,0.009358406066894531,1.9689399581528535,0.9570732009643699
26,yaw,6,3.0,3.5,8da972d72aa8c361,+,1,0.2,0.0,dfb62fcba0071b76,dfb62fcba0071b76_px4_position_0_alt_drift_h1_g26_plus_repeat1,0,0.05935859680175781,1.9772526796667755,0.9694187030342738
26,yaw,6,3.0,3.5,8da972d72aa8c361,+,2,0.2,0.0,dfb62fcba0071b76,dfb62fcba0071b76_px4_position_0_alt_drift_h1_g26_plus_repeat2,0,0.017208099365234375,1.934385862602158,0.9598706012649821
26,yaw,6,3.0,3.5,8da972d72aa8c361,+,3,0.2,0.0,dfb62fcba0071b76,dfb62fcba0071b76_px4_position_0_alt_drift_h1_g26_plus_repeat3,0,-0.005869865417480469,1.9081113057140786,0.9526751144734142
26,yaw,6,3.0,3.5,8da972d72aa8c361,+,4,0.2,0.0,dfb62fcba0071b76,dfb62fcba0071b76_px4_position_0_alt_drift_h1_g26_plus_repeat4,0,0.030855178833007812,1.9632517344960911,0.9741283160860207
26,yaw,6,3.0,3.5,8da972d72aa8c361,-,0,0.2,0.0,d2fe634c8faeeaa7,d2fe634c8faeeaa7_px4_position_0_alt_drift_h1_g26_minus_repeat0,0,0.023340225219726562,1.9333935998504244,0.9695497698802903
26,yaw,6,3.0,3.5,8da972d72aa8c361,-,1,0.2,0.0,d2fe634c8faeeaa7,d2fe634c8faeeaa7_px4_position_0_alt_drift_h1_g26_minus_repeat1,0,-0.0031948089599609375,1.945906520650241,0.9730189111192007
26,yaw,6,3.0,3.5,8da972d72aa8c361,-,2,0.2,0.0,d2fe634c8faeeaa7,d2fe634c8faeeaa7_px4_position_0_alt_drift_h1_g26_minus_repeat2,0,0.040917396545410156,1.9518359202273572,0.954772137627077
26,yaw,6,3.0,3.5,8da972d72aa8c361,-,3,0.2,0.0,d2fe634c8faeeaa7,d2fe634c8faeeaa7_px4_position_0_alt_drift_h1_g26_minus_repeat3,0,-0.014609336853027344,1.9499647054076643,0.9596134461449635
26,yaw,6,3.0,3.5,8da972d72aa8c361,-,4,0.2,0.0,d2fe634c8faeeaa7,d2fe634c8faeeaa7_px4_position_0_alt_drift_h1_g26_minus_repeat4,0,0.052041053771972656,1.950726929441075,0.9719502390036132
27,throttle,6,3.0,3.5,8da972d72aa8c361,+,0,0.2,0.0,88857a7c4f69e2c4,88857a7c4f69e2c4_px4_position_0_alt_drift_h1_g27_plus_repeat0,0,0.023143768310546875,1.9540637372601708,0.975166466595097
27,throttle,6,3.0,3.5,8da972d72aa8c361,+,1,0.2,0.0,88857a7c4f69e2c4,88857a7c4f69e2c4_px4_position_0_alt_drift_h1_g27_plus_repeat1,0,-0.011661529541015625,1.9701003170718763,0.9751995469718548
27,throttle,6,3.0,3.5,8da972d72aa8c361,+,2,0.2,0.0,88857a7c4f69e2c4,88857a7c4f69e2c4_px4_position_0_alt_drift_h1_g27_plus_repeat2,0,0.009224891662597656,1.9680358653975294,0.9699023145284268
27,throttle,6,3.0,3.5,8da972d72aa8c361,+,3,0.2,0.0,88857a7c4f69e2c4,88857a7c4f69e2c4_px4_position_0_alt_drift_h1_g27_plus_repeat3,0,-0.005019187927246094,1.9491806811137449,0.9547426162533469
27,throttle,6,3.0,3.5,8da972d72aa8c361,+,4,0.2,0.0,88857a7c4f69e2c4,88857a7c4f69e2c4_px4_position_0_alt_drift_h1_g27_plus_repeat4,0,-0.00946807861328125,1.9309253586103268,0.9477777341496745
27,throttle,6,3.0,3.5,8da972d72aa8c361,-,0,0.2,0.0,f1aeaa34249df0ee,f1aeaa34249df0ee_px4_position_0_alt_drift_h1_g27_minus_repeat0,0,0.07369041442871094,1.945527082739304,0.9713390128953592
27,throttle,6,3.0,3.5,8da972d72aa8c361,-,1,0.2,0.0,f1aeaa34249df0ee,f1aeaa34249df0ee_px4_position_0_alt_drift_h1_g27_minus_repeat1,0,0.057697296142578125,1.9333117110710814,0.9559747910387433
27,throttle,6,3.0,3.5,8da972d72aa8c361,-,2,0.2,0.0,f1aeaa34249df0ee,f1aeaa34249df0ee_px4_position_0_alt_drift_h1_g27_minus_repeat2,0,-0.17446660995483398,1.9448542025214104,0.955792483813533
27,throttle,6,3.0,3.5,8da972d72aa8c361,-,3,0.2,0.0,f1aeaa34249df0ee,f1aeaa34249df0ee_px4_position_0_alt_drift_h1_g27_minus_repeat3,0,0.03531932830810547,1.9394136899499184,0.9487092499902248
27,throttle,6,3.0,3.5,8da972d72aa8c361,-,4,0.2,0.0,f1aeaa34249df0ee,f1aeaa34249df0ee_px4_position_0_alt_drift_h1_g27_minus_repeat4,0,0.04015541076660156,1.946753074926036,0.9727717375394039
28,roll,7,3.5,4.0,8da972d72aa8c361,+,0,0.2,0.0,3c03e5b404b1fc4f,3c03e5b404b1fc4f_px4_position_0_alt_drift_h1_g28_plus_repeat0,0,0.01730823516845703,1.9540407758179075,0.969098088375017
28,roll,7,3.5,4.0,8da972d72aa8c361,+,1,0.2,0.0,3c03e5b404b1fc4f,3c03e5b404b1fc4f_px4_position_0_alt_drift_h1_g28_plus_repeat1,0,-0.03549766540527344,1.9592029222550313,0.9766402227867501
28,roll,7,3.5,4.0,8da972d72aa8c361,+,2,0.2,0.0,3c03e5b404b1fc4f,3c03e5b404b1fc4f_px4_position_0_alt_drift_h1_g28_plus_repeat2,0,0.035737037658691406,1.9276213929653674,0.9469749250462832
28,roll,7,3.5,4.0,8da972d72aa8c361,+,3,0.2,0.0,3c03e5b404b1fc4f,3c03e5b404b1fc4f_px4_position_0_alt_drift_h1_g28_plus_repeat3,0,-0.0015964508056640625,1.972536635441423,0.9602749282650153
28,roll,7,3.5,4.0,8da972d72aa8c361,+,4,0.2,0.0,3c03e5b404b1fc4f,3c03e5b404b1fc4f_px4_position_0_alt_drift_h1_g28_plus_repeat4,0,0.04883575439453125,1.981791890945642,0.983885897289432
28,roll,7,3.5,4.0,8da972d72aa8c361,-,0,0.2,0.0,de5bfd1304edcf3c,de5bfd1304edcf3c_px4_position_0_alt_drift_h1_g28_minus_repeat0,0,0.06756973266601562,1.9320957902419713,0.9582974445201691
28,roll,7,3.5,4.0,8da972d72aa8c361,-,1,0.2,0.0,de5bfd1304edcf3c,de5bfd1304edcf3c_px4_position_0_alt_drift_h1_g28_minus_repeat1,0,0.048743247985839844,1.9630988885112663,0.9621468405254426
28,roll,7,3.5,4.0,8da972d72aa8c361,-,2,0.2,0.0,de5bfd1304edcf3c,de5bfd1304edcf3c_px4_position_0_alt_drift_h1_g28_minus_repeat2,0,-0.0031175613403320312,1.9686618368442041,0.9677976495153798
28,roll,7,3.5,4.0,8da972d72aa8c361,-,3,0.2,0.0,de5bfd1304edcf3c,de5bfd1304edcf3c_px4_position_0_alt_drift_h1_g28_minus_repeat3,0,0.011488914489746094,1.9540261769935516,0.9740330369437238
28,roll,7,3.5,4.0,8da972d72aa8c361,-,4,0.2,0.0,de5bfd1304edcf3c,de5bfd1304edcf3c_px4_position_0_alt_drift_h1_g28_minus_repeat4,0,0.03066253662109375,1.9781372921584663,0.9812938400818025
29,pitch,7,3.5,4.0,8da972d72aa8c361,+,0,0.2,0.0,e04b276f954d78fa,e04b276f954d78fa_px4_position_0_alt_drift_h1_g29_plus_repeat0,0,0.07733631134033203,1.962450452103874,0.9644594226294666
29,pitch,7,3.5,4.0,8da972d72aa8c361,+,1,0.2,0.0,e04b276f954d78fa,e04b276f954d78fa_px4_position_0_alt_drift_h1_g29_plus_repeat1,0,0.05212879180908203,1.9614145035943877,0.9717619131843035
29,pitch,7,3.5,4.0,8da972d72aa8c361,+,2,0.2,0.0,e04b276f954d78fa,e04b276f954d78fa_px4_position_0_alt_drift_h1_g29_plus_repeat2,0,0.03014850616455078,1.9668439821916717,0.9840540828424039
29,pitch,7,3.5,4.0,8da972d72aa8c361,+,3,0.2,0.0,e04b276f954d78fa,e04b276f954d78fa_px4_position_0_alt_drift_h1_g29_plus_repeat3,0,-0.0059528350830078125,1.9653856350319139,0.9656621656355493
29,pitch,7,3.5,4.0,8da972d72aa8c361,+,4,0.2,0.0,e04b276f954d78fa,e04b276f954d78fa_px4_position_0_alt_drift_h1_g29_plus_repeat4,0,-0.0019636154174804688,1.9517763054683908,0.970232938210245
29,pitch,7,3.5,4.0,8da972d72aa8c361,-,0,0.2,0.0,775298fbe22c1b21,775298fbe22c1b21_px4_position_0_alt_drift_h1_g29_minus_repeat0,0,0.04729938507080078,1.9410406949072712,0.9527945860691382
29,pitch,7,3.5,4.0,8da972d72aa8c361,-,1,0.2,0.0,775298fbe22c1b21,775298fbe22c1b21_px4_position_0_alt_drift_h1_g29_minus_repeat1,0,0.022220611572265625,1.9708233470427658,0.9759504459071834
29,pitch,7,3.5,4.0,8da972d72aa8c361,-,2,0.2,0.0,775298fbe22c1b21,775298fbe22c1b21_px4_position_0_alt_drift_h1_g29_minus_repeat2,0,0.026552200317382812,1.9540543375839892,0.9460058219111728
29,pitch,7,3.5,4.0,8da972d72aa8c361,-,3,0.2,0.0,775298fbe22c1b21,775298fbe22c1b21_px4_position_0_alt_drift_h1_g29_minus_repeat3,0,0.004824638366699219,1.9442869078269391,0.961438529787591
29,pitch,7,3.5,4.0,8da972d72aa8c361,-,4,0.2,0.0,775298fbe22c1b21,775298fbe22c1b21_px4_position_0_alt_drift_h1_g29_minus_repeat4,0,0.012905120849609375,1.966902770265122,0.9674527850485235
30,yaw,7,3.5,4.0,8da972d72aa8c361,+,0,0.2,0.0,d51bc53d31afff38,d51bc53d31afff38_px4_position_0_alt_drift_h1_g30_plus_repeat0,0,0.015717506408691406,1.9474620527807365,0.962310029174648
30,yaw,7,3.5,4.0,8da972d72aa8c361,+,1,0.2,0.0,d51bc53d31afff38,d51bc53d31afff38_px4_position_0_alt_drift_h1_g30_plus_repeat1,0,0.04404163360595703,1.9610281261679805,0.9687740364843406
30,yaw,7,3.5,4.0,8da972d72aa8c361,+,2,0.2,0.0,d51bc53d31afff38,d51bc53d31afff38_px4_position_0_alt_drift_h1_g30_plus_repeat2,0,0.021559715270996094,1.936613070074057,0.9605495425594053
30,yaw,7,3.5,4.0,8da972d72aa8c361,+,3,0.2,0.0,d51bc53d31afff38,d51bc53d31afff38_px4_position_0_alt_drift_h1_g30_plus_repeat3,0,0.029189109802246094,1.9325674736422351,0.9675509300280337
30,yaw,7,3.5,4.0,8da972d72aa8c361,+,4,0.2,0.0,d51bc53d31afff38,d51bc53d31afff38_px4_position_0_alt_drift_h1_g30_plus_repeat4,0,0.06626129150390625,1.9695630820275354,0.9724487691896625
30,yaw,7,3.5,4.0,8da972d72aa8c361,-,0,0.2,0.0,b6a071e19a488e2c,b6a071e19a488e2c_px4_position_0_alt_drift_h1_g30_minus_repeat0,0,0.00024700164794921875,1.9490269369704718,0.95367298808084
30,yaw,7,3.5,4.0,8da972d72aa8c361,-,1,0.2,0.0,b6a071e19a488e2c,b6a071e19a488e2c_px4_position_0_alt_drift_h1_g30_minus_repeat1,0,0.023790359497070312,1.9585585632876645,0.9566777572859188
30,yaw,7,3.5,4.0,8da972d72aa8c361,-,2,0.2,0.0,b6a071e19a488e2c,b6a071e19a488e2c_px4_position_0_alt_drift_h1_g30_minus_repeat2,0,0.0115509033203125,1.967915080925624,0.9759733429586877
30,yaw,7,3.5,4.0,8da972d72aa8c361,-,3,0.2,0.0,b6a071e19a488e2c,b6a071e19a488e2c_px4_position_0_alt_drift_h1_g30_minus_repeat3,0,-0.012098312377929688,1.9691633440252063,0.9767369075213115
30,yaw,7,3.5,4.0,8da972d72aa8c361,-,4,0.2,0.0,b6a071e19a488e2c,b6a071e19a488e2c_px4_position_0_alt_drift_h1_g30_minus_repeat4,0,0.012157440185546875,1.9264973074999405,0.9657164294663103
31,throttle,7,3.5,4.0,8da972d72aa8c361,+,0,0.2,0.0,96c26bce21a6d219,96c26bce21a6d219_px4_position_0_alt_drift_h1_g31_plus_repeat0,0,0.020654678344726562,1.9670279799534867,0.9632956630747593
31,throttle,7,3.5,4.0,8da972d72aa8c361,+,1,0.2,0.0,96c26bce21a6d219,96c26bce21a6d219_px4_position_0_alt_drift_h1_g31_plus_repeat1,0,0.01940155029296875,1.9433688730456233,0.9632814368531131
31,throttle,7,3.5,4.0,8da972d72aa8c361,+,2,0.2,0.0,96c26bce21a6d219,96c26bce21a6d219_px4_position_0_alt_drift_h1_g31_plus_repeat2,0,0.07623958587646484,1.951229571901285,0.9594747373905689
31,throttle,7,3.5,4.0,8da972d72aa8c361,+,3,0.2,0.0,96c26bce21a6d219,96c26bce21a6d219_px4_position_0_alt_drift_h1_g31_plus_repeat3,0,0.12214946746826172,1.9450365538855248,0.9601688285918084
31,throttle,7,3.5,4.0,8da972d72aa8c361,+,4,0.2,0.0,96c26bce21a6d219,96c26bce21a6d219_px4_position_0_alt_drift_h1_g31_plus_repeat4,0,0.12400150299072266,1.9591816662035964,0.9753284653286023
31,throttle,7,3.5,4.0,8da972d72aa8c361,-,0,0.2,0.0,25bd194c02a83f4d,25bd194c02a83f4d_px4_position_0_alt_drift_h1_g31_minus_repeat0,0,0.075469970703125,1.9551215018723167,0.9737394214462918
31,throttle,7,3.5,4.0,8da972d72aa8c361,-,1,0.2,0.0,25bd194c02a83f4d,25bd194c02a83f4d_px4_position_0_alt_drift_h1_g31_minus_repeat1,0,0.10889148712158203,1.9579982739516752,0.9564033480028092
31,throttle,7,3.5,4.0,8da972d72aa8c361,-,2,0.2,0.0,25bd194c02a83f4d,25bd194c02a83f4d_px4_position_0_alt_drift_h1_g31_minus_repeat2,0,0.05281352996826172,1.9578738829537985,0.9574348608763623
31,throttle,7,3.5,4.0,8da972d72aa8c361,-,3,0.2,0.0,25bd194c02a83f4d,25bd194c02a83f4d_px4_position_0_alt_drift_h1_g31_minus_repeat3,0,0.05864715576171875,1.9555983880898016,0.9628058063289535
31,throttle,7,3.5,4.0,8da972d72aa8c361,-,4,0.2,0.0,25bd194c02a83f4d,25bd194c02a83f4d_px4_position_0_alt_drift_h1_g31_minus_repeat4,0,0.08382129669189453,1.9437124872702234,0.936728684212198
32,roll,8,4.0,4.5,8da972d72aa8c361,+,0,0.2,0.0,fc3a7f0035e09e13,fc3a7f0035e09e13_px4_position_0_alt_drift_h1_g32_plus_repeat0,0,0.00847625732421875,1.9510511917588733,0.9627009644342162
32,roll,8,4.0,4.5,8da972d72aa8c361,+,1,0.2,0.0,fc3a7f0035e09e13,fc3a7f0035e09e13_px4_position_0_alt_drift_h1_g32_plus_repeat1,0,0.036701202392578125,1.937109432811347,0.9375549434003188
32,roll,8,4.0,4.5,8da972d72aa8c361,+,2,0.2,0.0,fc3a7f0035e09e13,fc3a7f0035e09e13_px4_position_0_alt_drift_h1_g32_plus_repeat2,0,0.057364463806152344,1.9541041036185578,0.9594986417098279
32,roll,8,4.0,4.5,8da972d72aa8c361,+,3,0.2,0.0,fc3a7f0035e09e13,fc3a7f0035e09e13_px4_position_0_alt_drift_h1_g32_plus_repeat3,0,0.06161212921142578,1.9377756552786702,0.9482858090389621
32,roll,8,4.0,4.5,8da972d72aa8c361,+,4,0.2,0.0,fc3a7f0035e09e13,fc3a7f0035e09e13_px4_position_0_alt_drift_h1_g32_plus_repeat4,0,0.0141754150390625,1.9546012082699344,0.9537191559521048
32,roll,8,4.0,4.5,8da972d72aa8c361,-,0,0.2,0.0,09f834d08b023c0c,09f834d08b023c0c_px4_position_0_alt_drift_h1_g32_minus_repeat0,0,0.05174827575683594,1.9601844471671548,0.9644029230367919
32,roll,8,4.0,4.5,8da972d72aa8c361,-,1,0.2,0.0,09f834d08b023c0c,09f834d08b023c0c_px4_position_0_alt_drift_h1_g32_minus_repeat1,0,-0.010884284973144531,1.966302525535947,0.9758984169364735
32,roll,8,4.0,4.5,8da972d72aa8c361,-,2,0.2,0.0,09f834d08b023c0c,09f834d08b023c0c_px4_position_0_alt_drift_h1_g32_minus_repeat2,0,0.01762866973876953,1.964394173480699,0.9724160416162682
32,roll,8,4.0,4.5,8da972d72aa8c361,-,3,0.2,0.0,09f834d08b023c0c,09f834d08b023c0c_px4_position_0_alt_drift_h1_g32_minus_repeat3,0,0.01056671142578125,1.938957162743286,0.9482822060757086
32,roll,8,4.0,4.5,8da972d72aa8c361,-,4,0.2,0.0,09f834d08b023c0c,09f834d08b023c0c_px4_position_0_alt_drift_h1_g32_minus_repeat4,0,0.0367431640625,1.9266162025021938,0.9460883462314991
33,pitch,8,4.0,4.5,8da972d72aa8c361,+,0,0.2,0.0,5f216e55853accf8,5f216e55853accf8_px4_position_0_alt_drift_h1_g33_plus_repeat0,0,0.05578136444091797,1.970525548122788,0.9753273676815222
33,pitch,8,4.0,4.5,8da972d72aa8c361,+,1,0.2,0.0,5f216e55853accf8,5f216e55853accf8_px4_position_0_alt_drift_h1_g33_plus_repeat1,0,0.031585693359375,1.9552910922096034,0.9618986165902369
33,pitch,8,4.0,4.5,8da972d72aa8c361,+,2,0.2,0.0,5f216e55853accf8,5f216e55853accf8_px4_position_0_alt_drift_h1_g33_plus_repeat2,0,0.017717361450195312,1.9488776484082277,0.9563466073294811
33,pitch,8,4.0,4.5,8da972d72aa8c361,+,3,0.2,0.0,5f216e55853accf8,5f216e55853accf8_px4_position_0_alt_drift_h1_g33_plus_repeat3,0,0.07685375213623047,1.9790167485037218,0.9777579249535473
33,pitch,8,4.0,4.5,8da972d72aa8c361,+,4,0.2,0.0,5f216e55853accf8,5f216e55853accf8_px4_position_0_alt_drift_h1_g33_plus_repeat4,0,0.01860332489013672,1.9417135422630285,0.9559292319326484
33,pitch,8,4.0,4.5,8da972d72aa8c361,-,0,0.2,0.0,4924845c8e91e1c4,4924845c8e91e1c4_px4_position_0_alt_drift_h1_g33_minus_repeat0,0,0.01783466339111328,1.9564349783903758,0.9643754685796393
33,pitch,8,4.0,4.5,8da972d72aa8c361,-,1,0.2,0.0,4924845c8e91e1c4,4924845c8e91e1c4_px4_position_0_alt_drift_h1_g33_minus_repeat1,0,0.034949302673339844,1.9819694252280984,0.9812165553454163
33,pitch,8,4.0,4.5,8da972d72aa8c361,-,2,0.2,0.0,4924845c8e91e1c4,4924845c8e91e1c4_px4_position_0_alt_drift_h1_g33_minus_repeat2,0,0.0008335113525390625,1.968618205617103,0.971904938021161
33,pitch,8,4.0,4.5,8da972d72aa8c361,-,3,0.2,0.0,4924845c8e91e1c4,4924845c8e91e1c4_px4_position_0_alt_drift_h1_g33_minus_repeat3,0,0.11659717559814453,1.96753808406689,0.9615701661018221
33,pitch,8,4.0,4.5,8da972d72aa8c361,-,4,0.2,0.0,4924845c8e91e1c4,4924845c8e91e1c4_px4_position_0_alt_drift_h1_g33_minus_repeat4,0,0.028141021728515625,1.9658224433736793,0.9704809257500807
34,yaw,8,4.0,4.5,8da972d72aa8c361,+,0,0.2,0.0,9bcce7471d5ba3b6,9bcce7471d5ba3b6_px4_position_0_alt_drift_h1_g34_plus_repeat0,0,0.057723045349121094,1.9257824229848877,0.9617244139335904
34,yaw,8,4.0,4.5,8da972d72aa8c361,+,1,0.2,0.0,9bcce7471d5ba3b6,9bcce7471d5ba3b6_px4_position_0_alt_drift_h1_g34_plus_repeat1,0,0.018357276916503906,1.9482105128305551,0.9658043320006668
34,yaw,8,4.0,4.5,8da972d72aa8c361,+,2,0.2,0.0,9bcce7471d5ba3b6,9bcce7471d5ba3b6_px4_position_0_alt_drift_h1_g34_plus_repeat2,0,0.03910541534423828,1.9548634822805127,0.9702923561423329
34,yaw,8,4.0,4.5,8da972d72aa8c361,+,3,0.2,0.0,9bcce7471d5ba3b6,9bcce7471d5ba3b6_px4_position_0_alt_drift_h1_g34_plus_repeat3,0,0.029270172119140625,1.9521436481650838,0.9590456876890058
34,yaw,8,4.0,4.5,8da972d72aa8c361,+,4,0.2,0.0,9bcce7471d5ba3b6,9bcce7471d5ba3b6_px4_position_0_alt_drift_h1_g34_plus_repeat4,0,0.06338024139404297,1.938261347113308,0.9681154704497985
34,yaw,8,4.0,4.5,8da972d72aa8c361,-,0,0.2,0.0,f360c571560f6662,f360c571560f6662_px4_position_0_alt_drift_h1_g34_minus_repeat0,0,0.044632911682128906,1.9334246277754286,0.9540498876552994
34,yaw,8,4.0,4.5,8da972d72aa8c361,-,1,0.2,0.0,f360c571560f6662,f360c571560f6662_px4_position_0_alt_drift_h1_g34_minus_repeat1,0,0.007702827453613281,1.9302080931601906,0.9533964868487522
34,yaw,8,4.0,4.5,8da972d72aa8c361,-,2,0.2,0.0,f360c571560f6662,f360c571560f6662_px4_position_0_alt_drift_h1_g34_minus_repeat2,0,0.03464317321777344,1.9594835409837645,0.9685945926149617
34,yaw,8,4.0,4.5,8da972d72aa8c361,-,3,0.2,0.0,f360c571560f6662,f360c571560f6662_px4_position_0_alt_drift_h1_g34_minus_repeat3,0,0.012090682983398438,1.9697836939430737,0.9752451407781935
34,yaw,8,4.0,4.5,8da972d72aa8c361,-,4,0.2,0.0,f360c571560f6662,f360c571560f6662_px4_position_0_alt_drift_h1_g34_minus_repeat4,0,0.049071311950683594,1.9590736871898993,0.9671953975885366
35,throttle,8,4.0,4.5,8da972d72aa8c361,+,0,0.2,0.0,b059aecc0c8507f9,b059aecc0c8507f9_px4_position_0_alt_drift_h1_g35_plus_repeat0,0,-0.7338247299194336,1.9365895358669716,0.9604292454745371
35,throttle,8,4.0,4.5,8da972d72aa8c361,+,1,0.2,0.0,b059aecc0c8507f9,b059aecc0c8507f9_px4_position_0_alt_drift_h1_g35_plus_repeat1,0,-0.9636869430541992,1.9523373733739773,0.9468568888738255
35,throttle,8,4.0,4.5,8da972d72aa8c361,+,2,0.2,0.0,b059aecc0c8507f9,b059aecc0c8507f9_px4_position_0_alt_drift_h1_g35_plus_repeat2,0,-1.1419801712036133,1.9710778086054968,0.9566524908054738
35,throttle,8,4.0,4.5,8da972d72aa8c361,+,3,0.2,0.0,b059aecc0c8507f9,b059aecc0c8507f9_px4_position_0_alt_drift_h1_g35_plus_repeat3,0,-0.7898588180541992,1.945325406120144,0.9612819480939538
35,throttle,8,4.0,4.5,8da972d72aa8c361,+,4,0.2,0.0,b059aecc0c8507f9,b059aecc0c8507f9_px4_position_0_alt_drift_h1_g35_plus_repeat4,0,-0.8297748565673828,1.9526192947538263,0.9591595452826166
35,throttle,8,4.0,4.5,8da972d72aa8c361,-,0,0.2,0.0,ac9fab5fec3ce735,ac9fab5fec3ce735_px4_position_0_alt_drift_h1_g35_minus_repeat0,0,-0.3968963623046875,1.963125071956622,0.966674305380979
35,throttle,8,4.0,4.5,8da972d72aa8c361,-,1,0.2,0.0,ac9fab5fec3ce735,ac9fab5fec3ce735_px4_position_0_alt_drift_h1_g35_minus_repeat1,0,-0.27883338928222656,1.976413023056609,0.985904321075487
35,throttle,8,4.0,4.5,8da972d72aa8c361,-,2,0.2,0.0,ac9fab5fec3ce735,ac9fab5fec3ce735_px4_position_0_alt_drift_h1_g35_minus_repeat2,0,-0.41197872161865234,1.9506062734825056,0.9631280194488494
35,throttle,8,4.0,4.5,8da972d72aa8c361,-,3,0.2,0.0,ac9fab5fec3ce735,ac9fab5fec3ce735_px4_position_0_alt_drift_h1_g35_minus_repeat3,0,-0.1707000732421875,1.9649481368292279,0.979824829483083
35,throttle,8,4.0,4.5,8da972d72aa8c361,-,4,0.2,0.0,ac9fab5fec3ce735,ac9fab5fec3ce735_px4_position_0_alt_drift_h1_g35_minus_repeat4,0,-0.37965869903564453,1.9745094966219023,0.9696421881503924
36,roll,9,4.5,5.0,8da972d72aa8c361,+,0,0.2,0.0,861a6e1ee06b693d,861a6e1ee06b693d_px4_position_0_alt_drift_h1_g36_plus_repeat0,0,0.04570960998535156,1.9353358216547876,0.957514898226693
36,roll,9,4.5,5.0,8da972d72aa8c361,+,1,0.2,0.0,861a6e1ee06b693d,861a6e1ee06b693d_px4_position_0_alt_drift_h1_g36_plus_repeat1,0,0.002777099609375,1.9490174190392016,0.9576609470535893
36,roll,9,4.5,5.0,8da972d72aa8c361,+,2,0.2,0.0,861a6e1ee06b693d,861a6e1ee06b693d_px4_position_0_alt_drift_h1_g36_plus_repeat2,0,0.02835559844970703,1.9634279412019056,0.9730700272539214
36,roll,9,4.5,5.0,8da972d72aa8c361,+,3,0.2,0.0,861a6e1ee06b693d,861a6e1ee06b693d_px4_position_0_alt_drift_h1_g36_plus_repeat3,0,0.039000511169433594,1.9599405946890875,0.9613660874409994
36,roll,9,4.5,5.0,8da972d72aa8c361,+,4,0.2,0.0,861a6e1ee06b693d,861a6e1ee06b693d_px4_position_0_alt_drift_h1_g36_plus_repeat4,0,0.03384113311767578,1.9613459529499544,0.9444110508380678
36,roll,9,4.5,5.0,8da972d72aa8c361,-,0,0.2,0.0,fbc1af83dae405f1,fbc1af83dae405f1_px4_position_0_alt_drift_h1_g36_minus_repeat0,0,0.033476829528808594,1.9562511064482528,0.9663250638031946
36,roll,9,4.5,5.0,8da972d72aa8c361,-,1,0.2,0.0,fbc1af83dae405f1,fbc1af83dae405f1_px4_position_0_alt_drift_h1_g36_minus_repeat1,0,-0.008385658264160156,1.9377916645374254,0.9622545338974886
36,roll,9,4.5,5.0,8da972d72aa8c361,-,2,0.2,0.0,fbc1af83dae405f1,fbc1af83dae405f1_px4_position_0_alt_drift_h1_g36_minus_repeat2,0,0.0040493011474609375,1.9253916440651204,0.9413367798297402
36,roll,9,4.5,5.0,8da972d72aa8c361,-,3,0.2,0.0,fbc1af83dae405f1,fbc1af83dae405f1_px4_position_0_alt_drift_h1_g36_minus_repeat3,0,0.0009584426879882812,1.9669903965187132,0.9650908431167249
36,roll,9,4.5,5.0,8da972d72aa8c361,-,4,0.2,0.0,fbc1af83dae405f1,fbc1af83dae405f1_px4_position_0_alt_drift_h1_g36_minus_repeat4,0,0.022667884826660156,1.9421062663295552,0.9522143087244188
37,pitch,9,4.5,5.0,8da972d72aa8c361,+,0,0.2,0.0,43322789f89d0e9f,43322789f89d0e9f_px4_position_0_alt_drift_h1_g37_plus_repeat0,0,0.04040336608886719,1.9365093609780133,0.9547617307033395
37,pitch,9,4.5,5.0,8da972d72aa8c361,+,1,0.2,0.0,43322789f89d0e9f,43322789f89d0e9f_px4_position_0_alt_drift_h1_g37_plus_repeat1,0,0.041390419006347656,1.9337033008466005,0.9549735713731781
37,pitch,9,4.5,5.0,8da972d72aa8c361,+,2,0.2,0.0,43322789f89d0e9f,43322789f89d0e9f_px4_position_0_alt_drift_h1_g37_plus_repeat2,0,0.05176734924316406,1.968633063628486,0.9670432965792393
37,pitch,9,4.5,5.0,8da972d72aa8c361,+,3,0.2,0.0,43322789f89d0e9f,43322789f89d0e9f_px4_position_0_alt_drift_h1_g37_plus_repeat3,0,0.025341033935546875,1.9632540008415431,0.9650857550543125
37,pitch,9,4.5,5.0,8da972d72aa8c361,+,4,0.2,0.0,43322789f89d0e9f,43322789f89d0e9f_px4_position_0_alt_drift_h1_g37_plus_repeat4,0,-0.008893013000488281,1.9348788985310772,0.9537518642061016
37,pitch,9,4.5,5.0,8da972d72aa8c361,-,0,0.2,0.0,20d8104cfddd638a,20d8104cfddd638a_px4_position_0_alt_drift_h1_g37_minus_repeat0,0,0.05030632019042969,1.959798198224296,0.9681868599111406
37,pitch,9,4.5,5.0,8da972d72aa8c361,-,1,0.2,0.0,20d8104cfddd638a,20d8104cfddd638a_px4_position_0_alt_drift_h1_g37_minus_repeat1,0,0.05691719055175781,1.92608394733229,0.9501191320669636
37,pitch,9,4.5,5.0,8da972d72aa8c361,-,2,0.2,0.0,20d8104cfddd638a,20d8104cfddd638a_px4_position_0_alt_drift_h1_g37_minus_repeat2,0,0.012264251708984375,1.975262253046077,0.9722156826653625
37,pitch,9,4.5,5.0,8da972d72aa8c361,-,3,0.2,0.0,20d8104cfddd638a,20d8104cfddd638a_px4_position_0_alt_drift_h1_g37_minus_repeat3,0,0.07450580596923828,1.958916872613086,0.9637125084260798
37,pitch,9,4.5,5.0,8da972d72aa8c361,-,4,0.2,0.0,20d8104cfddd638a,20d8104cfddd638a_px4_position_0_alt_drift_h1_g37_minus_repeat4,0,0.05978107452392578,1.941246561325737,0.9613378043730891
38,yaw,9,4.5,5.0,8da972d72aa8c361,+,0,0.2,0.0,88085e6babfd162e,88085e6babfd162e_px4_position_0_alt_drift_h1_g38_plus_repeat0,0,0.041461944580078125,1.957068705253733,0.9643624961693414
38,yaw,9,4.5,5.0,8da972d72aa8c361,+,1,0.2,0.0,88085e6babfd162e,88085e6babfd162e_px4_position_0_alt_drift_h1_g38_plus_repeat1,0,-0.0004825592041015625,1.9653997264456553,0.9653255633061014
38,yaw,9,4.5,5.0,8da972d72aa8c361,+,2,0.2,0.0,88085e6babfd162e,88085e6babfd162e_px4_position_0_alt_drift_h1_g38_plus_repeat2,0,0.01799488067626953,1.947706946418072,0.964930703880692
38,yaw,9,4.5,5.0,8da972d72aa8c361,+,3,0.2,0.0,88085e6babfd162e,88085e6babfd162e_px4_position_0_alt_drift_h1_g38_plus_repeat3,0,0.013399124145507812,1.9409381758475697,0.9636534832611918
38,yaw,9,4.5,5.0,8da972d72aa8c361,+,4,0.2,0.0,88085e6babfd162e,88085e6babfd162e_px4_position_0_alt_drift_h1_g38_plus_repeat4,0,0.06285381317138672,1.9720396184351077,0.9775218808756694
38,yaw,9,4.5,5.0,8da972d72aa8c361,-,0,0.2,0.0,e406b09a667a1e85,e406b09a667a1e85_px4_position_0_alt_drift_h1_g38_minus_repeat0,0,0.039361000061035156,1.9363295679024706,0.9562142356319827
38,yaw,9,4.5,5.0,8da972d72aa8c361,-,1,0.2,0.0,e406b09a667a1e85,e406b09a667a1e85_px4_position_0_alt_drift_h1_g38_minus_repeat1,0,0.022371292114257812,1.9482024626195602,0.960561501554609
38,yaw,9,4.5,5.0,8da972d72aa8c361,-,2,0.2,0.0,e406b09a667a1e85,e406b09a667a1e85_px4_position_0_alt_drift_h1_g38_minus_repeat2,0,0.04945182800292969,1.9323130275882852,0.9616646363657608
38,yaw,9,4.5,5.0,8da972d72aa8c361,-,3,0.2,0.0,e406b09a667a1e85,e406b09a667a1e85_px4_position_0_alt_drift_h1_g38_minus_repeat3,0,-0.0006561279296875,1.9271110521784796,0.9606167271386606
38,yaw,9,4.5,5.0,8da972d72aa8c361,-,4,0.2,0.0,e406b09a667a1e85,e406b09a667a1e85_px4_position_0_alt_drift_h1_g38_minus_repeat4,0,0.07170677185058594,1.945096074134627,0.954624928239981
39,throttle,9,4.5,5.0,8da972d72aa8c361,+,0,0.2,0.0,040ac339bd38aa4c,040ac339bd38aa4c_px4_position_0_alt_drift_h1_g39_plus_repeat0,0,-2.049891471862793,1.947293039473248,0.9641185370645337
39,throttle,9,4.5,5.0,8da972d72aa8c361,+,1,0.2,0.0,040ac339bd38aa4c,040ac339bd38aa4c_px4_position_0_alt_drift_h1_g39_plus_repeat1,0,-1.9044418334960938,1.9631364643148872,0.9795351917936457
39,throttle,9,4.5,5.0,8da972d72aa8c361,+,2,0.2,0.0,040ac339bd38aa4c,040ac339bd38aa4c_px4_position_0_alt_drift_h1_g39_plus_repeat2,0,-2.027115821838379,1.9661756925459615,0.9725604476206035
39,throttle,9,4.5,5.0,8da972d72aa8c361,+,3,0.2,0.0,040ac339bd38aa4c,040ac339bd38aa4c_px4_position_0_alt_drift_h1_g39_plus_repeat3,0,-1.989405632019043,1.966183256655209,0.9710581678371559
39,throttle,9,4.5,5.0,8da972d72aa8c361,+,4,0.2,0.0,040ac339bd38aa4c,040ac339bd38aa4c_px4_position_0_alt_drift_h1_g39_plus_repeat4,0,-2.001310348510742,1.9492615644696152,0.9694013273672304
39,throttle,9,4.5,5.0,8da972d72aa8c361,-,0,0.2,0.0,a78ad013160126b9,a78ad013160126b9_px4_position_0_alt_drift_h1_g39_minus_repeat0,0,0.6095056533813477,1.9372580348931363,0.9447934945325958
39,throttle,9,4.5,5.0,8da972d72aa8c361,-,1,0.2,0.0,a78ad013160126b9,a78ad013160126b9_px4_position_0_alt_drift_h1_g39_minus_repeat1,0,0.6072311401367188,1.9443258838814235,0.9704966313187825
39,throttle,9,4.5,5.0,8da972d72aa8c361,-,2,0.2,0.0,a78ad013160126b9,a78ad013160126b9_px4_position_0_alt_drift_h1_g39_minus_repeat2,0,0.6452836990356445,1.9507574858361147,0.9711935111246713
39,throttle,9,4.5,5.0,8da972d72aa8c361,-,3,0.2,0.0,a78ad013160126b9,a78ad013160126b9_px4_position_0_alt_drift_h1_g39_minus_repeat3,0,0.6337451934814453,1.9370008619966623,0.963267846450374
39,throttle,9,4.5,5.0,8da972d72aa8c361,-,4,0.2,0.0,a78ad013160126b9,a78ad013160126b9_px4_position_0_alt_drift_h1_g39_minus_repeat4,0,0.6209640502929688,1.9566697025986035,0.9715860383962074
