time_s,source,lat,lon,alt,distance_m,mode
6.284985000000001,POS,37.4274999,-122.1697,16.100000381469727,0.011131949209416398,STABILIZE
6.384945,POS,37.4274999,-122.1697,16.100000381469727,0.011131949209416398,STABILIZE
6.484905000000001,POS,37.4274999,-122.1697,16.100000381469727,0.011131949209416398,STABILIZE
6.584865000000001,POS,37.4274999,-122.1697,16.100000381469727,0.011131949209416398,STABILIZE
6.684825,POS,37.4274999,-122.1697,16.100000381469727,0.011131949209416398,STABILIZE
6.784785000000001,POS,37.4274999,-122.1697,16.100000381469727,0.011131949209416398,GUIDED
6.884745000000001,POS,37.4274999,-122.1697,16.100000381469727,0.011131949209416398,GUIDED
6.984705,POS,37.4274999,-122.1697,16.100000381469727,0.011131949209416398,GUIDED
7.084665000000001,POS,37.4274999,-122.1697,16.100000381469727,0.011131949209416398,GUIDED
7.1846250000000005,POS,37.4274999,-122.1697,16.100000381469727,0.011131949209416398,GUIDED
7.284585,POS,37.4274999,-122.1697,16.100000381469727,0.011131949209416398,GUIDED
7.384545000000001,POS,37.4274999,-122.1697,16.100000381469727,0.011131949209416398,GUIDED
7.484505,POS,37.4274999,-122.1697,16.100000381469727,0.011131949209416398,GUIDED
7.584465,POS,37.4274999,-122.1697,16.100000381469727,0.011131949209416398,GUIDED
7.684425000000001,POS,37.4274999,-122.1697,16.100000381469727,0.011131949209416398,GUIDED
7.784385,POS,37.4274999,-122.1697,16.100000381469727,0.011131949209416398,GUIDED
7.8843450000000015,POS,37.4274999,-122.1697,16.100000381469727,0.011131949209416398,GUIDED
7.984305000000001,POS,37.4274999,-122.1697,16.100000381469727,0.011131949209416398,GUIDED
8.084265,POS,37.4274999,-122.1697,16.100000381469727,0.011131949209416398,GUIDED
8.184225000000001,POS,37.4274999,-122.1697,16.100000381469727,0.011131949209416398,GUIDED
8.284185,POS,37.4274999,-122.1697,16.100000381469727,0.011131949209416398,GUIDED
8.384978,POS,37.4274999,-122.1697,16.100000381469727,0.011131949209416398,GUIDED
8.484938000000001,POS,37.4274999,-122.1697,16.100000381469727,0.011131949209416398,GUIDED
8.584898,POS,37.4274999,-122.1697,16.100000381469727,0.011131949209416398,GUIDED
8.684858,POS,37.4274999,-122.1697,16.100000381469727,0.011131949209416398,GUIDED
8.784818000000001,POS,37.4274999,-122.1697,16.100000381469727,0.011131949209416398,GUIDED
8.884778,POS,37.4274999,-122.1697,16.100000381469727,0.011131949209416398,GUIDED
8.984738,POS,37.4274999,-122.1697,16.100000381469727,0.011131949209416398,GUIDED
9.084698000000001,POS,37.4274999,-122.1697,16.100000381469727,0.011131949209416398,GUIDED
9.184658,POS,37.4274999,-122.1697,16.100000381469727,0.011131949209416398,GUIDED
9.284618,POS,37.4274999,-122.1697,16.100000381469727,0.011131949209416398,GUIDED
9.384578000000001,POS,37.4274999,-122.1697,16.100000381469727,0.011131949209416398,GUIDED
9.484538,POS,37.4274999,-122.1697,16.100000381469727,0.011131949209416398,GUIDED
9.584498,POS,37.4274999,-122.1697,16.100000381469727,0.011131949209416398,GUIDED
9.684458000000001,POS,37.4274999,-122.1697,16.100000381469727,0.011131949209416398,GUIDED
9.784418,POS,37.4274999,-122.1697,16.100000381469727,0.011131949209416398,GUIDED
9.884378,POS,37.4274999,-122.1697,16.100000381469727,0.011131949209416398,GUIDED
9.984338000000001,POS,37.4274999,-122.1697,16.100000381469727,0.011131949209416398,GUIDED
10.084298,POS,37.4274999,-122.1697,16.100000381469727,0.011131949209416398,GUIDED
10.184258,POS,37.4274999,-122.1697,16.100000381469727,0.011131949209416398,GUIDED
10.284218000000001,POS,37.4274999,-122.1697,16.100000381469727,0.011131949209416398,GUIDED
10.384178,POS,37.4274999,-122.1697,16.100000381469727,0.011131949209416398,GUIDED
10.484971,POS,37.4274999,-122.1697,16.100000381469727,0.011131949209416398,GUIDED
10.584931000000001,POS,37.4274999,-122.1697,16.100000381469727,0.011131949209416398,GUIDED
10.684891,POS,37.4274999,-122.1697,16.100000381469727,0.011131949209416398,GUIDED
10.784851000000002,POS,37.4274999,-122.1697,16.100000381469727,0.011131949209416398,GUIDED
10.884811000000001,POS,37.4274999,-122.1697,16.100000381469727,0.011131949209416398,GUIDED
10.984771,POS,37.4274999,-122.1697,16.100000381469727,0.011131949209416398,GUIDED
11.084731000000001,POS,37.4274999,-122.1697,16.100000381469727,0.011131949209416398,GUIDED
11.184691,POS,37.4274999,-122.1697,16.100000381469727,0.011131949209416398,GUIDED
11.284651,POS,37.4274999,-122.1697,16.100000381469727,0.011131949209416398,GUIDED
11.384611000000001,POS,37.4274999,-122.1697,16.100000381469727,0.011131949209416398,GUIDED
11.484571,POS,37.4274999,-122.1697,16.100000381469727,0.011131949209416398,GUIDED
11.584531,POS,37.4274999,-122.1697,16.100000381469727,0.011131949209416398,GUIDED
11.684491000000001,POS,37.4274999,-122.1697,16.100000381469727,0.011131949209416398,GUIDED
11.784451,POS,37.4274999,-122.1697,16.100000381469727,0.011131949209416398,GUIDED
11.884411,POS,37.4274999,-122.1697,16.100000381469727,0.011131949209416398,GUIDED
11.984371000000001,POS,37.4274999,-122.1697,16.100000381469727,0.011131949209416398,GUIDED
12.084331,POS,37.4274999,-122.1697,16.100000381469727,0.011131949209416398,GUIDED
12.184291,POS,37.4274999,-122.1697,16.100000381469727,0.011131949209416398,GUIDED
12.284251000000001,POS,37.4274999,-122.1697,16.100000381469727,0.011131949209416398,GUIDED
12.384211,POS,37.4274999,-122.1697,16.100000381469727,0.011131949209416398,GUIDED
12.485004,POS,37.4274999,-122.1697,16.100000381469727,0.011131949209416398,GUIDED
12.584964000000001,POS,37.4274999,-122.1697,16.100000381469727,0.011131949209416398,GUIDED
12.684924,POS,37.4274999,-122.1697,16.100000381469727,0.011131949209416398,GUIDED
12.784884,POS,37.4274999,-122.1697,16.100000381469727,0.011131949209416398,GUIDED
12.884844000000001,POS,37.4274999,-122.1697,16.100000381469727,0.011131949209416398,GUIDED
12.984804,POS,37.4274999,-122.1697,16.100000381469727,0.011131949209416398,GUIDED
13.084764,POS,37.4274999,-122.1697,16.100000381469727,0.011131949209416398,GUIDED
13.184724000000001,POS,37.4274999,-122.1697,16.100000381469727,0.011131949209416398,GUIDED
13.284684,POS,37.4274999,-122.1697,16.100000381469727,0.011131949209416398,GUIDED
13.384644000000002,POS,37.4274999,-122.1697,16.100000381469727,0.011131949209416398,GUIDED
13.484604000000001,POS,37.4274999,-122.1697,16.100000381469727,0.011131949209416398,GUIDED
13.584564,POS,37.4274999,-122.1697,16.100000381469727,0.011131949209416398,GUIDED
13.684524000000001,POS,37.4274999,-122.1697,16.100000381469727,0.011131949209416398,GUIDED
13.784483999999999,POS,37.4274999,-122.1697,16.100000381469727,0.011131949209416398,GUIDED
13.884444000000002,POS,37.4274999,-122.1697,16.100000381469727,0.011131949209416398,GUIDED
13.984404000000001,POS,37.4274999,-122.1697,16.100000381469727,0.011131949209416398,GUIDED
14.084364,POS,37.4274999,-122.1697,16.100000381469727,0.011131949209416398,GUIDED
14.184324,POS,37.4274999,-122.1697,16.100000381469727,0.011131949209416398,GUIDED
14.284284,POS,37.4274999,-122.1697,16.100000381469727,0.011131949209416398,GUIDED
14.384243999999999,POS,37.4274999,-122.1697,16.100000381469727,0.011131949209416398,GUIDED
14.484204000000002,POS,37.4274999,-122.1697,16.100000381469727,0.011131949209416398,GUIDED
14.584997000000001,POS,37.4274999,-122.1697,16.100000381469727,0.011131949209416398,GUIDED
14.684957,POS,37.4274999,-122.1697,16.100000381469727,0.011131949209416398,GUIDED
14.784917,POS,37.4274999,-122.1697,16.100000381469727,0.011131949209416398,GUIDED
14.884877,POS,37.4274999,-122.1697,16.100000381469727,0.011131949209416398,GUIDED
14.984837000000002,POS,37.4274999,-122.1697,16.100000381469727,0.011131949209416398,GUIDED
15.084797000000002,POS,37.4274999,-122.1697,16.100000381469727,0.011131949209416398,GUIDED
15.184757000000001,POS,37.4274999,-122.1697,16.100000381469727,0.011131949209416398,GUIDED
15.284717,POS,37.4274999,-122.1697,16.100000381469727,0.011131949209416398,GUIDED
15.384677,POS,37.4274999,-122.1697,16.100000381469727,0.011131949209416398,GUIDED
15.484637,POS,37.4274999,-122.1697,16.100000381469727,0.011131949209416398,GUIDED
15.584597000000002,POS,37.4274999,-122.1697,16.100000381469727,0.011131949209416398,GUIDED
15.684557000000002,POS,37.4274999,-122.1697,16.100000381469727,0.011131949209416398,GUIDED
15.784517000000001,POS,37.4274999,-122.1697,16.100000381469727,0.011131949209416398,GUIDED
15.884477,POS,37.4274999,-122.1697,16.100000381469727,0.011131949209416398,GUIDED
15.984437,POS,37.4274999,-122.1697,16.100000381469727,0.011131949209416398,GUIDED
16.084397,POS,37.4274999,-122.1697,16.100000381469727,0.011131949209416398,GUIDED
16.184357000000002,POS,37.4274999,-122.1697,16.100000381469727,0.011131949209416398,GUIDED
16.284317,POS,37.4274999,-122.1697,16.100000381469727,0.011131949209416398,GUIDED
16.384277,POS,37.4274999,-122.1697,16.100000381469727,0.011131949209416398,GUIDED
16.484237,POS,37.4274999,-122.1697,16.100000381469727,0.011131949209416398,GUIDED
16.584197,POS,37.4274999,-122.1697,16.100000381469727,0.011131949209416398,GUIDED
16.68499,POS,37.4274999,-122.1697,16.100000381469727,0.011131949209416398,GUIDED
16.784950000000002,POS,37.4274999,-122.1697,16.100000381469727,0.011131949209416398,GUIDED
16.88491,POS,37.4274999,-122.1697,16.100000381469727,0.011131949209416398,GUIDED
16.98487,POS,37.4274999,-122.1697,16.100000381469727,0.011131949209416398,GUIDED
17.08483,POS,37.4274999,-122.1697,16.100000381469727,0.011131949209416398,GUIDED
17.18479,POS,37.4274999,-122.1697,16.100000381469727,0.011131949209416398,GUIDED
17.28475,POS,37.4274999,-122.1697,16.100000381469727,0.011131949209416398,GUIDED
17.384710000000002,POS,37.4274999,-122.1697,16.100000381469727,0.011131949209416398,GUIDED
17.48467,POS,37.4274999,-122.1697,16.100000381469727,0.011131949209416398,GUIDED
17.58463,POS,37.4274999,-122.1697,16.100000381469727,0.011131949209416398,GUIDED
17.68459,POS,37.4274999,-122.1697,16.100000381469727,0.011131949209416398,GUIDED
17.78455,POS,37.4274999,-122.1697,16.100000381469727,0.011131949209416398,GUIDED
17.884510000000002,POS,37.4274999,-122.1697,16.100000381469727,0.011131949209416398,GUIDED
17.98447,POS,37.4274999,-122.1697,16.100000381469727,0.011131949209416398,GUIDED
18.08443,POS,37.4274999,-122.1697,16.100000381469727,0.011131949209416398,GUIDED
18.18439,POS,37.4274999,-122.1697,16.100000381469727,0.011131949209416398,GUIDED
18.28435,POS,37.4274999,-122.1697,16.100000381469727,0.011131949209416398,GUIDED
18.38431,POS,37.4274999,-122.1697,16.100000381469727,0.011131949209416398,GUIDED
18.484270000000002,POS,37.4274999,-122.1697,16.100000381469727,0.011131949209416398,GUIDED
18.58423,POS,37.4274999,-122.1697,16.100000381469727,0.011131949209416398,GUIDED
18.68419,POS,37.4274999,-122.1697,16.100000381469727,0.011131949209416398,GUIDED
18.784983,POS,37.4274999,-122.1697,16.100000381469727,0.011131949209416398,GUIDED
18.884943,POS,37.4274999,-122.1697,16.100000381469727,0.011131949209416398,GUIDED
18.984903,POS,37.4274999,-122.1697,16.100000381469727,0.011131949209416398,GUIDED
19.084863000000002,POS,37.4274999,-122.1697,16.100000381469727,0.011131949209416398,GUIDED
19.184823,POS,37.4274999,-122.1697,16.100000381469727,0.011131949209416398,GUIDED
19.284783,POS,37.4274999,-122.1697,16.100000381469727,0.011131949209416398,GUIDED
19.384743,POS,37.4274999,-122.1697,16.100000381469727,0.011131949209416398,GUIDED
19.484703,POS,37.4274999,-122.1697,16.100000381469727,0.011131949209416398,GUIDED
19.584663,POS,37.4274999,-122.1697,16.100000381469727,0.011131949209416398,GUIDED
19.684623000000002,POS,37.4274999,-122.1697,16.100000381469727,0.011131949209416398,GUIDED
19.784583,POS,37.4274999,-122.1697,16.100000381469727,0.011131949209416398,GUIDED
19.884543,POS,37.4274999,-122.1697,16.100000381469727,0.011131949209416398,GUIDED
19.984503,POS,37.4274999,-122.1697,16.100000381469727,0.011131949209416398,GUIDED
20.084463,POS,37.4274999,-122.1697,16.100000381469727,0.011131949209416398,GUIDED
20.184423,POS,37.4274999,-122.1697,16.100000381469727,0.011131949209416398,GUIDED
20.284383000000002,POS,37.4274999,-122.1697,16.100000381469727,0.011131949209416398,GUIDED
20.384343,POS,37.4274999,-122.1697,16.100000381469727,0.011131949209416398,GUIDED
20.484303,POS,37.4274999,-122.1697,16.100000381469727,0.011131949209416398,GUIDED
20.584263,POS,37.4274999,-122.1697,16.100000381469727,0.011131949209416398,GUIDED
20.684223,POS,37.4274999,-122.1697,16.100000381469727,0.011131949209416398,GUIDED
20.784183000000002,POS,37.4274999,-122.1697,16.100000381469727,0.011131949209416398,GUIDED
20.884976,POS,37.4274999,-122.1697,16.100000381469727,0.011131949209416398,GUIDED
20.984936,POS,37.4274999,-122.1697,16.100000381469727,0.011131949209416398,GUIDED
21.084896,POS,37.4274999,-122.1697,16.100000381469727,0.011131949209416398,GUIDED
21.184856,POS,37.4274999,-122.1697,16.100000381469727,0.011131949209416398,GUIDED
21.284816,POS,37.4274999,-122.1697,16.100000381469727,0.011131949209416398,GUIDED
21.384776000000002,POS,37.4274999,-122.1697,16.100000381469727,0.011131949209416398,GUIDED
21.484736,POS,37.4274999,-122.1697,16.100000381469727,0.011131949209416398,GUIDED
21.584696,POS,37.4274999,-122.1697,16.100000381469727,0.011131949209416398,GUIDED
21.684656,POS,37.4274999,-122.1697,16.100000381469727,0.011131949209416398,GUIDED
21.784616,POS,37.4274999,-122.1697,16.100000381469727,0.011131949209416398,GUIDED
21.884576,POS,37.4274999,-122.1697,16.100000381469727,0.011131949209416398,GUIDED
21.984536000000002,POS,37.4274999,-122.1697,16.100000381469727,0.011131949209416398,GUIDED
22.084496,POS,37.4274999,-122.1697,16.100000381469727,0.011131949209416398,GUIDED
22.184456,POS,37.4274999,-122.1697,16.100000381469727,0.011131949209416398,GUIDED
22.284416,POS,37.4274999,-122.1697,16.100000381469727,0.011131949209416398,GUIDED
22.384376,POS,37.4274999,-122.1697,16.100000381469727,0.011131949209416398,GUIDED
22.484336,POS,37.4274999,-122.1697,16.100000381469727,0.011131949209416398,GUIDED
22.584296000000002,POS,37.4274999,-122.1697,16.100000381469727,0.011131949209416398,GUIDED
22.684256,POS,37.4274999,-122.1697,16.100000381469727,0.011131949209416398,GUIDED
22.784216,POS,37.4274999,-122.1697,16.100000381469727,0.011131949209416398,GUIDED
22.884176,POS,37.4274999,-122.1697,16.100000381469727,0.011131949209416398,GUIDED
22.984969,POS,37.4274999,-122.1697,16.100000381469727,0.011131949209416398,GUIDED
23.084929,POS,37.4274999,-122.1697,16.100000381469727,0.011131949209416398,GUIDED
23.184889000000002,POS,37.4274999,-122.1697,16.100000381469727,0.011131949209416398,GUIDED
23.284849,POS,37.4274999,-122.1697,16.100000381469727,0.011131949209416398,GUIDED
23.384809,POS,37.4274999,-122.1697,16.100000381469727,0.011131949209416398,GUIDED
23.484769,POS,37.4274999,-122.1697,16.100000381469727,0.011131949209416398,GUIDED
23.584729,POS,37.4274999,-122.1697,16.100000381469727,0.011131949209416398,GUIDED
23.684689000000002,POS,37.4274999,-122.1697,16.100000381469727,0.011131949209416398,GUIDED
23.784649,POS,37.4274999,-122.1697,16.100000381469727,0.011131949209416398,GUIDED
23.884609,POS,37.4274999,-122.1697,16.100000381469727,0.011131949209416398,GUIDED
23.984569,POS,37.4274999,-122.1697,16.100000381469727,0.011131949209416398,GUIDED
24.084529,POS,37.4274999,-122.1697,16.100000381469727,0.011131949209416398,GUIDED
24.184489,POS,37.4274999,-122.1697,16.100000381469727,0.011131949209416398,GUIDED
24.284449000000002,POS,37.4274999,-122.1697,16.100000381469727,0.011131949209416398,GUIDED
24.384409,POS,37.4274999,-122.1697,16.100000381469727,0.011131949209416398,GUIDED
24.484369,POS,37.4274999,-122.1697,16.100000381469727,0.011131949209416398,GUIDED
24.584329,POS,37.4274999,-122.1697,16.100000381469727,0.011131949209416398,GUIDED
24.684289,POS,37.4274999,-122.1697,16.100000381469727,0.011131949209416398,GUIDED
24.784249,POS,37.4274999,-122.1697,16.100000381469727,0.011131949209416398,GUIDED
24.884209000000002,POS,37.4274999,-122.1697,16.100000381469727,0.011131949209416398,GUIDED
24.985002,POS,37.4274999,-122.1697,16.100000381469727,0.011131949209416398,GUIDED
25.084962,POS,37.4274999,-122.1697,16.100000381469727,0.011131949209416398,GUIDED
25.184922,POS,37.4274999,-122.1697,16.100000381469727,0.011131949209416398,GUIDED
25.284882,POS,37.4274999,-122.1697,16.100000381469727,0.011131949209416398,GUIDED
25.384842,POS,37.4274999,-122.1697,16.100000381469727,0.011131949209416398,GUIDED
25.484802000000002,POS,37.4274999,-122.1697,16.100000381469727,0.011131949209416398,GUIDED
25.584762,POS,37.4274999,-122.1697,16.100000381469727,0.011131949209416398,GUIDED
25.684722,POS,37.4274999,-122.1697,16.100000381469727,0.011131949209416398,GUIDED
25.784682,POS,37.4274999,-122.1697,16.100000381469727,0.011131949209416398,GUIDED
25.884642,POS,37.4274999,-122.1697,16.100000381469727,0.011131949209416398,GUIDED
25.984602000000002,POS,37.4274999,-122.1697,16.100000381469727,0.011131949209416398,GUIDED
26.084562000000002,POS,37.4274999,-122.1697,16.100000381469727,0.011131949209416398,GUIDED
26.184522,POS,37.4274999,-122.1697,16.100000381469727,0.011131949209416398,GUIDED
26.284482,POS,37.4274999,-122.1697,16.100000381469727,0.011131949209416398,GUIDED
26.384442,POS,37.4274999,-122.1697,16.100000381469727,0.011131949209416398,GUIDED
26.484402,POS,37.4274999,-122.1697,16.100000381469727,0.011131949209416398,GUIDED
26.584362000000002,POS,37.4274999,-122.1697,16.100000381469727,0.011131949209416398,GUIDED
26.684322,POS,37.4274999,-122.1697,16.100000381469727,0.011131949209416398,GUIDED
26.784282,POS,37.4274999,-122.1697,16.100000381469727,0.011131949209416398,GUIDED
26.884242,POS,37.4274999,-122.1697,16.100000381469727,0.011131949209416398,GUIDED
26.984202,POS,37.4274999,-122.1697,16.100000381469727,0.011131949209416398,GUIDED
27.084995,POS,37.4274999,-122.1697,16.100000381469727,0.011131949209416398,GUIDED
27.184955000000002,POS,37.4274999,-122.1697,16.100000381469727,0.011131949209416398,GUIDED
27.284915,POS,37.4274999,-122.1697,16.100000381469727,0.011131949209416398,GUIDED
27.384875,POS,37.4274999,-122.1697,16.100000381469727,0.011131949209416398,GUIDED
27.484835,POS,37.4274999,-122.1697,16.100000381469727,0.011131949209416398,GUIDED
27.584795,POS,37.4274999,-122.1697,16.100000381469727,0.011131949209416398,GUIDED
27.684755,POS,37.4274999,-122.1697,16.100000381469727,0.011131949209416398,GUIDED
27.784715000000002,POS,37.4274999,-122.1697,16.100000381469727,0.011131949209416398,GUIDED
27.884675,POS,37.4274999,-122.1697,16.100000381469727,0.011131949209416398,GUIDED
27.984635,POS,37.4274999,-122.1697,16.100000381469727,0.011131949209416398,GUIDED
28.084595,POS,37.4274999,-122.1697,16.100000381469727,0.011131949209416398,GUIDED
28.184555,POS,37.4274999,-122.1697,16.100000381469727,0.011131949209416398,GUIDED
28.284515,POS,37.4274999,-122.1697,16.100000381469727,0.011131949209416398,GUIDED
28.384475000000002,POS,37.4274999,-122.1697,16.100000381469727,0.011131949209416398,GUIDED
28.484435,POS,37.4274999,-122.1697,16.100000381469727,0.011131949209416398,GUIDED
28.584395,POS,37.4274999,-122.1697,16.100000381469727,0.011131949209416398,GUIDED
28.684355,POS,37.4274999,-122.1697,16.100000381469727,0.011131949209416398,GUIDED
28.784315,POS,37.4274999,-122.1697,16.100000381469727,0.011131949209416398,GUIDED
28.884275000000002,POS,37.4274999,-122.1697,16.100000381469727,0.011131949209416398,GUIDED
28.984235,POS,37.4274999,-122.1697,16.100000381469727,0.011131949209416398,GUIDED
29.084195,POS,37.4274999,-122.1697,16.100000381469727,0.011131949209416398,GUIDED
29.184988,POS,37.4274999,-122.1697,16.100000381469727,0.011131949209416398,GUIDED
29.284948,POS,37.4274999,-122.1697,16.100000381469727,0.011131949209416398,GUIDED
29.384908,POS,37.4274999,-122.1697,16.100000381469727,0.011131949209416398,GUIDED
29.484868000000002,POS,37.4274999,-122.1697,16.100000381469727,0.011131949209416398,GUIDED
29.584828,POS,37.4274999,-122.1697,16.100000381469727,0.011131949209416398,GUIDED
29.684788,POS,37.4274999,-122.1697,16.100000381469727,0.011131949209416398,GUIDED
29.784748000000004,POS,37.4274999,-122.1697,16.100000381469727,0.011131949209416398,GUIDED
29.884708,POS,37.4274999,-122.1697,16.100000381469727,0.011131949209416398,GUIDED
29.984668000000003,POS,37.4274999,-122.1697,16.100000381469727,0.011131949209416398,GUIDED
30.084628,POS,37.4274999,-122.1697,16.100000381469727,0.011131949209416398,GUIDED
30.184588,POS,37.4274999,-122.1697,16.100000381469727,0.011131949209416398,GUIDED
30.284547999999997,POS,37.4274999,-122.1697,16.100000381469727,0.011131949209416398,GUIDED
30.384508,POS,37.4274999,-122.1697,16.100000381469727,0.011131949209416398,GUIDED
30.484468000000003,POS,37.4274999,-122.1697,16.100000381469727,0.011131949209416398,GUIDED
30.584428,POS,37.4274999,-122.1697,16.100000381469727,0.011131949209416398,GUIDED
30.684388000000002,POS,37.4274999,-122.1697,16.100000381469727,0.011131949209416398,GUIDED
30.784347999999998,POS,37.4274999,-122.1697,16.100000381469727,0.011131949209416398,GUIDED
30.884308,POS,37.4274999,-122.1697,16.100000381469727,0.011131949209416398,GUIDED
30.984268000000004,POS,37.4274999,-122.1697,16.100000381469727,0.011131949209416398,GUIDED
31.084228,POS,37.4274999,-122.1697,16.100000381469727,0.011131949209416398,GUIDED
31.184188000000002,POS,37.4274999,-122.1697,16.100000381469727,0.011131949209416398,GUIDED
31.284981,POS,37.4274999,-122.1697,16.100000381469727,0.011131949209416398,GUIDED
31.384941,POS,37.4274999,-122.1697,16.100000381469727,0.011131949209416398,GUIDED
31.484900999999997,POS,37.4274999,-122.1697,16.100000381469727,0.011131949209416398,GUIDED
31.584861,POS,37.4274999,-122.1697,16.100000381469727,0.011131949209416398,GUIDED
31.684821000000003,POS,37.4274999,-122.1697,16.100000381469727,0.011131949209416398,GUIDED
31.784781,POS,37.4274999,-122.1697,16.100000381469727,0.011131949209416398,GUIDED
31.884741,POS,37.4274999,-122.1697,16.100000381469727,0.011131949209416398,GUIDED
31.984700999999998,POS,37.4274999,-122.1697,16.100000381469727,0.011131949209416398,GUIDED
32.084661,POS,37.4274999,-122.1697,16.100000381469727,0.011131949209416398,GUIDED
32.184621,POS,37.4274999,-122.1697,16.100000381469727,0.011131949209416398,GUIDED
32.284580999999996,POS,37.4274999,-122.1697,16.100000381469727,0.011131949209416398,GUIDED
32.384541,POS,37.4274999,-122.1697,16.100000381469727,0.011131949209416398,GUIDED
32.484500999999995,POS,37.4274999,-122.1697,16.100000381469727,0.011131949209416398,GUIDED
32.584461,POS,37.4274999,-122.1697,16.100000381469727,0.011131949209416398,GUIDED
32.684421,POS,37.4274999,-122.1697,16.100000381469727,0.011131949209416398,GUIDED
32.784380999999996,POS,37.4274999,-122.1697,16.100000381469727,0.011131949209416398,GUIDED
32.884341,POS,37.4274999,-122.1697,16.100000381469727,0.011131949209416398,GUIDED
32.984300999999995,POS,37.4274999,-122.1697,16.100000381469727,0.011131949209416398,GUIDED
33.084261,POS,37.4274999,-122.1697,16.100000381469727,0.011131949209416398,GUIDED
33.184220999999994,POS,37.4274999,-122.1697,16.100000381469727,0.011131949209416398,GUIDED
33.284181,POS,37.4274999,-122.1697,16.100000381469727,0.011131949209416398,GUIDED
33.384974,POS,37.4274999,-122.1697,16.100000381469727,0.011131949209416398,GUIDED
33.484933999999996,POS,37.4274999,-122.1697,16.100000381469727,0.011131949209416398,GUIDED
33.584894,POS,37.4274999,-122.1697,16.100000381469727,0.011131949209416398,GUIDED
33.684853999999994,POS,37.4274999,-122.1697,16.100000381469727,0.011131949209416398,GUIDED
33.784814,POS,37.4274999,-122.1697,16.100000381469727,0.011131949209416398,GUIDED
33.884774,POS,37.4274999,-122.1697,16.100000381469727,0.011131949209416398,GUIDED
33.984733999999996,POS,37.4274999,-122.1697,16.100000381469727,0.011131949209416398,GUIDED
34.084694,POS,37.4274999,-122.1697,16.100000381469727,0.011131949209416398,GUIDED
34.184653999999995,POS,37.4274999,-122.1697,16.100000381469727,0.011131949209416398,GUIDED
34.284614,POS,37.4274999,-122.1697,16.100000381469727,0.011131949209416398,GUIDED
34.384574,POS,37.4274999,-122.1697,16.100000381469727,0.011131949209416398,GUIDED
34.484534,POS,37.4274999,-122.1697,16.100000381469727,0.011131949209416398,GUIDED
34.584494,POS,37.4274999,-122.1697,16.100000381469727,0.011131949209416398,GUIDED
34.684453999999995,POS,37.4274999,-122.1697,16.100000381469727,0.011131949209416398,GUIDED
34.784414,POS,37.4274999,-122.1697,16.100000381469727,0.011131949209416398,GUIDED
34.884373999999994,POS,37.4274999,-122.1697,16.100000381469727,0.011131949209416398,GUIDED
34.984334,POS,37.4274999,-122.1697,16.100000381469727,0.011131949209416398,GUIDED
35.084294,POS,37.4274999,-122.1697,16.100000381469727,0.011131949209416398,GUIDED
35.184253999999996,POS,37.4274999,-122.1697,16.100000381469727,0.011131949209416398,GUIDED
35.284214,POS,37.4274999,-122.1697,16.100000381469727,0.011131949209416398,GUIDED
35.384173999999994,POS,37.4274999,-122.1697,16.100000381469727,0.011131949209416398,GUIDED
35.484967,POS,37.4274999,-122.1697,16.100000381469727,0.011131949209416398,GUIDED
35.584927,POS,37.4274999,-122.1697,16.100000381469727,0.011131949209416398,GUIDED
35.684886999999996,POS,37.4274999,-122.1697,16.100000381469727,0.011131949209416398,GUIDED
35.784847,POS,37.4274999,-122.1697,16.100000381469727,0.011131949209416398,GUIDED
35.884806999999995,POS,37.4274999,-122.1697,16.100000381469727,0.011131949209416398,GUIDED
35.984767,POS,37.4274999,-122.1697,16.100000381469727,0.011131949209416398,GUIDED
36.084726999999994,POS,37.4274999,-122.1697,16.100000381469727,0.011131949209416398,GUIDED
36.184687,POS,37.4274999,-122.1697,16.100000381469727,0.011131949209416398,GUIDED
36.284647,POS,37.4274999,-122.1697,16.100000381469727,0.011131949209416398,GUIDED
36.384606999999995,POS,37.4274999,-122.1697,16.100000381469727,0.011131949209416398,GUIDED
36.484567,POS,37.4274999,-122.1697,16.100000381469727,0.011131949209416398,GUIDED
36.584526999999994,POS,37.4274999,-122.1697,16.100000381469727,0.011131949209416398,GUIDED
36.684487,POS,37.4274999,-122.1697,16.100000381469727,0.011131949209416398,GUIDED
36.784447,POS,37.4274999,-122.1697,16.100000381469727,0.011131949209416398,GUIDED
36.884406999999996,POS,37.4274999,-122.1697,16.100000381469727,0.011131949209416398,GUIDED
36.984367,POS,37.4274999,-122.1697,16.100000381469727,0.011131949209416398,GUIDED
37.084326999999995,POS,37.4274999,-122.1697,16.100000381469727,0.011131949209416398,GUIDED
37.184287,POS,37.4274999,-122.1697,16.100000381469727,0.011131949209416398,GUIDED
37.284247,POS,37.4274999,-122.1697,16.100000381469727,0.011131949209416398,GUIDED
37.384206999999996,POS,37.4274999,-122.1697,16.100000381469727,0.011131949209416398,GUIDED
37.485,POS,37.4274999,-122.1697,16.100000381469727,0.011131949209416398,GUIDED
37.584959999999995,POS,37.4274999,-122.1697,16.100000381469727,0.011131949209416398,GUIDED
37.68492,POS,37.4274999,-122.1697,16.100000381469727,0.011131949209416398,GUIDED
37.784879999999994,POS,37.4274999,-122.1697,16.100000381469727,0.011131949209416398,GUIDED
37.88484,POS,37.4274999,-122.1697,16.100000381469727,0.011131949209416398,GUIDED
37.9848,POS,37.4274999,-122.1697,16.100000381469727,0.011131949209416398,GUIDED
38.084759999999996,POS,37.4274999,-122.1697,16.100000381469727,0.011131949209416398,GUIDED
38.18472,POS,37.4274999,-122.1697,16.100000381469727,0.011131949209416398,GUIDED
38.284679999999994,POS,37.4274999,-122.1697,16.100000381469727,0.011131949209416398,GUIDED
38.38464,POS,37.4274999,-122.1697,16.100000381469727,0.011131949209416398,GUIDED
38.4846,POS,37.4274999,-122.1697,16.100000381469727,0.011131949209416398,GUIDED
38.584559999999996,POS,37.4274999,-122.1697,16.100000381469727,0.011131949209416398,GUIDED
38.68452,POS,37.4274999,-122.1697,16.100000381469727,0.011131949209416398,GUIDED
38.784479999999995,POS,37.4274999,-122.1697,16.100000381469727,0.011131949209416398,GUIDED
38.88444,POS,37.4274999,-122.1697,16.100000381469727,0.011131949209416398,GUIDED
38.984399999999994,POS,37.4274999,-122.1697,16.100000381469727,0.011131949209416398,GUIDED
39.08436,POS,37.4274999,-122.1697,16.100000381469727,0.011131949209416398,GUIDED
39.18432,POS,37.4274999,-122.1697,16.06999969482422,0.011131949209416398,GUIDED
39.284279999999995,POS,37.4274999,-122.1697,16.06999969482422,0.011131949209416398,GUIDED
39.38424,POS,37.4274999,-122.1697,16.06999969482422,0.011131949209416398,GUIDED
39.484199999999994,POS,37.4274999,-122.1697,16.06999969482422,0.011131949209416398,GUIDED
39.584993,POS,37.4274999,-122.1697,16.06999969482422,0.011131949209416398,GUIDED
39.684953,POS,37.4274999,-122.1697,16.06999969482422,0.011131949209416398,GUIDED
39.784912999999996,POS,37.4274999,-122.1697,16.06999969482422,0.011131949209416398,GUIDED
39.884873,POS,37.4274999,-122.1697,16.06999969482422,0.011131949209416398,GUIDED
39.984832999999995,POS,37.4274999,-122.1697,16.06999969482422,0.011131949209416398,GUIDED
40.084793,POS,37.4274999,-122.1697,16.06999969482422,0.011131949209416398,GUIDED
40.184753,POS,37.4274999,-122.1697,16.06999969482422,0.011131949209416398,GUIDED
40.284712999999996,POS,37.4274999,-122.1697,16.06999969482422,0.011131949209416398,GUIDED
40.384673,POS,37.4274999,-122.1697,16.06999969482422,0.011131949209416398,GUIDED
40.484632999999995,POS,37.4274999,-122.1697,16.06999969482422,0.011131949209416398,GUIDED
40.584593,POS,37.4274999,-122.1697,16.06999969482422,0.011131949209416398,GUIDED
40.684552999999994,POS,37.4274999,-122.1697,16.06999969482422,0.011131949209416398,GUIDED
40.784513,POS,37.4274999,-122.1697,16.06999969482422,0.011131949209416398,GUIDED
40.884473,POS,37.4274999,-122.1697,16.06999969482422,0.011131949209416398,GUIDED
40.984432999999996,POS,37.4274999,-122.1697,16.06999969482422,0.011131949209416398,GUIDED
41.084393,POS,37.4274999,-122.1697,16.06999969482422,0.011131949209416398,GUIDED
41.184352999999994,POS,37.4274999,-122.1697,16.06999969482422,0.011131949209416398,GUIDED
41.284313,POS,37.4274999,-122.1697,16.06999969482422,0.011131949209416398,GUIDED
41.384273,POS,37.4274999,-122.1697,16.06999969482422,0.011131949209416398,GUIDED
41.484232999999996,POS,37.4274999,-122.1697,16.06999969482422,0.011131949209416398,GUIDED
41.584193,POS,37.4274999,-122.1697,16.06999969482422,0.011131949209416398,GUIDED
41.684985999999995,POS,37.4274999,-122.1697,16.06999969482422,0.011131949209416398,GUIDED
41.784946,POS,37.4274999,-122.1697,16.06999969482422,0.011131949209416398,GUIDED
41.884905999999994,POS,37.4274999,-122.1697001,16.06999969482422,0.01421507314541867,GUIDED
41.984866,POS,37.4274999,-122.1697001,16.06999969482422,0.01421507314541867,GUIDED
42.084826,POS,37.4274999,-122.1697001,16.06999969482422,0.01421507314541867,GUIDED
42.184785999999995,POS,37.4274999,-122.1697001,16.06999969482422,0.01421507314541867,GUIDED
42.284746,POS,37.4274999,-122.1697001,16.06999969482422,0.01421507314541867,GUIDED
42.384705999999994,POS,37.4274999,-122.1697001,16.06999969482422,0.01421507314541867,GUIDED
42.484666,POS,37.4274999,-122.1697001,16.06999969482422,0.01421507314541867,GUIDED
42.584626,POS,37.4274999,-122.1697001,16.06999969482422,0.01421507314541867,GUIDED
42.684585999999996,POS,37.4274998,-122.1697001,16.06999969482422,0.023954731980071642,GUIDED
42.784546,POS,37.4274998,-122.1697001,16.06999969482422,0.023954731980071642,GUIDED
42.884505999999995,POS,37.4274998,-122.1697001,16.06999969482422,0.023954731980071642,GUIDED
42.984466,POS,37.4274998,-122.1697001,16.06999969482422,0.023954731980071642,GUIDED
43.084426,POS,37.4274998,-122.1697001,16.06999969482422,0.023954731980071642,GUIDED
43.184385999999996,POS,37.4274998,-122.1697001,16.06999969482422,0.023954731980071642,GUIDED
43.284346,POS,37.4274998,-122.1697001,16.06999969482422,0.023954731980071642,GUIDED
43.384305999999995,POS,37.4274998,-122.1697001,16.06999969482422,0.023954731980071642,GUIDED
43.484266,POS,37.4274998,-122.1697001,16.06999969482422,0.023954731980071642,GUIDED
43.584225999999994,POS,37.4274998,-122.1697001,16.06999969482422,0.023954731980071642,GUIDED
43.684186,POS,37.4274998,-122.1697001,16.06999969482422,0.023954731980071642,GUIDED
43.784979,POS,37.4274998,-122.1697001,16.06999969482422,0.023954731980071642,GUIDED
43.884938999999996,POS,37.4274998,-122.1697001,16.06999969482422,0.023954731980071642,GUIDED
43.984899,POS,37.4274998,-122.1697001,16.06999969482422,0.023954731980071642,GUIDED
44.084858999999994,POS,37.4274998,-122.1697001,16.06999969482422,0.023954731980071642,GUIDED
44.184819,POS,37.4274998,-122.1697001,16.06999969482422,0.023954731980071642,GUIDED
44.284779,POS,37.4274998,-122.1697001,16.06999969482422,0.023954731980071642,GUIDED
44.384738999999996,POS,37.4274998,-122.1697001,16.06999969482422,0.023954731980071642,GUIDED
44.484699,POS,37.4274998,-122.1697001,16.06999969482422,0.023954731980071642,GUIDED
44.584658999999995,POS,37.4274998,-122.1697001,16.06999969482422,0.023954731980071642,GUIDED
44.684619,POS,37.4274998,-122.1697001,16.06999969482422,0.023954731980071642,GUIDED
44.784578999999994,POS,37.4274999,-122.1697001,16.06999969482422,0.01421507314541867,GUIDED
44.884539,POS,37.4274998,-122.1697001,16.06999969482422,0.023954731980071642,GUIDED
44.984499,POS,37.4274999,-122.1697001,16.06999969482422,0.01421507314541867,GUIDED
45.084458999999995,POS,37.4274999,-122.1697001,16.06999969482422,0.01421507314541867,GUIDED
45.184419,POS,37.4274999,-122.1697001,16.06999969482422,0.01421507314541867,GUIDED
45.284378999999994,POS,37.4274999,-122.1697001,16.06999969482422,0.01421507314541867,GUIDED
45.384339,POS,37.4274999,-122.1697001,16.06999969482422,0.01421507314541867,GUIDED
45.484299,POS,37.4274999,-122.1697001,16.06999969482422,0.01421507314541867,GUIDED
45.584258999999996,POS,37.4274999,-122.1697001,16.06999969482422,0.01421507314541867,GUIDED
45.684219,POS,37.4274999,-122.1697001,16.06999969482422,0.01421507314541867,GUIDED
45.784178999999995,POS,37.4274999,-122.1697001,16.06999969482422,0.01421507314541867,GUIDED
45.884972,POS,37.4274999,-122.1697001,16.06999969482422,0.01421507314541867,GUIDED
45.984932,POS,37.4274999,-122.1697001,16.06999969482422,0.01421507314541867,GUIDED
46.084891999999996,POS,37.4274999,-122.1697001,16.06999969482422,0.01421507314541867,GUIDED
46.184852,POS,37.4274999,-122.1697001,16.06999969482422,0.01421507314541867,GUIDED
46.284811999999995,POS,37.4274999,-122.1697001,16.06999969482422,0.01421507314541867,GUIDED
46.384772,POS,37.4274999,-122.1697001,16.06999969482422,0.01421507314541867,GUIDED
46.484731999999994,POS,37.4274999,-122.1697001,16.06999969482422,0.01421507314541867,GUIDED
46.584692,POS,37.4274999,-122.1697001,16.06999969482422,0.01421507314541867,GUIDED
46.684652,POS,37.4274999,-122.1697001,16.06999969482422,0.01421507314541867,GUIDED
46.784611999999996,POS,37.4274999,-122.1697001,16.06999969482422,0.01421507314541867,GUIDED
46.884572,POS,37.4274999,-122.1697001,16.06999969482422,0.01421507314541867,GUIDED
46.984531999999994,POS,37.4274999,-122.1697001,16.06999969482422,0.01421507314541867,GUIDED
47.084492,POS,37.4274999,-122.1697001,16.06999969482422,0.01421507314541867,GUIDED
47.184452,POS,37.4274999,-122.1697001,16.06999969482422,0.01421507314541867,GUIDED
47.284411999999996,POS,37.4274999,-122.1697001,16.06999969482422,0.01421507314541867,GUIDED
47.384372,POS,37.4274999,-122.1697001,16.06999969482422,0.01421507314541867,GUIDED
47.484331999999995,POS,37.4274999,-122.1697001,16.06999969482422,0.01421507314541867,GUIDED
47.584292,POS,37.4274999,-122.1697001,16.06999969482422,0.01421507314541867,GUIDED
47.684251999999994,POS,37.4274999,-122.1697001,16.06999969482422,0.01421507314541867,GUIDED
47.784212,POS,37.4274999,-122.1697001,16.06999969482422,0.01421507314541867,GUIDED
47.884172,POS,37.4274999,-122.1697001,16.06999969482422,0.01421507314541867,GUIDED
47.984964999999995,POS,37.4274999,-122.1697001,16.06999969482422,0.01421507314541867,GUIDED
48.084925,POS,37.4274999,-122.1697001,16.06999969482422,0.01421507314541867,GUIDED
48.184884999999994,POS,37.4274999,-122.1697001,16.09000015258789,0.01421507314541867,GUIDED
48.284845,POS,37.4274999,-122.1697001,16.100000381469727,0.01421507314541867,GUIDED
48.384805,POS,37.4274999,-122.1697001,16.119998931884766,0.01421507314541867,GUIDED
48.484764999999996,POS,37.4274999,-122.1697001,16.149999618530273,0.01421507314541867,GUIDED
48.584725,POS,37.4274999,-122.1697001,16.190000534057617,0.01421507314541867,GUIDED
48.684684999999995,POS,37.4274999,-122.1697001,16.239999771118164,0.01421507314541867,GUIDED
48.784645,POS,37.4274999,-122.1697001,16.34000015258789,0.01421507314541867,GUIDED
48.884605,POS,37.4274999,-122.1697001,16.459999084472656,0.01421507314541867,GUIDED
48.984564999999996,POS,37.4274999,-122.1697001,16.579999923706055,0.01421507314541867,GUIDED
49.084525,POS,37.4274999,-122.1697001,16.690000534057617,0.01421507314541867,GUIDED
49.184484999999995,POS,37.4274999,-122.1697,16.799999237060547,0.011131949209416398,GUIDED
49.284445,POS,37.4274999,-122.1697,16.920000076293945,0.011131949209416398,GUIDED
49.384404999999994,POS,37.4274999,-122.1697,17.049999237060547,0.011131949209416398,GUIDED
49.484365,POS,37.4274999,-122.1697,17.19999885559082,0.011131949209416398,GUIDED
49.584325,POS,37.4274999,-122.1697,17.350000381469727,0.011131949209416398,GUIDED
49.684284999999996,POS,37.4274999,-122.1697,17.510000228881836,0.011131949209416398,GUIDED
49.784245,POS,37.4274999,-122.1697,17.68000030517578,0.011131949209416398,GUIDED
49.884204999999994,POS,37.4274999,-122.1697,17.85999870300293,0.011131949209416398,GUIDED
49.984998,POS,37.4274999,-122.1697,18.049999237060547,0.011131949209416398,GUIDED
50.084958,POS,37.4274999,-122.1697,18.25,0.011131949209416398,GUIDED
50.184917999999996,POS,37.4274999,-122.1697,18.469999313354492,0.011131949209416398,GUIDED
50.284878,POS,37.4274999,-122.1696999,18.69999885559082,0.014215073926666955,GUIDED
50.384837999999995,POS,37.4274999,-122.1696999,18.93000030517578,0.014215073926666955,GUIDED
50.484798,POS,37.4274999,-122.1696999,19.18000030517578,0.014215073926666955,GUIDED
50.584757999999994,POS,37.4274999,-122.1696999,19.43000030517578,0.014215073926666955,GUIDED
50.684718,POS,37.4274999,-122.1696999,19.68000030517578,0.014215073926666955,GUIDED
50.784678,POS,37.4275,-122.1696999,19.939998626708984,0.008840137636665813,GUIDED
50.884637999999995,POS,37.4275,-122.1696999,20.19999885559082,0.008840137636665813,GUIDED
50.984598,POS,37.4275,-122.1696999,20.459999084472656,0.008840137636665813,GUIDED
51.084557999999994,POS,37.4275,-122.1696999,20.719999313354492,0.008840137636665813,GUIDED
51.184518,POS,37.4275,-122.1696999,20.969999313354492,0.008840137636665813,GUIDED
51.284478,POS,37.4275,-122.1696999,21.229999542236328,0.008840137636665813,GUIDED
51.384437999999996,POS,37.4275,-122.1696999,21.489999771118164,0.008840137636665813,GUIDED
51.484398,POS,37.4275,-122.1696999,21.739999771118164,0.008840137636665813,GUIDED
51.584357999999995,POS,37.4275,-122.1696999,22.0,0.008840137636665813,GUIDED
51.684318,POS,37.4275,-122.1696999,22.25,0.008840137636665813,GUIDED
51.784278,POS,37.4275,-122.1696999,22.5,0.008840137636665813,GUIDED
51.884237999999996,POS,37.4275,-122.1696999,22.75,0.008840137636665813,GUIDED
51.984198,POS,37.4275,-122.1696999,23.0,0.008840137636665813,GUIDED
52.084990999999995,POS,37.4275,-122.1696999,23.25,0.008840137636665813,GUIDED
52.184951,POS,37.4275001,-122.1696999,23.5,0.0142150739193237,GUIDED
52.284910999999994,POS,37.4275001,-122.1696999,23.75,0.0142150739193237,GUIDED
52.384871,POS,37.4275001,-122.1696999,24.0,0.0142150739193237,GUIDED
52.484831,POS,37.4275001,-122.1696999,24.25,0.0142150739193237,GUIDED
52.584790999999996,POS,37.4275001,-122.1696999,24.5,0.0142150739193237,GUIDED
52.684751,POS,37.4275001,-122.1696999,24.739999771118164,0.0142150739193237,GUIDED
52.784710999999994,POS,37.4275001,-122.1696999,24.989999771118164,0.0142150739193237,GUIDED
52.884671,POS,37.4275001,-122.1696999,25.239999771118164,0.0142150739193237,GUIDED
52.984631,POS,37.4275001,-122.1696999,25.489999771118164,0.0142150739193237,GUIDED
53.084590999999996,POS,37.4275001,-122.1696999,25.739999771118164,0.0142150739193237,GUIDED
53.184551,POS,37.4275001,-122.1696998,25.989999771118164,0.02089287874138602,GUIDED
53.284510999999995,POS,37.4275001,-122.1696998,26.239999771118164,0.02089287874138602,GUIDED
53.384471,POS,37.4275001,-122.1696998,26.489999771118164,0.02089287874138602,GUIDED
53.484430999999994,POS,37.4275001,-122.1696998,26.739999771118164,0.02089287874138602,GUIDED
53.584391,POS,37.4275001,-122.1696998,26.979999542236328,0.02089287874138602,GUIDED
53.684351,POS,37.4275001,-122.1696998,27.229999542236328,0.02089287874138602,GUIDED
53.784310999999995,POS,37.4275001,-122.1696998,27.479999542236328,0.02089287874138602,GUIDED
53.884271,POS,37.4275001,-122.1696998,27.729999542236328,0.02089287874138602,GUIDED
53.984230999999994,POS,37.4275001,-122.1696998,27.979999542236328,0.02089287874138602,GUIDED
54.084191,POS,37.4275001,-122.1696998,28.229999542236328,0.02089287874138602,GUIDED
54.184984,POS,37.4275001,-122.1696998,28.469999313354492,0.02089287874138602,GUIDED
54.284943999999996,POS,37.4275001,-122.1696998,28.719999313354492,0.02089287874138602,GUIDED
54.384904,POS,37.4275001,-122.1696998,28.969999313354492,0.02089287874138602,GUIDED
54.484863999999995,POS,37.4275001,-122.1696998,29.219999313354492,0.02089287874138602,GUIDED
54.584824,POS,37.4275001,-122.1696998,29.469999313354492,0.02089287874138602,GUIDED
54.684784,POS,37.4275,-122.1696998,29.719999313354492,0.017680274017072613,GUIDED
54.784743999999996,POS,37.4275,-122.1696998,29.959999084472656,0.017680274017072613,GUIDED
54.884704,POS,37.4275,-122.1696998,30.209999084472656,0.017680274017072613,GUIDED
54.984663999999995,POS,37.4275,-122.1696998,30.459999084472656,0.017680274017072613,GUIDED
55.084624,POS,37.4275,-122.1696998,30.709999084472656,0.017680274017072613,GUIDED
55.184583999999994,POS,37.4275,-122.1696998,30.94999885559082,0.017680274017072613,GUIDED
55.284544,POS,37.4275,-122.1696998,31.17999839782715,0.017680274017072613,GUIDED
55.384504,POS,37.4275,-122.1696998,31.40999984741211,0.017680274017072613,GUIDED
55.484463999999996,POS,37.4275,-122.1696998,31.639999389648438,0.017680274017072613,GUIDED
55.584424,POS,37.4275,-122.1696998,31.85999870300293,0.017680274017072613,GUIDED
55.684383999999994,POS,37.4275,-122.1696998,32.07999801635742,0.017680274017072613,GUIDED
55.784344,POS,37.4275,-122.1696998,32.290000915527344,0.017680274017072613,GUIDED
55.884304,POS,37.4275,-122.1696998,32.48999786376953,0.017680274017072613,GUIDED
55.984263999999996,POS,37.4275,-122.1696998,32.689998626708984,0.017680274017072613,GUIDED
56.084224,POS,37.4275,-122.1696998,32.88999938964844,0.017680274017072613,GUIDED
56.184183999999995,POS,37.4275,-122.1696998,33.06999969482422,0.017680274017072613,GUIDED
56.284977,POS,37.4275,-122.1696998,33.25,0.017680274017072613,GUIDED
56.384936999999994,POS,37.4275,-122.1696998,33.43000030517578,0.017680274017072613,GUIDED
56.484897,POS,37.4275,-122.1696998,33.599998474121094,0.017680274017072613,GUIDED
56.584857,POS,37.4275,-122.1696998,33.77000045776367,0.017680274017072613,GUIDED
56.684816999999995,POS,37.4275,-122.1696998,33.91999816894531,0.017680274017072613,GUIDED
56.784777,POS,37.4275,-122.1696998,34.07999801635742,0.017680274017072613,GUIDED
56.884736999999994,POS,37.4275,-122.1696998,34.22999954223633,0.017680274017072613,GUIDED
56.984697,POS,37.4275,-122.1696998,34.369998931884766,0.017680274017072613,GUIDED
57.084657,POS,37.4275,-122.1696998,34.5,0.017680274017072613,GUIDED
57.184616999999996,POS,37.4275,-122.1696998,34.63999938964844,0.017680274017072613,GUIDED
57.284577,POS,37.4275,-122.1696998,34.7599983215332,0.017680274017072613,GUIDED
57.384536999999995,POS,37.4275,-122.1696998,34.880001068115234,0.017680274017072613,GUIDED
57.484497,POS,37.4275,-122.1696998,35.0,0.017680274017072613,GUIDED
57.584457,POS,37.4275,-122.1696998,35.11000061035156,0.017680274017072613,GUIDED
57.684416999999996,POS,37.4275,-122.1696998,35.209999084472656,0.017680274017072613,GUIDED
57.784377,POS,37.4275,-122.1696998,35.30999755859375,0.017680274017072613,GUIDED
57.884336999999995,POS,37.4275,-122.1696998,35.40999984741211,0.017680274017072613,GUIDED
57.984297,POS,37.4275,-122.1696998,35.48999786376953,0.017680274017072613,GUIDED
58.084256999999994,POS,37.4275,-122.1696996,35.56999969482422,0.03536054803414523,GUIDED
58.184217,POS,37.4275,-122.1696991,35.630001068115234,0.07956123244869726,GUIDED
58.284177,POS,37.4275,-122.1696983,35.68000030517578,0.1502823285169877,GUIDED
58.384969999999996,POS,37.4275,-122.169697,35.72999954223633,0.26520410774357117,GUIDED
58.48493,POS,37.4275,-122.1696953,35.7599983215332,0.4154864350042998,GUIDED
58.584889999999994,POS,37.4275001,-122.169693,35.779998779296875,0.6189097037721744,GUIDED
58.68485,POS,37.4275001,-122.1696903,35.79999923706055,0.857565534086242,GUIDED
58.78481,POS,37.4275001,-122.1696872,35.79999923706055,1.131592279932382,GUIDED
58.884769999999996,POS,37.4275001,-122.1696835,35.79999923706055,1.458665066388513,GUIDED
58.98473,POS,37.4275001,-122.1696794,35.79999923706055,1.8211022249350635,GUIDED
59.084689999999995,POS,37.4275001,-122.1696749,35.790000915527344,2.218902285866393,GUIDED
59.18465,POS,37.4275001,-122.1696699,35.790000915527344,2.660904492486203,GUIDED
59.284609999999994,POS,37.4275002,-122.1696645,35.779998779296875,3.1383275712084333,GUIDED
59.38457,POS,37.4275002,-122.1696587,35.779998779296875,3.65104442029686,GUIDED
59.48453,POS,37.4275002,-122.1696525,35.77000045776367,4.199124047463571,GUIDED
59.584489999999995,POS,37.4275002,-122.169646,35.7599983215332,4.7737258408778365,GUIDED
59.68445,POS,37.4275002,-122.1696391,35.7599983215332,5.383689404470228,GUIDED
59.784409999999994,POS,37.4275001,-122.1696319,35.7599983215332,6.020143521216656,GUIDED
59.88437,POS,37.4275001,-122.1696244,35.75,6.683152767203551,GUIDED
59.98433,POS,37.4275001,-122.1696167,35.75,7.363842451248919,GUIDED
60.084289999999996,POS,37.4275001,-122.1696088,35.75,8.062212537437993,GUIDED
60.18425,POS,37.4275,-122.1696008,35.75,8.76941581071063,GUIDED
60.284209999999995,POS,37.4275,-122.1695927,35.75,9.48546690023628,GUIDED
60.385003,POS,37.4275,-122.1695845,35.75,10.210358126142319,GUIDED
60.484963,POS,37.4275,-122.1695763,35.75,10.935249352048338,GUIDED
60.584922999999996,POS,37.4275,-122.1695679,35.75,11.677820851971402,GUIDED
60.684883,POS,37.4274999,-122.1695595,35.75,12.420397348770674,GUIDED
60.784842999999995,POS,37.4274999,-122.1695509,35.75,13.180648835480198,GUIDED
60.884803,POS,37.4274999,-122.1695424,35.75,13.932060220006477,GUIDED
60.984762999999994,POS,37.4274999,-122.1695338,35.75,14.692311764328904,GUIDED
61.084723,POS,37.4274999,-122.1695251,35.75,15.461403465388937,GUIDED
61.184683,POS,37.4274999,-122.1695163,35.75,16.23933532189392,GUIDED
61.284642999999996,POS,37.4274999,-122.1695076,35.75,17.008427060200408,GUIDED
61.384603,POS,37.4274999,-122.1694987,35.75,17.795199084000707,GUIDED
61.484562999999994,POS,37.4274999,-122.1694898,35.75,18.581971122696203,GUIDED
61.584523,POS,37.4274999,-122.1694809,35.75,19.368743172112296,GUIDED
61.684483,POS,37.4274999,-122.1694719,35.75,20.164355367141294,GUIDED
61.784442999999996,POS,37.4274999,-122.1694628,35.75,20.96880770814883,GUIDED
61.88440299999999,POS,37.4274999,-122.1694538,35.75,21.76441992263674,GUIDED
61.984363,POS,37.4274999,-122.1694447,35.75,22.5688722800539,GUIDED
62.084323,POS,37.4274999,-122.1694356,35.75,23.37332464445599,GUIDED
62.18428299999999,POS,37.4274999,-122.1694264,35.75,24.186617150595445,GUIDED
62.284243000000004,POS,37.4274999,-122.1694173,35.75,24.991069527024884,GUIDED
62.384203,POS,37.4274999,-122.1694081,35.75,25.804362045417218,GUIDED
62.484995999999995,POS,37.4274999,-122.1693989,35.75,26.617654567328394,GUIDED
62.58495599999999,POS,37.4274999,-122.1693897,35.75,27.430947094846196,GUIDED
62.684916,POS,37.4274999,-122.1693803,35.75,28.261919897738785,GUIDED
62.784876,POS,37.4274999,-122.1693709,35.75,29.09289270442521,GUIDED
62.88483599999999,POS,37.4274999,-122.1693615,35.75,29.923865515845666,GUIDED
62.984796,POS,37.4274999,-122.1693521,35.75,30.75483832920573,GUIDED
63.084756,POS,37.4274999,-122.1693427,35.75,31.585811145509403,GUIDED
63.184715999999995,POS,37.4274999,-122.1693333,35.7599983215332,32.416783964530325,GUIDED
63.28467599999999,POS,37.4274999,-122.1693239,35.7599983215332,33.247756787320995,GUIDED
63.384636,POS,37.4274999,-122.1693145,35.7599983215332,34.078729611185025,GUIDED
63.484595999999996,POS,37.4274999,-122.1693051,35.7599983215332,34.9097024372123,GUIDED
63.58455599999999,POS,37.4274999,-122.1692957,35.7599983215332,35.74067526525195,GUIDED
63.684516,POS,37.4274999,-122.1692863,35.7599983215332,36.571648096423026,GUIDED
63.784476,POS,37.4274999,-122.169277,35.7599983215332,37.39378079209337,GUIDED
63.884435999999994,POS,37.4274999,-122.1692676,35.7599983215332,38.224753625377595,GUIDED
63.984396000000004,POS,37.4274999,-122.1692583,35.7599983215332,39.04688632416742,GUIDED
64.084356,POS,37.4274999,-122.169249,35.7599983215332,39.869019024364675,GUIDED
64.184316,POS,37.4274999,-122.1692397,35.7599983215332,40.6911517246278,GUIDED
64.28427599999999,POS,37.4274999,-122.1692305,35.7599983215332,41.50444429132238,GUIDED
64.384236,POS,37.4274999,-122.1692213,35.7599983215332,42.31773685790748,GUIDED
64.484196,POS,37.4274999,-122.1692121,35.7599983215332,43.131029426830736,GUIDED
64.584989,POS,37.4274999,-122.169203,35.7599983215332,43.93548185941698,GUIDED
64.684949,POS,37.4274999,-122.1691938,35.7599983215332,44.748774429061704,GUIDED
64.784909,POS,37.4274999,-122.1691846,35.7599983215332,45.56206700087762,GUIDED
64.884869,POS,37.4274999,-122.1691753,35.77000045776367,46.384199708435695,GUIDED
64.98482899999999,POS,37.4274999,-122.169166,35.77000045776367,47.206332418089474,GUIDED
65.084789,POS,37.4274999,-122.1691568,35.77000045776367,48.01962499239082,GUIDED
65.184749,POS,37.4274999,-122.1691475,35.77000045776367,48.84175770358914,GUIDED
65.28470899999999,POS,37.4274999,-122.1691383,35.77000045776367,49.65505027808599,GUIDED
65.384669,POS,37.4274999,-122.169129,35.77000045776367,50.477182990679914,GUIDED
65.484629,POS,37.4274999,-122.1691198,35.77000045776367,51.29047556649077,GUIDED
65.584589,POS,37.4274999,-122.1691106,35.77000045776367,52.10376814416539,GUIDED
65.684549,POS,37.4274999,-122.1691014,35.77000045776367,52.917060721163224,RTL
65.784509,POS,37.4274999,-122.1690923,35.77000045776367,53.72151316251773,RTL
65.884469,POS,37.4274999,-122.1690832,35.77000045776367,54.52596560438946,RTL
65.98442899999999,POS,37.4274999,-122.1690745,35.779998779296875,55.29505750067069,RTL
66.084389,POS,37.4274999,-122.169066,35.790000915527344,56.04646912244901,RTL
66.184349,POS,37.4274999,-122.169058,35.79999923706055,56.7536800610305,RTL
66.284309,POS,37.4274999,-122.1690503,35.82999801635742,57.43437059129012,RTL
66.384269,POS,37.4274999,-122.169043,35.86000061035156,58.079700573188056,RTL
66.484229,POS,37.4274999,-122.1690361,35.88999938964844,58.68967000918376,RTL
66.584189,POS,37.4274999,-122.1690296,35.93000030517578,59.264278897973355,RTL
66.68498199999999,POS,37.4274998,-122.1690236,35.96999740600586,59.79469025186062,RTL
66.784942,POS,37.4274998,-122.169018,36.0,60.289737885937626,RTL
66.884902,POS,37.4274998,-122.1690129,36.040000915527344,60.740584837806445,RTL
66.98486199999999,POS,37.4274998,-122.1690083,36.05999755859375,61.147231108579305,RTL
67.084822,POS,37.4274998,-122.1690044,36.07999801635742,61.491996425248665,RTL
67.184782,POS,37.4274997,-122.169001,36.09000015258789,61.792566116650605,RTL
67.284742,POS,37.4274997,-122.1689984,36.09000015258789,62.022409642119904,RTL
67.38470199999999,POS,37.4274997,-122.1689964,36.09000015258789,62.19921235583036,RTL
67.484662,POS,37.4274997,-122.168995,36.09000015258789,62.32297425513707,RTL
67.584622,POS,37.4274997,-122.1689943,36.07999801635742,62.3848552048169,RTL
67.68458199999999,POS,37.4274997,-122.168994,36.06999969482422,62.41137561146902,RTL
67.784542,POS,37.4274997,-122.1689943,36.06999969482422,62.3848552048169,RTL
67.884502,POS,37.4274997,-122.1689949,36.05999755859375,62.33181439026615,RTL
67.984462,POS,37.4274996,-122.168996,36.05999755859375,62.234579908282,RTL
68.084422,POS,37.4274996,-122.1689973,36.04999923706055,62.119658158218805,RTL
68.184382,POS,37.4274996,-122.168999,36.04999923706055,61.9693758692597,RTL
68.284342,POS,37.4274996,-122.169001,36.04999923706055,61.79257317690326,RTL
68.38430199999999,POS,37.4274996,-122.1690033,36.04999923706055,61.58925008001321,RTL
68.484262,POS,37.4274996,-122.169006,36.04999923706055,61.35056644591005,RTL
68.584222,POS,37.4274996,-122.1690089,36.04999923706055,61.09420254292645,RTL
68.68418199999999,POS,37.4274996,-122.1690123,36.04999923706055,60.79363796657326,RTL
68.784975,POS,37.4274996,-122.1690159,36.04999923706055,60.47539312300046,RTL
68.884935,POS,37.4274996,-122.1690199,36.04999923706055,60.12178774315586,RTL
68.984895,POS,37.4274996,-122.1690244,36.04999923706055,59.72398169093909,RTL
69.08485499999999,POS,37.4274996,-122.1690293,36.04999923706055,59.29081510203274,RTL
69.184815,POS,37.4274996,-122.1690345,36.04999923706055,58.83112811329222,RTL
69.284775,POS,37.4274996,-122.1690402,36.04999923706055,58.327240453691125,RTL
69.38473499999999,POS,37.4274996,-122.1690462,36.04999923706055,57.7968323940259,RTL
69.484695,POS,37.4274996,-122.1690526,36.04999923706055,57.231063799817555,RTL
69.584655,POS,37.4274997,-122.1690594,36.05999755859375,56.629926976360416,RTL
69.684615,POS,37.4274997,-122.1690665,36.05999755859375,56.00227736477206,RTL
69.784575,POS,37.4274997,-122.1690739,36.05999755859375,55.34810735006026,RTL
69.884535,POS,37.4274998,-122.1690815,36.05999755859375,54.676251364798844,RTL
69.984495,POS,37.4274998,-122.1690894,36.05999755859375,53.97788060700778,RTL
70.08445499999999,POS,37.4274998,-122.1690974,36.05999755859375,53.270669715133856,RTL
70.184415,POS,37.4274998,-122.1691054,36.05999755859375,52.563458823643835,RTL
70.284375,POS,37.4274999,-122.1691134,36.06999969482422,51.85624431595099,RTL
70.384335,POS,37.4274999,-122.1691213,36.06999969482422,51.1578735162904,RTL
70.484295,POS,37.4274999,-122.1691292,36.06999969482422,50.4595027170812,RTL
70.584255,POS,37.4274999,-122.1691371,36.06999969482422,49.76113191834242,RTL
70.684215,POS,37.4274999,-122.169145,36.06999969482422,49.062761120094166,RTL
70.78417499999999,POS,37.4275,-122.1691529,36.06999969482422,48.36438900894584,RTL
70.884968,POS,37.4275,-122.1691609,36.06999969482422,47.65717805705969,RTL
70.984928,POS,37.4275,-122.1691689,36.06999969482422,46.94996710391719,RTL
71.08488799999999,POS,37.4275001,-122.169177,36.05999755859375,46.23391732366101,RTL
71.184848,POS,37.4275001,-122.1691853,36.05999755859375,45.500185983478296,RTL
71.284808,POS,37.4275002,-122.1691935,36.05999755859375,44.77529890035064,RTL
71.384768,POS,37.4275002,-122.1692017,36.05999755859375,44.05040776650241,RTL
71.484728,POS,37.4275002,-122.16921,36.05999755859375,43.3166764992447,RTL
71.584688,POS,37.4275002,-122.1692183,36.05999755859375,42.58294523652741,RTL
71.684648,POS,37.4275002,-122.1692267,36.05999755859375,41.84037384089347,RTL
71.78460799999999,POS,37.4275002,-122.1692351,36.05999755859375,41.0978024489922,RTL
71.884568,POS,37.4275003,-122.1692436,36.05999755859375,40.34639857632756,RTL
71.984528,POS,37.4275003,-122.169252,36.05999755859375,39.603827337044365,RTL
72.084488,POS,37.4275003,-122.1692606,36.05999755859375,38.84357584021471,RTL
72.184448,POS,37.4275003,-122.1692691,36.05999755859375,38.09216448860871,RTL
72.284408,POS,37.4275004,-122.1692777,36.05999755859375,37.33192460735206,RTL
72.384368,POS,37.4275004,-122.1692863,36.05999755859375,36.57167338747728,RTL
72.48432799999999,POS,37.4275004,-122.1692949,36.05999755859375,35.81142219104097,RTL
72.584288,POS,37.4275004,-122.1693035,36.05999755859375,35.05117101956825,RTL
72.684248,POS,37.4275004,-122.1693122,36.05999755859375,34.28207974581769,RTL
72.78420799999999,POS,37.4275004,-122.1693209,36.05999755859375,33.5129884999338,RTL
72.885001,POS,37.4275004,-122.1693296,36.05999755859375,32.74389728648121,RTL
72.984961,POS,37.4275004,-122.1693384,36.05999755859375,31.96596597741446,RTL
73.084921,POS,37.4275004,-122.1693471,36.05999755859375,31.19687483371036,RTL
73.18488099999999,POS,37.4275005,-122.1693561,36.05999755859375,30.401281667887563,RTL
73.284841,POS,37.4275006,-122.1693649,36.05999755859375,29.6233739483533,RTL
73.384801,POS,37.4275006,-122.1693739,36.05999755859375,28.827763708948794,RTL
73.48476099999999,POS,37.4275006,-122.1693828,36.05999755859375,28.04099369876663,RTL
73.584721,POS,37.4275006,-122.1693918,36.05999755859375,27.24538370288261,RTL
73.684681,POS,37.4275006,-122.1694008,36.05999755859375,26.449773846744613,RTL
73.784641,POS,37.4275006,-122.1694098,36.05999755859375,25.65416414461068,RTL
73.884601,POS,37.4275006,-122.1694188,36.05999755859375,24.8585546086346,RTL
73.984561,POS,37.4275006,-122.1694278,36.05999755859375,24.062945257934874,RTL
74.084521,POS,37.4275006,-122.1694369,36.05999755859375,23.258496008968653,RTL
74.18448099999999,POS,37.4275006,-122.169446,36.05999755859375,22.45404698973393,RTL
74.284441,POS,37.4275005,-122.1694551,36.05999755859375,21.649566758785912,RTL
74.384401,POS,37.4275005,-122.1694642,36.04999923706055,20.84511706433169,RTL
74.48436099999999,POS,37.4275005,-122.1694733,36.04999923706055,20.040667590296554,RTL
74.584321,POS,37.4275005,-122.1694824,36.04999923706055,19.23621836700408,RTL
74.684281,POS,37.4275005,-122.1694915,36.04999923706055,18.43176942586431,RTL
74.784241,POS,37.4275005,-122.1695005,36.04999923706055,17.63616089906617,RTL
74.88420099999999,POS,37.4275005,-122.1695096,36.04999923706055,16.83171264119659,RTL
74.984994,POS,37.4275005,-122.1695187,36.04999923706055,16.02726480472396,RTL
75.084954,POS,37.4275005,-122.1695278,36.04999923706055,15.222817456454294,RTL
75.18491399999999,POS,37.4275005,-122.169537,36.04999923706055,14.409530606405049,RTL
75.284874,POS,37.4275005,-122.1695462,36.04999923706055,13.59624444469983,RTL
75.384834,POS,37.4275005,-122.1695554,36.04999923706055,12.782959101225492,RTL
75.484794,POS,37.4275004,-122.1695645,36.04999923706055,11.978468236805748,RTL
75.584754,POS,37.4275004,-122.1695737,36.04999923706055,11.165181672805732,RTL
75.684714,POS,37.4275004,-122.1695829,36.04999923706055,10.351896056065428,RTL
75.784674,POS,37.4275004,-122.1695921,36.04999923706055,9.53861162762572,RTL
75.88463399999999,POS,37.4275004,-122.1696012,36.04999923706055,8.734168743992127,RTL
75.984594,POS,37.4275004,-122.1696103,36.04999923706055,7.929727802577576,RTL
76.084554,POS,37.4275004,-122.1696192,36.05999755859375,7.142969390792991,RTL
76.184514,POS,37.4275004,-122.1696278,36.05999755859375,6.382734150262691,RTL
76.284474,POS,37.4275003,-122.1696361,36.05999755859375,5.64894618803155,RTL
76.384434,POS,37.4275003,-122.1696439,36.04999923706055,4.959429236586135,RTL
76.484394,POS,37.4275003,-122.1696512,36.04999923706055,4.314116062895544,RTL
76.58435399999999,POS,37.4275003,-122.1696582,36.04999923706055,3.6953281269382114,RTL
76.684314,POS,37.4275003,-122.1696646,36.040000915527344,3.129586647081728,RTL
76.784274,POS,37.4275003,-122.1696707,36.040000915527344,2.5903753920522568,RTL
76.88423399999999,POS,37.4275003,-122.1696763,36.040000915527344,2.0953785883664935,RTL
76.984194,POS,37.4275003,-122.1696815,36.029998779296875,1.6357662658585996,RTL
77.084987,POS,37.4275003,-122.1696863,36.029998779296875,1.2115591095212237,RTL
77.184947,POS,37.4275003,-122.1696906,36.029998779296875,0.8316436679908488,RTL
77.284907,POS,37.4275003,-122.1696946,36.029998779296875,0.47853412625290215,RTL
77.384867,POS,37.4275003,-122.1696981,36.029998779296875,0.17125045372475858,RTL
77.484827,POS,37.4275003,-122.1697011,36.029998779296875,0.10281630650581869,RTL
77.58478699999999,POS,37.4275003,-122.1697037,36.029998779296875,0.3287855256094696,RTL
77.684747,POS,37.4275003,-122.1697058,36.029998779296875,0.5138143849761543,RTL
77.784707,POS,37.4275004,-122.1697074,36.029998779296875,0.6556838270892685,RTL
77.884667,POS,37.4275004,-122.1697086,36.040000915527344,0.7615546476202746,RTL
77.984627,POS,37.4275004,-122.1697094,36.040000915527344,0.8321650254209744,RTL
78.084587,POS,37.4275004,-122.1697098,36.040000915527344,0.8674769793208769,RTL
78.184547,POS,37.4275004,-122.1697101,36.040000915527344,0.8939634651810489,RTL
78.28450699999999,POS,37.4275004,-122.1697103,36.04999923706055,0.9116222187074429,RTL
78.384467,POS,37.4275004,-122.1697104,36.04999923706055,0.9204519046822223,RTL
78.484427,POS,37.4275004,-122.1697105,36.04999923706055,0.9292817893657414,RTL
78.58438699999999,POS,37.4275003,-122.1697106,36.04999923706055,0.9376494210388595,RTL
78.684347,POS,37.4275003,-122.1697107,36.04999923706055,0.9464840009613704,RTL
78.784307,POS,37.4275003,-122.1697107,36.040000915527344,0.9464840009613704,RTL
78.884267,POS,37.4275003,-122.1697107,36.040000915527344,0.9464840009613704,RTL
78.984227,POS,37.4275003,-122.1697107,36.040000915527344,0.9464840009613704,RTL
79.084187,POS,37.4275003,-122.1697106,36.040000915527344,0.9376494210388595,RTL
79.18498,POS,37.4275003,-122.1697105,36.040000915527344,0.9288149455961828,RTL
79.28493999999999,POS,37.4275003,-122.1697104,36.040000915527344,0.9199805801903432,RTL
79.3849,POS,37.4275003,-122.1697103,36.040000915527344,0.9111463267300719,RTL
79.48486,POS,37.4275003,-122.1697101,36.040000915527344,0.8934781676731345,RTL
79.58482,POS,37.4275002,-122.1697098,36.040000915527344,0.866619448300986,RTL
79.68478,POS,37.4275002,-122.1697096,36.040000915527344,0.8489451312929261,RTL
79.78474,POS,37.4275002,-122.1697093,36.040000915527344,0.8224341352981721,RTL
79.8847,POS,37.4275002,-122.169709,36.040000915527344,0.7959237679106845,RTL
79.98465999999999,POS,37.4275002,-122.1697086,36.040000915527344,0.7605777010752482,RTL
80.08462,POS,37.4275002,-122.1697083,36.040000915527344,0.7340690646678115,RTL
80.18458,POS,37.4275002,-122.1697079,36.040000915527344,0.6987256083677746,RTL
80.28453999999999,POS,37.4275001,-122.1697076,36.040000915527344,0.6719426202067615,RTL
80.3845,POS,37.4275001,-122.1697072,36.040000915527344,0.6365871958451929,RTL
80.48446,POS,37.4275001,-122.1697069,36.040000915527344,0.6100710156582255,RTL
80.58442,POS,37.4275001,-122.1697065,36.040000915527344,0.5747167182662211,RTL
80.68437999999999,POS,37.4275001,-122.1697062,36.040000915527344,0.5482015226764634,RTL
80.78434,POS,37.4275001,-122.1697058,36.040000915527344,0.5128487697342632,RTL
80.8843,POS,37.4275001,-122.1697055,36.040000915527344,0.4863349483920884,RTL
80.98425999999999,POS,37.4275001,-122.1697051,36.040000915527344,0.4509843910866569,RTL
81.08422,POS,37.4275001,-122.1697048,36.040000915527344,0.42447256594013083,RTL
81.18418,POS,37.4275001,-122.1697045,36.040000915527344,0.39796188360409873,RTL
81.284973,POS,37.4275,-122.1697042,36.040000915527344,0.37128574933348885,RTL
81.384933,POS,37.4275,-122.1697039,36.040000915527344,0.3447653389360094,RTL
81.484893,POS,37.4275,-122.1697036,36.04999923706055,0.31824492853853,RTL
81.584853,POS,37.4275,-122.1697034,36.04999923706055,0.3005646545214574,RTL
81.68481299999999,POS,37.4275,-122.1697031,36.04999923706055,0.27404424412397793,RTL
81.784773,POS,37.4275,-122.1697029,36.04999923706055,0.2563639701069053,RTL
81.884733,POS,37.4275,-122.1697027,36.04999923706055,0.23868369608983273,RTL
81.984693,POS,37.4275,-122.1697025,36.04999923706055,0.22100342207276014,RTL
82.084653,POS,37.4275,-122.1697023,36.04999923706055,0.20332314805568752,RTL
82.184613,POS,37.4275,-122.1697021,36.04999923706055,0.18564287403861493,RTL
82.284573,POS,37.4275,-122.169702,36.04999923706055,0.17680273765820811,RTL
82.38453299999999,POS,37.4275,-122.1697018,36.04999923706055,0.1591224636411355,RTL
82.484493,POS,37.4275,-122.1697017,36.04999923706055,0.1502823272607287,RTL
82.584453,POS,37.4275,-122.1697016,36.04999923706055,0.14144218962406288,RTL
82.68441299999999,POS,37.4275,-122.1697015,36.04999923706055,0.1326020532436561,RTL
82.784373,POS,37.4275,-122.1697014,36.04999923706055,0.12376191560699028,RTL
82.884333,POS,37.4275,-122.1697013,36.04999923706055,0.11492177922658348,RTL
82.984293,POS,37.4275,-122.1697012,36.04999923706055,0.10608164284617667,RTL
83.084253,POS,37.4275,-122.1697012,36.04999923706055,0.10608164284617667,RTL
83.184213,POS,37.4275,-122.1697011,36.04999923706055,0.09724150520951085,RTL
83.284173,POS,37.4275,-122.169701,36.04999923706055,0.08840136882910406,RTL
83.38496599999999,POS,37.4275,-122.169701,36.04999923706055,0.08840136882910406,RTL
83.484926,POS,37.4275,-122.1697009,36.04999923706055,0.07956123119243826,RTL
83.584886,POS,37.4275,-122.1697009,36.040000915527344,0.07956123119243826,RTL
83.684846,POS,37.4275,-122.1697009,36.0099983215332,0.07956123119243826,RTL
83.784806,POS,37.4275,-122.1697008,35.97999954223633,0.07072109481203144,RTL
83.884766,POS,37.4275,-122.1697008,35.939998626708984,0.07072109481203144,RTL
83.984726,POS,37.4275,-122.1697008,35.88999938964844,0.07072109481203144,RTL
84.08468599999999,POS,37.4275,-122.1697007,35.81999969482422,0.06188095843162464,RTL
84.184646,POS,37.4275,-122.1697007,35.75,0.06188095843162464,RTL
84.284606,POS,37.4275,-122.1697007,35.65999984741211,0.06188095843162464,RTL
84.38456599999999,POS,37.4275,-122.1697007,35.55999755859375,0.06188095843162464,RTL
84.484526,POS,37.4275,-122.1697007,35.459999084472656,0.06188095843162464,RTL
84.584486,POS,37.4275,-122.1697006,35.34000015258789,0.05304082079495882,RTL
84.684446,POS,37.4275,-122.1697006,35.20000076293945,0.05304082079495882,RTL
84.784406,POS,37.4275,-122.1697006,35.05999755859375,0.05304082079495882,RTL
84.884366,POS,37.4275,-122.1697006,34.90999984741211,0.05304082079495882,RTL
84.984326,POS,37.4275,-122.1697006,34.7599983215332,0.05304082079495882,RTL
85.08428599999999,POS,37.4275,-122.1697006,34.61000061035156,0.05304082079495882,RTL
85.184246,POS,37.4275,-122.1697006,34.45000076293945,0.05304082079495882,RTL
85.284206,POS,37.4275,-122.1697006,34.290000915527344,0.05304082079495882,RTL
85.384999,POS,37.4275,-122.1697005,34.130001068115234,0.04420068441455203,RTL
85.484959,POS,37.4275,-122.1697005,33.96999740600586,0.04420068441455203,RTL
85.584919,POS,37.4275,-122.1697005,33.81999969482422,0.04420068441455203,RTL
85.684879,POS,37.4275,-122.1697005,33.65999984741211,0.04420068441455203,RTL
85.78483899999999,POS,37.4275,-122.1697005,33.5,0.04420068441455203,RTL
85.884799,POS,37.4275,-122.1697005,33.349998474121094,0.04420068441455203,RTL
85.984759,POS,37.4275,-122.1697005,33.20000076293945,0.04420068441455203,RTL
86.08471899999999,POS,37.4275,-122.1697005,33.04999923706055,0.04420068441455203,RTL
86.184679,POS,37.4275,-122.1697004,32.89999771118164,0.03536054677788621,RTL
86.284639,POS,37.4275,-122.1697004,32.73999786376953,0.03536054677788621,RTL
86.384599,POS,37.4275,-122.1697004,32.59000015258789,0.03536054677788621,RTL
86.48455899999999,POS,37.4275,-122.1697004,32.439998626708984,0.03536054677788621,RTL
86.584519,POS,37.4275,-122.1697004,32.29999923706055,0.03536054677788621,RTL
86.684479,POS,37.4275,-122.1697004,32.14999771118164,0.03536054677788621,RTL
86.78443899999999,POS,37.4275,-122.1697003,32.0,0.02652041039747941,RTL
86.884399,POS,37.4275,-122.1697003,31.849998474121094,0.02652041039747941,RTL
86.984359,POS,37.4275,-122.1697003,31.69999885559082,0.02652041039747941,RTL
87.084319,POS,37.4275,-122.1697003,31.549999237060547,0.02652041039747941,RTL
87.184279,POS,37.4275,-122.1697003,31.399999618530273,0.02652041039747941,RTL
87.284239,POS,37.4275,-122.1697003,31.25,0.02652041039747941,RTL
87.384199,POS,37.4275,-122.1697003,31.099998474121094,0.02652041039747941,RTL
87.48499199999999,POS,37.4275,-122.1697002,30.94999885559082,0.0176802727608136,RTL
87.584952,POS,37.4275,-122.1697002,30.799999237060547,0.0176802727608136,RTL
87.684912,POS,37.4275,-122.1697002,30.649999618530273,0.0176802727608136,RTL
87.784872,POS,37.4275,-122.1697002,30.5,0.0176802727608136,RTL
87.884832,POS,37.4275,-122.1697002,30.349998474121094,0.0176802727608136,RTL
87.984792,POS,37.4275,-122.1697002,30.19999885559082,0.0176802727608136,RTL
88.084752,POS,37.4275,-122.1697002,30.049999237060547,0.0176802727608136,RTL
88.18471199999999,POS,37.4275,-122.1697002,29.899999618530273,0.0176802727608136,RTL
88.284672,POS,37.4275,-122.1697002,29.75,0.0176802727608136,RTL
88.384632,POS,37.4275,-122.1697002,29.599998474121094,0.0176802727608136,RTL
88.48459199999999,POS,37.4275,-122.1697002,29.44999885559082,0.0176802727608136,RTL
88.584552,POS,37.4275,-122.1697002,29.299999237060547,0.0176802727608136,RTL
88.684512,POS,37.4275,-122.1697002,29.149999618530273,0.0176802727608136,RTL
88.784472,POS,37.4275,-122.1697001,29.010000228881836,0.0088401363804068,RTL
88.884432,POS,37.4275,-122.1697001,28.85999870300293,0.0088401363804068,RTL
88.984392,POS,37.4275,-122.1697001,28.709999084472656,0.0088401363804068,RTL
89.084352,POS,37.4275,-122.1697001,28.559999465942383,0.0088401363804068,RTL
89.18431199999999,POS,37.4275,-122.1697001,28.40999984741211,0.0088401363804068,RTL
89.284272,POS,37.4275,-122.1697001,28.260000228881836,0.0088401363804068,RTL
89.384232,POS,37.4275,-122.1697001,28.10999870300293,0.0088401363804068,RTL
89.484192,POS,37.4275,-122.1697001,27.959999084472656,0.0088401363804068,RTL
89.584985,POS,37.4275,-122.1697001,27.809999465942383,0.0088401363804068,RTL
89.684945,POS,37.4275,-122.1697001,27.65999984741211,0.0088401363804068,RTL
89.784905,POS,37.4275,-122.1697001,27.510000228881836,0.0088401363804068,RTL
89.88486499999999,POS,37.4275,-122.1697001,27.35999870300293,0.0088401363804068,RTL
89.984825,POS,37.4275,-122.1697001,27.219999313354492,0.0088401363804068,RTL
90.084785,POS,37.4275,-122.1697001,27.09000015258789,0.0088401363804068,RTL
90.18474499999999,POS,37.4275,-122.1697001,26.959999084472656,0.0088401363804068,RTL
90.284705,POS,37.4275,-122.1697001,26.849998474121094,0.0088401363804068,RTL
90.384665,POS,37.4275,-122.1697,26.75,0.0,RTL
90.484625,POS,37.4275,-122.1697,26.65999984741211,0.0,RTL
90.584585,POS,37.4275,-122.1697,26.579999923706055,0.0,RTL
90.684545,POS,37.4275,-122.1697,26.510000228881836,0.0,RTL
90.784505,POS,37.4275,-122.1697,26.44999885559082,0.0,RTL
90.88446499999999,POS,37.4275,-122.1697,26.399999618530273,0.0,RTL
90.984425,POS,37.4275,-122.1697,26.35999870300293,0.0,RTL
91.084385,POS,37.4275,-122.1697,26.309999465942383,0.0,RTL
91.184345,POS,37.4275,-122.1697,26.26999855041504,0.0,RTL
91.284305,POS,37.4275,-122.1697,26.229999542236328,0.0,RTL
91.384265,POS,37.4275,-122.1697,26.189998626708984,0.0,RTL
91.484225,POS,37.4275,-122.1697,26.149999618530273,0.0,RTL
91.58418499999999,POS,37.4275,-122.1697,26.10999870300293,0.0,RTL
91.684978,POS,37.4275,-122.1697,26.059999465942383,0.0,RTL
91.784938,POS,37.4275,-122.1697,26.01999855041504,0.0,RTL
91.88489799999999,POS,37.4275,-122.1697,25.969999313354492,0.0,RTL
91.984858,POS,37.4275,-122.1697,25.920000076293945,0.0,RTL
92.084818,POS,37.4275,-122.1697,25.8799991607666,0.0,RTL
92.184778,POS,37.4275,-122.1697,25.829999923706055,0.0,RTL
92.28473799999999,POS,37.4275,-122.1697,25.779998779296875,0.0,RTL
92.384698,POS,37.4275,-122.1697,25.729999542236328,0.0,RTL
92.484658,POS,37.4275,-122.1697,25.68000030517578,0.0,RTL
92.58461799999999,POS,37.4275,-122.1697,25.6299991607666,0.0,RTL
92.684578,POS,37.4275,-122.1697,25.56999969482422,0.0,RTL
92.784538,POS,37.4275,-122.1697,25.51999855041504,0.0,RTL
92.884498,POS,37.4275,-122.1697,25.469999313354492,0.0,RTL
92.984458,POS,37.4275,-122.1697,25.420000076293945,0.0,RTL
93.084418,POS,37.4275,-122.1697,25.369998931884766,0.0,RTL
93.184378,POS,37.4275,-122.1697,25.31999969482422,0.0,RTL
93.28433799999999,POS,37.4275,-122.1697,25.26999855041504,0.0,RTL
93.384298,POS,37.4275,-122.1697,25.219999313354492,0.0,RTL
93.484258,POS,37.4275,-122.1697,25.170000076293945,0.0,RTL
93.58421799999999,POS,37.4275,-122.1697,25.119998931884766,0.0,RTL
93.684178,POS,37.4275,-122.1697,25.06999969482422,0.0,RTL
93.784971,POS,37.4275,-122.1697,25.01999855041504,0.0,RTL
93.884931,POS,37.4275,-122.1697,24.969999313354492,0.0,RTL
93.98489099999999,POS,37.4275,-122.1697,24.920000076293945,0.0,RTL
94.084851,POS,37.4275,-122.1697,24.85999870300293,0.0,RTL
94.184811,POS,37.4275,-122.1697,24.809999465942383,0.0,RTL
94.28477099999999,POS,37.4275,-122.1697,24.760000228881836,0.0,RTL
94.384731,POS,37.4275,-122.1697,24.709999084472656,0.0,RTL
94.484691,POS,37.4275,-122.1697,24.65999984741211,0.0,RTL
94.584651,POS,37.4275,-122.1697,24.60999870300293,0.0,RTL
94.684611,POS,37.4275,-122.1697,24.559999465942383,0.0,RTL
94.784571,POS,37.4275,-122.1697,24.510000228881836,0.0,RTL
94.884531,POS,37.4275,-122.1697,24.459999084472656,0.0,RTL
94.98449099999999,POS,37.4275,-122.1697,24.40999984741211,0.0,RTL
95.084451,POS,37.4275,-122.1697,24.35999870300293,0.0,RTL
95.184411,POS,37.4275,-122.1697,24.309999465942383,0.0,RTL
95.284371,POS,37.4275,-122.1697,24.260000228881836,0.0,RTL
95.384331,POS,37.4275,-122.1697,24.209999084472656,0.0,RTL
95.484291,POS,37.4275,-122.1697,24.15999984741211,0.0,RTL
95.584251,POS,37.4275,-122.1697,24.10999870300293,0.0,RTL
95.68421099999999,POS,37.4275,-122.1697,24.059999465942383,0.0,RTL
95.785004,POS,37.4275,-122.1697,24.010000228881836,0.0,RTL
95.884964,POS,37.4275,-122.1697,23.959999084472656,0.0,RTL
95.98492399999999,POS,37.4275,-122.1697,23.90999984741211,0.0,RTL
96.084884,POS,37.4275,-122.1697,23.85999870300293,0.0,RTL
96.184844,POS,37.4275,-122.1697,23.809999465942383,0.0,RTL
96.284804,POS,37.4275,-122.1697,23.760000228881836,0.0,RTL
96.384764,POS,37.4275,-122.1697,23.709999084472656,0.0,RTL
96.484724,POS,37.4275,-122.1697,23.65999984741211,0.0,RTL
96.584684,POS,37.4275,-122.1697,23.60999870300293,0.0,RTL
96.68464399999999,POS,37.4275,-122.1697,23.559999465942383,0.0,RTL
96.784604,POS,37.4275,-122.1697,23.510000228881836,0.0,RTL
96.884564,POS,37.4275,-122.1697,23.459999084472656,0.0,RTL
96.984524,POS,37.4275,-122.1697,23.40999984741211,0.0,RTL
97.084484,POS,37.4275,-122.1697,23.35999870300293,0.0,RTL
97.184444,POS,37.4275,-122.1697,23.309999465942383,0.0,RTL
97.284404,POS,37.4275,-122.1697,23.260000228881836,0.0,RTL
97.38436399999999,POS,37.4275,-122.1697,23.209999084472656,0.0,RTL
97.484324,POS,37.4275,-122.1697,23.15999984741211,0.0,RTL
97.584284,POS,37.4275,-122.1697,23.10999870300293,0.0,RTL
97.68424399999999,POS,37.4275,-122.1697,23.059999465942383,0.0,RTL
97.784204,POS,37.4275,-122.1697,23.010000228881836,0.0,RTL
97.884997,POS,37.4275,-122.1697,22.959999084472656,0.0,RTL
97.984957,POS,37.4275,-122.1697,22.90999984741211,0.0,RTL
98.08491699999999,POS,37.4275,-122.1697,22.85999870300293,0.0,RTL
98.184877,POS,37.4275,-122.1697,22.809999465942383,0.0,RTL
98.284837,POS,37.4275,-122.1697,22.760000228881836,0.0,RTL
98.38479699999999,POS,37.4275,-122.1697,22.709999084472656,0.0,RTL
98.484757,POS,37.4275,-122.1697,22.65999984741211,0.0,RTL
98.584717,POS,37.4275,-122.1697,22.60999870300293,0.0,RTL
98.684677,POS,37.4275,-122.1697,22.559999465942383,0.0,RTL
98.784637,POS,37.4275,-122.1697,22.510000228881836,0.0,RTL
98.884597,POS,37.4275,-122.1697,22.459999084472656,0.0,RTL
98.984557,POS,37.4275,-122.1697,22.40999984741211,0.0,RTL
99.08451699999999,POS,37.4275,-122.1697,22.35999870300293,0.0,RTL
99.184477,POS,37.4275,-122.1697,22.309999465942383,0.0,RTL
99.284437,POS,37.4275,-122.1697,22.25,0.0,RTL
99.38439699999999,POS,37.4275,-122.1697,22.19999885559082,0.0,RTL
99.484357,POS,37.4275,-122.1697,22.149999618530273,0.0,RTL
99.584317,POS,37.4275,-122.1697,22.100000381469727,0.0,RTL
99.684277,POS,37.4275,-122.1697,22.049999237060547,0.0,RTL
99.78423699999999,POS,37.4275,-122.1697,22.0,0.0,RTL
99.884197,POS,37.4275,-122.1697,21.94999885559082,0.0,RTL
99.98499,POS,37.4275,-122.1697,21.899999618530273,0.0,RTL
100.08494999999999,POS,37.4275,-122.1697,21.850000381469727,0.0,RTL
100.18491,POS,37.4275,-122.1697,21.799999237060547,0.0,RTL
100.28487,POS,37.4275,-122.1697,21.75,0.0,RTL
100.38483,POS,37.4275001,-122.1697,21.69999885559082,0.011131949209416398,RTL
100.48479,POS,37.4275001,-122.1697,21.649999618530273,0.011131949209416398,RTL
100.58475,POS,37.4275001,-122.1697,21.600000381469727,0.011131949209416398,RTL
100.68471,POS,37.4275001,-122.1697,21.549999237060547,0.011131949209416398,RTL
100.78466999999999,POS,37.4275001,-122.1697,21.5,0.011131949209416398,RTL
100.88463,POS,37.4275001,-122.1697,21.44999885559082,0.011131949209416398,RTL
100.98459,POS,37.4275001,-122.1697,21.399999618530273,0.011131949209416398,RTL
101.08455,POS,37.4275001,-122.1697,21.350000381469727,0.011131949209416398,RTL
101.18451,POS,37.4275001,-122.1697,21.299999237060547,0.011131949209416398,RTL
101.28447,POS,37.4275001,-122.1697,21.25,0.011131949209416398,RTL
101.38443,POS,37.4275001,-122.1697,21.19999885559082,0.011131949209416398,RTL
101.48438999999999,POS,37.4275001,-122.1697,21.149999618530273,0.011131949209416398,RTL
101.58435,POS,37.4275001,-122.1697,21.100000381469727,0.011131949209416398,RTL
101.68431,POS,37.4275001,-122.1697,21.049999237060547,0.011131949209416398,RTL
101.78426999999999,POS,37.4275001,-122.1697,21.0,0.011131949209416398,RTL
101.88423,POS,37.4275001,-122.1697,20.94999885559082,0.011131949209416398,RTL
101.98419,POS,37.4275001,-122.1697,20.899999618530273,0.011131949209416398,RTL
102.084983,POS,37.4275001,-122.1697,20.850000381469727,0.011131949209416398,RTL
102.184943,POS,37.4275001,-122.1697,20.799999237060547,0.011131949209416398,RTL
102.284903,POS,37.4275001,-122.1697,20.75,0.011131949209416398,RTL
102.384863,POS,37.4275001,-122.1697,20.69999885559082,0.011131949209416398,RTL
102.48482299999999,POS,37.4275001,-122.1697,20.649999618530273,0.011131949209416398,RTL
102.584783,POS,37.4275001,-122.1697,20.600000381469727,0.011131949209416398,RTL
102.684743,POS,37.4275001,-122.1697,20.549999237060547,0.011131949209416398,RTL
102.784703,POS,37.4275001,-122.1697,20.5,0.011131949209416398,RTL
102.884663,POS,37.4275001,-122.1697,20.44999885559082,0.011131949209416398,RTL
102.984623,POS,37.4275001,-122.1697,20.399999618530273,0.011131949209416398,RTL
103.084583,POS,37.4275001,-122.1697,20.350000381469727,0.011131949209416398,RTL
103.18454299999999,POS,37.4275001,-122.1697,20.299999237060547,0.011131949209416398,RTL
103.284503,POS,37.4275001,-122.1697,20.25,0.011131949209416398,RTL
103.384463,POS,37.4275001,-122.1697,20.19999885559082,0.011131949209416398,RTL
103.48442299999999,POS,37.4275001,-122.1697,20.149999618530273,0.011131949209416398,RTL
103.584383,POS,37.4275001,-122.1697,20.100000381469727,0.011131949209416398,RTL
103.684343,POS,37.4275001,-122.1697,20.049999237060547,0.011131949209416398,RTL
103.784303,POS,37.4275001,-122.1697,20.0,0.011131949209416398,RTL
103.88426299999999,POS,37.4275001,-122.1697,19.94999885559082,0.011131949209416398,RTL
103.984223,POS,37.4275001,-122.1697,19.899999618530273,0.011131949209416398,RTL
104.084183,POS,37.4275001,-122.1697,19.850000381469727,0.011131949209416398,RTL
104.18497599999999,POS,37.4275001,-122.1697,19.799999237060547,0.011131949209416398,RTL
104.284936,POS,37.4275001,-122.1697,19.75,0.011131949209416398,RTL
104.384896,POS,37.4275001,-122.1697,19.69999885559082,0.011131949209416398,RTL
104.484856,POS,37.4275001,-122.1697,19.649999618530273,0.011131949209416398,RTL
104.584816,POS,37.4275001,-122.1697,19.600000381469727,0.011131949209416398,RTL
104.684776,POS,37.4275001,-122.1697,19.549999237060547,0.011131949209416398,RTL
104.784736,POS,37.4275001,-122.1697,19.5,0.011131949209416398,RTL
104.88469599999999,POS,37.4275001,-122.1697,19.44999885559082,0.011131949209416398,RTL
104.984656,POS,37.4275001,-122.1697,19.399999618530273,0.011131949209416398,RTL
105.084616,POS,37.4275001,-122.1697,19.350000381469727,0.011131949209416398,RTL
105.18457599999999,POS,37.4275001,-122.1697,19.299999237060547,0.011131949209416398,RTL
105.284536,POS,37.4275001,-122.1697,19.25,0.011131949209416398,RTL
105.384496,POS,37.4275001,-122.1697,19.19999885559082,0.011131949209416398,RTL
105.484456,POS,37.4275001,-122.1697,19.149999618530273,0.011131949209416398,RTL
105.58441599999999,POS,37.4275001,-122.1697,19.100000381469727,0.011131949209416398,RTL
105.684376,POS,37.4275,-122.1697,19.049999237060547,0.0,RTL
105.784336,POS,37.4275,-122.1697,19.0,0.0,RTL
105.88429599999999,POS,37.4275,-122.1697,18.94999885559082,0.0,RTL
105.984256,POS,37.4275,-122.1697,18.899999618530273,0.0,RTL
106.084216,POS,37.4275,-122.1697,18.850000381469727,0.0,RTL
106.184176,POS,37.4275,-122.1697,18.799999237060547,0.0,RTL
106.284969,POS,37.4275,-122.1697,18.75,0.0,RTL
106.384929,POS,37.4275,-122.1697,18.69999885559082,0.0,RTL
106.484889,POS,37.4275,-122.1697,18.649999618530273,0.0,RTL
106.58484899999999,POS,37.4275,-122.1697,18.600000381469727,0.0,RTL
106.684809,POS,37.4275,-122.1697,18.549999237060547,0.0,RTL
106.784769,POS,37.4275,-122.1697,18.5,0.0,RTL
106.884729,POS,37.4275,-122.1697,18.44999885559082,0.0,RTL
106.984689,POS,37.4275,-122.1697,18.399999618530273,0.0,RTL
107.084649,POS,37.4275,-122.1697,18.350000381469727,0.0,RTL
107.184609,POS,37.4275,-122.1697,18.299999237060547,0.0,RTL
107.28456899999999,POS,37.4275,-122.1697,18.25,0.0,RTL
107.384529,POS,37.4275,-122.1697,18.19999885559082,0.0,RTL
107.484489,POS,37.4275,-122.1697,18.149999618530273,0.0,RTL
107.58444899999999,POS,37.4275,-122.1697,18.100000381469727,0.0,RTL
107.684409,POS,37.4275,-122.1697,18.049999237060547,0.0,RTL
107.784369,POS,37.4275,-122.1697,18.0,0.0,RTL
107.884329,POS,37.4275,-122.1697,17.94999885559082,0.0,RTL
107.984289,POS,37.4275,-122.1697,17.899999618530273,0.0,RTL
108.084249,POS,37.4275,-122.1697,17.850000381469727,0.0,RTL
108.184209,POS,37.4275,-122.1697,17.799999237060547,0.0,RTL
108.28500199999999,POS,37.4275,-122.1697,17.75,0.0,RTL
108.384962,POS,37.4275,-122.1697,17.69999885559082,0.0,RTL
108.484922,POS,37.4275,-122.1697,17.649999618530273,0.0,RTL
108.584882,POS,37.4275,-122.1697,17.600000381469727,0.0,RTL
108.684842,POS,37.4275,-122.1697,17.549999237060547,0.0,RTL
108.784802,POS,37.4275,-122.1697,17.5,0.0,RTL
108.884762,POS,37.4275,-122.1697,17.44999885559082,0.0,RTL
108.98472199999999,POS,37.4275,-122.1697,17.399999618530273,0.0,RTL
109.084682,POS,37.4275,-122.1697,17.350000381469727,0.0,RTL
109.184642,POS,37.4275,-122.1697,17.299999237060547,0.0,RTL
109.28460199999999,POS,37.4275,-122.1697,17.25,0.0,RTL
109.384562,POS,37.4275001,-122.1697,17.19999885559082,0.011131949209416398,RTL
109.484522,POS,37.4275001,-122.1697,17.149999618530273,0.011131949209416398,RTL
109.584482,POS,37.4275001,-122.1697,17.100000381469727,0.011131949209416398,RTL
109.68444199999999,POS,37.4275001,-122.1697,17.049999237060547,0.011131949209416398,RTL
109.784402,POS,37.4275001,-122.1697,17.0,0.011131949209416398,RTL
109.884362,POS,37.4275001,-122.1697,16.94999885559082,0.011131949209416398,RTL
109.98432199999999,POS,37.4275001,-122.1697,16.899999618530273,0.011131949209416398,RTL
110.084282,POS,37.4275001,-122.1697,16.850000381469727,0.011131949209416398,RTL
110.184242,POS,37.4275001,-122.1697,16.799999237060547,0.011131949209416398,RTL
110.284202,POS,37.4275001,-122.1697,16.75,0.011131949209416398,RTL
110.384995,POS,37.4275001,-122.1697,16.69999885559082,0.011131949209416398,RTL
110.484955,POS,37.4275001,-122.1697,16.649999618530273,0.011131949209416398,RTL
110.584915,POS,37.4275001,-122.1697,16.600000381469727,0.011131949209416398,RTL
110.68487499999999,POS,37.4275001,-122.1697,16.549999237060547,0.011131949209416398,RTL
110.784835,POS,37.4275001,-122.1697,16.5,0.011131949209416398,RTL
110.884795,POS,37.4275001,-122.1697,16.44999885559082,0.011131949209416398,RTL
110.98475499999999,POS,37.4275001,-122.1697,16.399999618530273,0.011131949209416398,RTL
111.084715,POS,37.4275001,-122.1697,16.350000381469727,0.011131949209416398,RTL
111.184675,POS,37.4275001,-122.1697,16.299999237060547,0.011131949209416398,RTL
111.284635,POS,37.4275001,-122.1697,16.25,0.011131949209416398,RTL
111.38459499999999,POS,37.4275001,-122.1697,16.19999885559082,0.011131949209416398,RTL
111.484555,POS,37.4275001,-122.1697,16.149999618530273,0.011131949209416398,RTL
111.584515,POS,37.4275001,-122.1697,16.139999389648438,0.011131949209416398,RTL
111.68447499999999,POS,37.4275001,-122.1697,16.139999389648438,0.011131949209416398,RTL
111.784435,POS,37.4275001,-122.1697,16.149999618530273,0.011131949209416398,RTL
111.884395,POS,37.4275001,-122.1697,16.149999618530273,0.011131949209416398,RTL
111.984355,POS,37.4275001,-122.1697,16.149999618530273,0.011131949209416398,RTL
112.084315,POS,37.4275001,-122.1697,16.139999389648438,0.011131949209416398,RTL
112.184275,POS,37.4275001,-122.1697,16.139999389648438,0.011131949209416398,RTL
112.284235,POS,37.4275001,-122.1697,16.139999389648438,0.011131949209416398,RTL
112.38419499999999,POS,37.4275001,-122.1697,16.1299991607666,0.011131949209416398,RTL
112.484988,POS,37.4275001,-122.1697,16.1299991607666,0.011131949209416398,RTL
112.584948,POS,37.4275001,-122.1697,16.1299991607666,0.011131949209416398,RTL
112.684908,POS,37.4275001,-122.1697,16.1299991607666,0.011131949209416398,RTL
112.784868,POS,37.4275001,-122.1697,16.1299991607666,0.011131949209416398,RTL
112.884828,POS,37.4275001,-122.1697,16.1299991607666,0.011131949209416398,RTL
112.984788,POS,37.4275001,-122.1697,16.1299991607666,0.011131949209416398,RTL
113.08474799999999,POS,37.4275001,-122.1697,16.119998931884766,0.011131949209416398,RTL
113.184708,POS,37.4275001,-122.1697,16.119998931884766,0.011131949209416398,RTL
113.284668,POS,37.4275001,-122.1697,16.119998931884766,0.011131949209416398,RTL
113.38462799999999,POS,37.4275001,-122.1697,16.119998931884766,0.011131949209416398,RTL
113.484588,POS,37.4275001,-122.1697,16.119998931884766,0.011131949209416398,RTL
113.584548,POS,37.4275001,-122.1697,16.119998931884766,0.011131949209416398,RTL
