time_s,source,lat,lon,alt,distance_m,mode
6.294981,POS,37.4274999,-122.1697,16.100000381469727,0.011131949209416398,STABILIZE
6.394940999999999,POS,37.4274999,-122.1697,16.100000381469727,0.011131949209416398,STABILIZE
6.4949010000000005,POS,37.4274999,-122.1697,16.100000381469727,0.011131949209416398,STABILIZE
6.594861,POS,37.4274999,-122.1697,16.100000381469727,0.011131949209416398,STABILIZE
6.694820999999999,POS,37.4274999,-122.1697,16.100000381469727,0.011131949209416398,GUIDED
6.794781,POS,37.4274999,-122.1697,16.100000381469727,0.011131949209416398,GUIDED
6.894741,POS,37.4274999,-122.1697,16.100000381469727,0.011131949209416398,GUIDED
6.994700999999999,POS,37.4274999,-122.1697,16.100000381469727,0.011131949209416398,GUIDED
7.094661,POS,37.4274999,-122.1697,16.100000381469727,0.011131949209416398,GUIDED
7.194621,POS,37.4274999,-122.1697,16.100000381469727,0.011131949209416398,GUIDED
7.294580999999999,POS,37.4274999,-122.1697,16.100000381469727,0.011131949209416398,GUIDED
7.394541,POS,37.4274999,-122.1697,16.100000381469727,0.011131949209416398,GUIDED
7.494501,POS,37.4274999,-122.1697,16.100000381469727,0.011131949209416398,GUIDED
7.594460999999999,POS,37.4274999,-122.1697,16.100000381469727,0.011131949209416398,GUIDED
7.694421,POS,37.4274999,-122.1697,16.100000381469727,0.011131949209416398,GUIDED
7.794381,POS,37.4274999,-122.1697,16.100000381469727,0.011131949209416398,GUIDED
7.894341000000001,POS,37.4274999,-122.1697,16.100000381469727,0.011131949209416398,GUIDED
7.994301,POS,37.4274999,-122.1697,16.100000381469727,0.011131949209416398,GUIDED
8.094261,POS,37.4274999,-122.1697,16.100000381469727,0.011131949209416398,GUIDED
8.194221,POS,37.4274999,-122.1697,16.100000381469727,0.011131949209416398,GUIDED
8.294181,POS,37.4274999,-122.1697,16.100000381469727,0.011131949209416398,GUIDED
8.394974,POS,37.4274999,-122.1697,16.100000381469727,0.011131949209416398,GUIDED
8.494934,POS,37.4274999,-122.1697,16.100000381469727,0.011131949209416398,GUIDED
8.594894,POS,37.4274999,-122.1697,16.100000381469727,0.011131949209416398,GUIDED
8.694854,POS,37.4274999,-122.1697,16.100000381469727,0.011131949209416398,GUIDED
8.794814,POS,37.4274999,-122.1697,16.100000381469727,0.011131949209416398,GUIDED
8.894774,POS,37.4274999,-122.1697,16.100000381469727,0.011131949209416398,GUIDED
8.994734,POS,37.4274999,-122.1697,16.100000381469727,0.011131949209416398,GUIDED
9.094694,POS,37.4274999,-122.1697,16.100000381469727,0.011131949209416398,GUIDED
9.194654,POS,37.4274999,-122.1697,16.100000381469727,0.011131949209416398,GUIDED
9.294614,POS,37.4274999,-122.1697,16.100000381469727,0.011131949209416398,GUIDED
9.394574,POS,37.4274999,-122.1697,16.100000381469727,0.011131949209416398,GUIDED
9.494534,POS,37.4274999,-122.1697,16.100000381469727,0.011131949209416398,GUIDED
9.594494,POS,37.4274999,-122.1697,16.100000381469727,0.011131949209416398,GUIDED
9.694454,POS,37.4274999,-122.1697,16.100000381469727,0.011131949209416398,GUIDED
9.794414,POS,37.4274999,-122.1697,16.100000381469727,0.011131949209416398,GUIDED
9.894374,POS,37.4274999,-122.1697,16.100000381469727,0.011131949209416398,GUIDED
9.994334,POS,37.4274999,-122.1697,16.100000381469727,0.011131949209416398,GUIDED
10.094294,POS,37.4274999,-122.1697,16.100000381469727,0.011131949209416398,GUIDED
10.194253999999999,POS,37.4274999,-122.1697,16.100000381469727,0.011131949209416398,GUIDED
10.294214,POS,37.4274999,-122.1697,16.100000381469727,0.011131949209416398,GUIDED
10.394174,POS,37.4274999,-122.1697,16.100000381469727,0.011131949209416398,GUIDED
10.494966999999999,POS,37.4274999,-122.1697,16.100000381469727,0.011131949209416398,GUIDED
10.594927,POS,37.4274999,-122.1697,16.100000381469727,0.011131949209416398,GUIDED
10.694887,POS,37.4274999,-122.1697,16.100000381469727,0.011131949209416398,GUIDED
10.794847,POS,37.4274999,-122.1697,16.100000381469727,0.011131949209416398,GUIDED
10.894807,POS,37.4274999,-122.1697,16.100000381469727,0.011131949209416398,GUIDED
10.994767,POS,37.4274999,-122.1697,16.100000381469727,0.011131949209416398,GUIDED
11.094727,POS,37.4274999,-122.1697,16.100000381469727,0.011131949209416398,GUIDED
11.194687,POS,37.4274999,-122.1697,16.100000381469727,0.011131949209416398,GUIDED
11.294647,POS,37.4274999,-122.1697,16.100000381469727,0.011131949209416398,GUIDED
11.394607,POS,37.4274999,-122.1697,16.100000381469727,0.011131949209416398,GUIDED
11.494567,POS,37.4274999,-122.1697,16.100000381469727,0.011131949209416398,GUIDED
11.594527,POS,37.4274999,-122.1697,16.100000381469727,0.011131949209416398,GUIDED
11.694487,POS,37.4274999,-122.1697,16.100000381469727,0.011131949209416398,GUIDED
11.794447,POS,37.4274999,-122.1697,16.100000381469727,0.011131949209416398,GUIDED
11.894407,POS,37.4274999,-122.1697,16.100000381469727,0.011131949209416398,GUIDED
11.994367,POS,37.4274999,-122.1697,16.100000381469727,0.011131949209416398,GUIDED
12.094327,POS,37.4274999,-122.1697,16.100000381469727,0.011131949209416398,GUIDED
12.194287,POS,37.4274999,-122.1697,16.100000381469727,0.011131949209416398,GUIDED
12.294247,POS,37.4274999,-122.1697,16.100000381469727,0.011131949209416398,GUIDED
12.394207,POS,37.4274999,-122.1697,16.100000381469727,0.011131949209416398,GUIDED
12.495,POS,37.4274999,-122.1697,16.100000381469727,0.011131949209416398,GUIDED
12.59496,POS,37.4274999,-122.1697,16.100000381469727,0.011131949209416398,GUIDED
12.69492,POS,37.4274999,-122.1697,16.100000381469727,0.011131949209416398,GUIDED
12.79488,POS,37.4274999,-122.1697,16.100000381469727,0.011131949209416398,GUIDED
12.89484,POS,37.4274999,-122.1697,16.100000381469727,0.011131949209416398,GUIDED
12.9948,POS,37.4274999,-122.1697,16.100000381469727,0.011131949209416398,GUIDED
13.094759999999999,POS,37.4274999,-122.1697,16.100000381469727,0.011131949209416398,GUIDED
13.19472,POS,37.4274999,-122.1697,16.100000381469727,0.011131949209416398,GUIDED
13.29468,POS,37.4274999,-122.1697,16.100000381469727,0.011131949209416398,GUIDED
13.39464,POS,37.4274999,-122.1697,16.100000381469727,0.011131949209416398,GUIDED
13.4946,POS,37.4274999,-122.1697,16.100000381469727,0.011131949209416398,GUIDED
13.59456,POS,37.4274999,-122.1697,16.100000381469727,0.011131949209416398,GUIDED
13.69452,POS,37.4274999,-122.1697,16.100000381469727,0.011131949209416398,GUIDED
13.794479999999998,POS,37.4274999,-122.1697,16.100000381469727,0.011131949209416398,GUIDED
13.894440000000001,POS,37.4274999,-122.1697,16.100000381469727,0.011131949209416398,GUIDED
13.9944,POS,37.4274999,-122.1697,16.100000381469727,0.011131949209416398,GUIDED
14.09436,POS,37.4274999,-122.1697,16.100000381469727,0.011131949209416398,GUIDED
14.19432,POS,37.4274999,-122.1697,16.100000381469727,0.011131949209416398,GUIDED
14.294279999999999,POS,37.4274999,-122.1697,16.100000381469727,0.011131949209416398,GUIDED
14.394239999999998,POS,37.4274999,-122.1697,16.100000381469727,0.011131949209416398,GUIDED
14.494200000000001,POS,37.4274999,-122.1697,16.100000381469727,0.011131949209416398,GUIDED
14.594993,POS,37.4274999,-122.1697,16.100000381469727,0.011131949209416398,GUIDED
14.694953,POS,37.4274999,-122.1697,16.100000381469727,0.011131949209416398,GUIDED
14.794913,POS,37.4274999,-122.1697,16.100000381469727,0.011131949209416398,GUIDED
14.894872999999999,POS,37.4274999,-122.1697,16.100000381469727,0.011131949209416398,GUIDED
14.994833000000002,POS,37.4274999,-122.1697,16.100000381469727,0.011131949209416398,GUIDED
15.094793000000001,POS,37.4274999,-122.1697,16.100000381469727,0.011131949209416398,GUIDED
15.194753,POS,37.4274999,-122.1697,16.100000381469727,0.011131949209416398,GUIDED
15.294713,POS,37.4274999,-122.1697,16.100000381469727,0.011131949209416398,GUIDED
15.394673,POS,37.4274999,-122.1697,16.100000381469727,0.011131949209416398,GUIDED
15.494632999999999,POS,37.4274999,-122.1697,16.100000381469727,0.011131949209416398,GUIDED
15.594593000000001,POS,37.4274999,-122.1697,16.100000381469727,0.011131949209416398,GUIDED
15.694553,POS,37.4274999,-122.1697,16.100000381469727,0.011131949209416398,GUIDED
15.794513,POS,37.4274999,-122.1697,16.100000381469727,0.011131949209416398,GUIDED
15.894473,POS,37.4274999,-122.1697,16.100000381469727,0.011131949209416398,GUIDED
15.994432999999999,POS,37.4274999,-122.1697,16.100000381469727,0.011131949209416398,GUIDED
16.094392999999997,POS,37.4274999,-122.1697,16.100000381469727,0.011131949209416398,GUIDED
16.194353,POS,37.4274999,-122.1697,16.100000381469727,0.011131949209416398,GUIDED
16.294313000000002,POS,37.4274999,-122.1697,16.100000381469727,0.011131949209416398,GUIDED
16.394273,POS,37.4274999,-122.1697,16.100000381469727,0.011131949209416398,GUIDED
16.494233,POS,37.4274999,-122.1697,16.100000381469727,0.011131949209416398,GUIDED
16.594192999999997,POS,37.4274999,-122.1697,16.100000381469727,0.011131949209416398,GUIDED
16.694986,POS,37.4274999,-122.1697,16.100000381469727,0.011131949209416398,GUIDED
16.794946000000003,POS,37.4274999,-122.1697,16.100000381469727,0.011131949209416398,GUIDED
16.894906,POS,37.4274999,-122.1697,16.100000381469727,0.011131949209416398,GUIDED
16.994866000000002,POS,37.4274999,-122.1697,16.100000381469727,0.011131949209416398,GUIDED
17.094825999999998,POS,37.4274999,-122.1697,16.100000381469727,0.011131949209416398,GUIDED
17.194786,POS,37.4274999,-122.1697,16.100000381469727,0.011131949209416398,GUIDED
17.294745999999996,POS,37.4274999,-122.1697,16.100000381469727,0.011131949209416398,GUIDED
17.394706,POS,37.4274999,-122.1697,16.100000381469727,0.011131949209416398,GUIDED
17.494666000000002,POS,37.4274999,-122.1697,16.100000381469727,0.011131949209416398,GUIDED
17.594625999999998,POS,37.4274999,-122.1697,16.100000381469727,0.011131949209416398,GUIDED
17.694586,POS,37.4274999,-122.1697,16.100000381469727,0.011131949209416398,GUIDED
17.794545999999997,POS,37.4274999,-122.1697,16.100000381469727,0.011131949209416398,GUIDED
17.894506,POS,37.4274999,-122.1697,16.100000381469727,0.011131949209416398,GUIDED
17.994466000000003,POS,37.4274999,-122.1697,16.100000381469727,0.011131949209416398,GUIDED
18.094426,POS,37.4274999,-122.1697,16.100000381469727,0.011131949209416398,GUIDED
18.194386,POS,37.4274999,-122.1697,16.100000381469727,0.011131949209416398,GUIDED
18.294345999999997,POS,37.4274999,-122.1697,16.100000381469727,0.011131949209416398,GUIDED
18.394306,POS,37.4274999,-122.1697,16.100000381469727,0.011131949209416398,GUIDED
18.494266000000003,POS,37.4274999,-122.1697,16.100000381469727,0.011131949209416398,GUIDED
18.594226,POS,37.4274999,-122.1697,16.100000381469727,0.011131949209416398,GUIDED
18.694186000000002,POS,37.4274999,-122.1697,16.100000381469727,0.011131949209416398,GUIDED
18.794978999999998,POS,37.4274999,-122.1697,16.100000381469727,0.011131949209416398,GUIDED
18.894939,POS,37.4274999,-122.1697,16.100000381469727,0.011131949209416398,GUIDED
18.994898999999997,POS,37.4274999,-122.1697,16.100000381469727,0.011131949209416398,GUIDED
19.094859,POS,37.4274999,-122.1697,16.100000381469727,0.011131949209416398,GUIDED
19.194819000000003,POS,37.4274999,-122.1697,16.100000381469727,0.011131949209416398,GUIDED
19.294779,POS,37.4274999,-122.1697,16.100000381469727,0.011131949209416398,GUIDED
19.394739,POS,37.4274999,-122.1697,16.100000381469727,0.011131949209416398,GUIDED
19.494698999999997,POS,37.4274999,-122.1697,16.100000381469727,0.011131949209416398,GUIDED
19.594659,POS,37.4274999,-122.1697,16.100000381469727,0.011131949209416398,GUIDED
19.694619000000003,POS,37.4274999,-122.1697,16.100000381469727,0.011131949209416398,GUIDED
19.794579,POS,37.4274999,-122.1697,16.100000381469727,0.011131949209416398,GUIDED
19.894539,POS,37.4274999,-122.1697,16.100000381469727,0.011131949209416398,GUIDED
19.994498999999998,POS,37.4274999,-122.1697,16.100000381469727,0.011131949209416398,GUIDED
20.094459,POS,37.4274999,-122.1697,16.100000381469727,0.011131949209416398,GUIDED
20.194418999999996,POS,37.4274999,-122.1697,16.100000381469727,0.011131949209416398,GUIDED
20.294379,POS,37.4274999,-122.1697,16.100000381469727,0.011131949209416398,GUIDED
20.394339000000002,POS,37.4274999,-122.1697,16.100000381469727,0.011131949209416398,GUIDED
20.494298999999998,POS,37.4274999,-122.1697,16.100000381469727,0.011131949209416398,GUIDED
20.594259,POS,37.4274999,-122.1697,16.100000381469727,0.011131949209416398,GUIDED
20.694218999999997,POS,37.4274999,-122.1697,16.100000381469727,0.011131949209416398,GUIDED
20.794179,POS,37.4274999,-122.1697,16.100000381469727,0.011131949209416398,GUIDED
20.894972000000003,POS,37.4274999,-122.1697,16.100000381469727,0.011131949209416398,GUIDED
20.994932,POS,37.4274999,-122.1697,16.100000381469727,0.011131949209416398,GUIDED
21.094892,POS,37.4274999,-122.1697,16.100000381469727,0.011131949209416398,GUIDED
21.194851999999997,POS,37.4274999,-122.1697,16.100000381469727,0.011131949209416398,GUIDED
21.294812,POS,37.4274999,-122.1697,16.100000381469727,0.011131949209416398,GUIDED
21.394772000000003,POS,37.4274999,-122.1697,16.100000381469727,0.011131949209416398,GUIDED
21.494732,POS,37.4274999,-122.1697,16.100000381469727,0.011131949209416398,GUIDED
21.594692000000002,POS,37.4274999,-122.1697,16.100000381469727,0.011131949209416398,GUIDED
21.694651999999998,POS,37.4274999,-122.1697,16.100000381469727,0.011131949209416398,GUIDED
21.794612,POS,37.4274999,-122.1697,16.100000381469727,0.011131949209416398,GUIDED
21.894571999999997,POS,37.4274999,-122.1697,16.100000381469727,0.011131949209416398,GUIDED
21.994532,POS,37.4274999,-122.1697,16.100000381469727,0.011131949209416398,GUIDED
22.094492000000002,POS,37.4274999,-122.1697,16.100000381469727,0.011131949209416398,GUIDED
22.194452,POS,37.4274999,-122.1697,16.100000381469727,0.011131949209416398,GUIDED
22.294412,POS,37.4274999,-122.1697,16.100000381469727,0.011131949209416398,GUIDED
22.394371999999997,POS,37.4274999,-122.1697,16.100000381469727,0.011131949209416398,GUIDED
22.494332,POS,37.4274999,-122.1697,16.100000381469727,0.011131949209416398,GUIDED
22.594292000000003,POS,37.4274999,-122.1697,16.100000381469727,0.011131949209416398,GUIDED
22.694252,POS,37.4274999,-122.1697,16.100000381469727,0.011131949209416398,GUIDED
22.794212,POS,37.4274999,-122.1697,16.100000381469727,0.011131949209416398,GUIDED
22.894171999999998,POS,37.4274999,-122.1697,16.100000381469727,0.011131949209416398,GUIDED
22.994965,POS,37.4274999,-122.1697,16.100000381469727,0.011131949209416398,GUIDED
23.094924999999996,POS,37.4274999,-122.1697,16.100000381469727,0.011131949209416398,GUIDED
23.194885,POS,37.4274999,-122.1697,16.100000381469727,0.011131949209416398,GUIDED
23.294845000000002,POS,37.4274999,-122.1697,16.100000381469727,0.011131949209416398,GUIDED
23.394804999999998,POS,37.4274999,-122.1697,16.100000381469727,0.011131949209416398,GUIDED
23.494765,POS,37.4274999,-122.1697,16.100000381469727,0.011131949209416398,GUIDED
23.594724999999997,POS,37.4274999,-122.1697,16.100000381469727,0.011131949209416398,GUIDED
23.694685,POS,37.4274999,-122.1697,16.100000381469727,0.011131949209416398,GUIDED
23.794645000000003,POS,37.4274999,-122.1697,16.100000381469727,0.011131949209416398,GUIDED
23.894605,POS,37.4274999,-122.1697,16.100000381469727,0.011131949209416398,GUIDED
23.994565,POS,37.4274999,-122.1697,16.100000381469727,0.011131949209416398,GUIDED
24.094524999999997,POS,37.4274999,-122.1697,16.100000381469727,0.011131949209416398,GUIDED
24.194485,POS,37.4274999,-122.1697,16.100000381469727,0.011131949209416398,GUIDED
24.294445000000003,POS,37.4274999,-122.1697,16.100000381469727,0.011131949209416398,GUIDED
24.394405,POS,37.4274999,-122.1697,16.100000381469727,0.011131949209416398,GUIDED
24.494365000000002,POS,37.4274999,-122.1697,16.100000381469727,0.011131949209416398,GUIDED
24.594324999999998,POS,37.4274999,-122.1697,16.100000381469727,0.011131949209416398,GUIDED
24.694285,POS,37.4274999,-122.1697,16.100000381469727,0.011131949209416398,GUIDED
24.794244999999997,POS,37.4274999,-122.1697,16.100000381469727,0.011131949209416398,GUIDED
24.894205,POS,37.4274999,-122.1697,16.100000381469727,0.011131949209416398,GUIDED
24.994998000000002,POS,37.4274999,-122.1697,16.100000381469727,0.011131949209416398,GUIDED
25.094958,POS,37.4274999,-122.1697,16.100000381469727,0.011131949209416398,GUIDED
25.194918,POS,37.4274999,-122.1697,16.100000381469727,0.011131949209416398,GUIDED
25.294877999999997,POS,37.4274999,-122.1697,16.100000381469727,0.011131949209416398,GUIDED
25.394838,POS,37.4274999,-122.1697,16.100000381469727,0.011131949209416398,GUIDED
25.494798000000003,POS,37.4274999,-122.1697,16.100000381469727,0.011131949209416398,GUIDED
25.594758,POS,37.4274999,-122.1697,16.100000381469727,0.011131949209416398,GUIDED
25.694718,POS,37.4274999,-122.1697,16.100000381469727,0.011131949209416398,GUIDED
25.794677999999998,POS,37.4274999,-122.1697,16.100000381469727,0.011131949209416398,GUIDED
25.894638,POS,37.4274999,-122.1697,16.100000381469727,0.011131949209416398,GUIDED
25.994598000000003,POS,37.4274999,-122.1697,16.100000381469727,0.011131949209416398,GUIDED
26.094558,POS,37.4274999,-122.1697,16.100000381469727,0.011131949209416398,GUIDED
26.194518000000002,POS,37.4274999,-122.1697,16.100000381469727,0.011131949209416398,GUIDED
26.294477999999998,POS,37.4274999,-122.1697,16.100000381469727,0.011131949209416398,GUIDED
26.394438,POS,37.4274999,-122.1697,16.100000381469727,0.011131949209416398,GUIDED
26.494397999999997,POS,37.4274999,-122.1697,16.100000381469727,0.011131949209416398,GUIDED
26.594358,POS,37.4274999,-122.1697,16.100000381469727,0.011131949209416398,GUIDED
26.694318000000003,POS,37.4274999,-122.1697,16.100000381469727,0.011131949209416398,GUIDED
26.794278,POS,37.4274999,-122.1697,16.100000381469727,0.011131949209416398,GUIDED
26.894238,POS,37.4274999,-122.1697,16.100000381469727,0.011131949209416398,GUIDED
26.994197999999997,POS,37.4274999,-122.1697,16.100000381469727,0.011131949209416398,GUIDED
27.094991,POS,37.4274999,-122.1697,16.100000381469727,0.011131949209416398,GUIDED
27.194951000000003,POS,37.4274999,-122.1697,16.100000381469727,0.011131949209416398,GUIDED
27.294911,POS,37.4274999,-122.1697,16.100000381469727,0.011131949209416398,GUIDED
27.394871000000002,POS,37.4274999,-122.1697,16.100000381469727,0.011131949209416398,GUIDED
27.494830999999998,POS,37.4274999,-122.1697,16.100000381469727,0.011131949209416398,GUIDED
27.594791,POS,37.4274999,-122.1697,16.100000381469727,0.011131949209416398,GUIDED
27.694750999999997,POS,37.4274999,-122.1697,16.100000381469727,0.011131949209416398,GUIDED
27.794711,POS,37.4274999,-122.1697,16.100000381469727,0.011131949209416398,GUIDED
27.894671000000002,POS,37.4274999,-122.1697,16.100000381469727,0.011131949209416398,GUIDED
27.994631,POS,37.4274999,-122.1697,16.100000381469727,0.011131949209416398,GUIDED
28.094591,POS,37.4274999,-122.1697,16.100000381469727,0.011131949209416398,GUIDED
28.194550999999997,POS,37.4274999,-122.1697,16.100000381469727,0.011131949209416398,GUIDED
28.294511,POS,37.4274999,-122.1697,16.100000381469727,0.011131949209416398,GUIDED
28.394471000000003,POS,37.4274999,-122.1697,16.100000381469727,0.011131949209416398,GUIDED
28.494431,POS,37.4274999,-122.1697,16.100000381469727,0.011131949209416398,GUIDED
28.594391,POS,37.4274999,-122.1697,16.100000381469727,0.011131949209416398,GUIDED
28.694350999999997,POS,37.4274999,-122.1697,16.100000381469727,0.011131949209416398,GUIDED
28.794311,POS,37.4274999,-122.1697,16.100000381469727,0.011131949209416398,GUIDED
28.894271000000003,POS,37.4274999,-122.1697,16.100000381469727,0.011131949209416398,GUIDED
28.994231,POS,37.4274999,-122.1697,16.100000381469727,0.011131949209416398,GUIDED
29.094191000000002,POS,37.4274999,-122.1697,16.100000381469727,0.011131949209416398,GUIDED
29.194983999999998,POS,37.4274999,-122.1697,16.100000381469727,0.011131949209416398,GUIDED
29.294944,POS,37.4274999,-122.1697,16.100000381469727,0.011131949209416398,GUIDED
29.394903999999997,POS,37.4274999,-122.1697,16.100000381469727,0.011131949209416398,GUIDED
29.494864,POS,37.4274999,-122.1697,16.100000381469727,0.011131949209416398,GUIDED
29.594824000000003,POS,37.4274999,-122.1697,16.100000381469727,0.011131949209416398,GUIDED
29.694784,POS,37.4274999,-122.1697,16.100000381469727,0.011131949209416398,GUIDED
29.794744,POS,37.4274999,-122.1697,16.100000381469727,0.011131949209416398,GUIDED
29.894703999999997,POS,37.4274999,-122.1697,16.100000381469727,0.011131949209416398,GUIDED
29.994664,POS,37.4274999,-122.1697,16.100000381469727,0.011131949209416398,GUIDED
30.094623999999996,POS,37.4274999,-122.1697,16.100000381469727,0.011131949209416398,GUIDED
30.194584,POS,37.4274999,-122.1697,16.100000381469727,0.011131949209416398,GUIDED
30.294543999999995,POS,37.4274999,-122.1697,16.100000381469727,0.011131949209416398,GUIDED
30.394503999999998,POS,37.4274999,-122.1697,16.100000381469727,0.011131949209416398,GUIDED
30.494464,POS,37.4274999,-122.1697,16.100000381469727,0.011131949209416398,GUIDED
30.594423999999997,POS,37.4274999,-122.1697,16.100000381469727,0.011131949209416398,GUIDED
30.694384,POS,37.4274999,-122.1697,16.100000381469727,0.011131949209416398,GUIDED
30.794343999999995,POS,37.4274999,-122.1697,16.100000381469727,0.011131949209416398,GUIDED
30.894303999999998,POS,37.4274999,-122.1697,16.100000381469727,0.011131949209416398,GUIDED
30.994264,POS,37.4274999,-122.1697,16.100000381469727,0.011131949209416398,GUIDED
31.094223999999997,POS,37.4274999,-122.1697,16.100000381469727,0.011131949209416398,GUIDED
31.194184,POS,37.4274999,-122.1697,16.100000381469727,0.011131949209416398,GUIDED
31.294976999999996,POS,37.4274999,-122.1697,16.100000381469727,0.011131949209416398,GUIDED
31.394937,POS,37.4274999,-122.1697,16.100000381469727,0.011131949209416398,GUIDED
31.494896999999995,POS,37.4274999,-122.1697,16.100000381469727,0.011131949209416398,GUIDED
31.594856999999998,POS,37.4274999,-122.1697,16.100000381469727,0.011131949209416398,GUIDED
31.694817,POS,37.4274999,-122.1697,16.100000381469727,0.011131949209416398,GUIDED
31.794776999999996,POS,37.4274999,-122.1697,16.100000381469727,0.011131949209416398,GUIDED
31.894737,POS,37.4274999,-122.1697,16.100000381469727,0.011131949209416398,GUIDED
31.994696999999995,POS,37.4274999,-122.1697,16.100000381469727,0.011131949209416398,GUIDED
32.094657,POS,37.4274999,-122.1697,16.100000381469727,0.011131949209416398,GUIDED
32.194617,POS,37.4274999,-122.1697,16.100000381469727,0.011131949209416398,GUIDED
32.294577,POS,37.4274999,-122.1697,16.100000381469727,0.011131949209416398,GUIDED
32.394537,POS,37.4274999,-122.1697,16.100000381469727,0.011131949209416398,GUIDED
32.494496999999996,POS,37.4274999,-122.1697,16.100000381469727,0.011131949209416398,GUIDED
32.594457,POS,37.4274999,-122.1697,16.100000381469727,0.011131949209416398,GUIDED
32.694417,POS,37.4274999,-122.1697,16.100000381469727,0.011131949209416398,GUIDED
32.794377,POS,37.4274999,-122.1697,16.100000381469727,0.011131949209416398,GUIDED
32.894337,POS,37.4274999,-122.1697,16.100000381469727,0.011131949209416398,GUIDED
32.994296999999996,POS,37.4274999,-122.1697,16.100000381469727,0.011131949209416398,GUIDED
33.094257,POS,37.4274999,-122.1697,16.100000381469727,0.011131949209416398,GUIDED
33.194216999999995,POS,37.4274999,-122.1697,16.100000381469727,0.011131949209416398,GUIDED
33.294177,POS,37.4274999,-122.1697,16.100000381469727,0.011131949209416398,GUIDED
33.39497,POS,37.4274999,-122.1697,16.100000381469727,0.011131949209416398,GUIDED
33.49493,POS,37.4274999,-122.1697,16.100000381469727,0.011131949209416398,GUIDED
33.59489,POS,37.4274999,-122.1697,16.100000381469727,0.011131949209416398,GUIDED
33.694849999999995,POS,37.4274999,-122.1697,16.100000381469727,0.011131949209416398,GUIDED
33.79481,POS,37.4274999,-122.1697,16.100000381469727,0.011131949209416398,GUIDED
33.89477,POS,37.4274999,-122.1697,16.100000381469727,0.011131949209416398,GUIDED
33.99473,POS,37.4274999,-122.1697,16.100000381469727,0.011131949209416398,GUIDED
34.09469,POS,37.4274999,-122.1697,16.100000381469727,0.011131949209416398,GUIDED
34.194649999999996,POS,37.4274999,-122.1697,16.100000381469727,0.011131949209416398,GUIDED
34.29461,POS,37.4274999,-122.1697,16.100000381469727,0.011131949209416398,GUIDED
34.39457,POS,37.4274999,-122.1697,16.100000381469727,0.011131949209416398,GUIDED
34.49453,POS,37.4274999,-122.1697,16.100000381469727,0.011131949209416398,GUIDED
34.59449,POS,37.4274999,-122.1697,16.100000381469727,0.011131949209416398,GUIDED
34.694449999999996,POS,37.4274999,-122.1697,16.100000381469727,0.011131949209416398,GUIDED
34.79441,POS,37.4274999,-122.1697,16.100000381469727,0.011131949209416398,GUIDED
34.894369999999995,POS,37.4274999,-122.1697,16.100000381469727,0.011131949209416398,GUIDED
34.99433,POS,37.4274999,-122.1697,16.100000381469727,0.011131949209416398,GUIDED
35.09429,POS,37.4274999,-122.1697,16.100000381469727,0.011131949209416398,GUIDED
35.19425,POS,37.4274999,-122.1697,16.100000381469727,0.011131949209416398,GUIDED
35.29421,POS,37.4274999,-122.1697,16.100000381469727,0.011131949209416398,GUIDED
35.394169999999995,POS,37.4274999,-122.1697,16.100000381469727,0.011131949209416398,GUIDED
35.494963,POS,37.4274999,-122.1697,16.100000381469727,0.011131949209416398,GUIDED
35.594923,POS,37.4274999,-122.1697,16.100000381469727,0.011131949209416398,GUIDED
35.694883,POS,37.4274999,-122.1697,16.100000381469727,0.011131949209416398,GUIDED
35.794843,POS,37.4274999,-122.1697,16.100000381469727,0.011131949209416398,GUIDED
35.894802999999996,POS,37.4274999,-122.1697,16.100000381469727,0.011131949209416398,GUIDED
35.994763,POS,37.4274999,-122.1697,16.100000381469727,0.011131949209416398,GUIDED
36.094722999999995,POS,37.4274999,-122.1697,16.100000381469727,0.011131949209416398,GUIDED
36.194683,POS,37.4274999,-122.1697,16.100000381469727,0.011131949209416398,GUIDED
36.294643,POS,37.4274999,-122.1697,16.100000381469727,0.011131949209416398,GUIDED
36.394603,POS,37.4274999,-122.1697,16.100000381469727,0.011131949209416398,GUIDED
36.494563,POS,37.4274999,-122.1697,16.100000381469727,0.011131949209416398,GUIDED
36.594522999999995,POS,37.4274999,-122.1697,16.100000381469727,0.011131949209416398,GUIDED
36.694483,POS,37.4274999,-122.1697,16.100000381469727,0.011131949209416398,GUIDED
36.794443,POS,37.4274999,-122.1697,16.100000381469727,0.011131949209416398,GUIDED
36.894403,POS,37.4274999,-122.1697,16.100000381469727,0.011131949209416398,GUIDED
36.994363,POS,37.4274999,-122.1697,16.100000381469727,0.011131949209416398,GUIDED
37.094322999999996,POS,37.4274999,-122.1697,16.100000381469727,0.011131949209416398,GUIDED
37.194283,POS,37.4274999,-122.1697,16.100000381469727,0.011131949209416398,GUIDED
37.294243,POS,37.4274999,-122.1697,16.100000381469727,0.011131949209416398,GUIDED
37.394203,POS,37.4274999,-122.1697,16.100000381469727,0.011131949209416398,GUIDED
37.494996,POS,37.4274999,-122.1697,16.100000381469727,0.011131949209416398,GUIDED
37.594955999999996,POS,37.4274999,-122.1697,16.100000381469727,0.011131949209416398,GUIDED
37.694916,POS,37.4274999,-122.1697,16.100000381469727,0.011131949209416398,GUIDED
37.794875999999995,POS,37.4274999,-122.1697,16.100000381469727,0.011131949209416398,GUIDED
37.894836,POS,37.4274999,-122.1697,16.100000381469727,0.011131949209416398,GUIDED
37.994796,POS,37.4274999,-122.1697,16.100000381469727,0.011131949209416398,GUIDED
38.094756,POS,37.4274999,-122.1697,16.100000381469727,0.011131949209416398,GUIDED
38.194716,POS,37.4274999,-122.1697,16.100000381469727,0.011131949209416398,GUIDED
38.294675999999995,POS,37.4274999,-122.1697,16.100000381469727,0.011131949209416398,GUIDED
38.394636,POS,37.4274999,-122.1697,16.100000381469727,0.011131949209416398,GUIDED
38.494596,POS,37.4274999,-122.1697,16.100000381469727,0.011131949209416398,GUIDED
38.594556,POS,37.4274999,-122.1697,16.100000381469727,0.011131949209416398,GUIDED
38.694516,POS,37.4274999,-122.1697,16.100000381469727,0.011131949209416398,GUIDED
38.794475999999996,POS,37.4274999,-122.1697,16.100000381469727,0.011131949209416398,GUIDED
38.894436,POS,37.4274999,-122.1697,16.100000381469727,0.011131949209416398,GUIDED
38.994395999999995,POS,37.4274999,-122.1697,16.100000381469727,0.011131949209416398,GUIDED
39.094356,POS,37.4274999,-122.1697,16.100000381469727,0.011131949209416398,GUIDED
39.194316,POS,37.4274999,-122.1697,16.06999969482422,0.011131949209416398,GUIDED
39.294275999999996,POS,37.4274999,-122.1697,16.06999969482422,0.011131949209416398,GUIDED
39.394236,POS,37.4274999,-122.1697,16.06999969482422,0.011131949209416398,GUIDED
39.494195999999995,POS,37.4274999,-122.1697,16.06999969482422,0.011131949209416398,GUIDED
39.594989,POS,37.4274999,-122.1697,16.06999969482422,0.011131949209416398,GUIDED
39.694949,POS,37.4274999,-122.1697,16.06999969482422,0.011131949209416398,GUIDED
39.794909,POS,37.4274999,-122.1697,16.06999969482422,0.011131949209416398,GUIDED
39.894869,POS,37.4274999,-122.1697,16.06999969482422,0.011131949209416398,GUIDED
39.994828999999996,POS,37.4274999,-122.1697,16.06999969482422,0.011131949209416398,GUIDED
40.094789,POS,37.4274999,-122.1697,16.06999969482422,0.011131949209416398,GUIDED
40.194749,POS,37.4274999,-122.1697,16.06999969482422,0.011131949209416398,GUIDED
40.294709,POS,37.4274999,-122.1697,16.06999969482422,0.011131949209416398,GUIDED
40.394669,POS,37.4274999,-122.1697,16.06999969482422,0.011131949209416398,GUIDED
40.494628999999996,POS,37.4274999,-122.1697,16.06999969482422,0.011131949209416398,GUIDED
40.594589,POS,37.4274999,-122.1697,16.06999969482422,0.011131949209416398,GUIDED
40.694548999999995,POS,37.4274999,-122.1697,16.06999969482422,0.011131949209416398,GUIDED
40.794509,POS,37.4274999,-122.1697,16.06999969482422,0.011131949209416398,GUIDED
40.894469,POS,37.4274999,-122.1697,16.06999969482422,0.011131949209416398,GUIDED
40.994429,POS,37.4274999,-122.1697,16.06999969482422,0.011131949209416398,GUIDED
41.094389,POS,37.4274999,-122.1697,16.06999969482422,0.011131949209416398,GUIDED
41.194348999999995,POS,37.4274999,-122.1697,16.06999969482422,0.011131949209416398,GUIDED
41.294309,POS,37.4274999,-122.1697,16.06999969482422,0.011131949209416398,GUIDED
41.394269,POS,37.4274999,-122.1697,16.06999969482422,0.011131949209416398,GUIDED
41.494229,POS,37.4274999,-122.1697,16.06999969482422,0.011131949209416398,GUIDED
41.594189,POS,37.4274999,-122.1697,16.06999969482422,0.011131949209416398,GUIDED
41.694981999999996,POS,37.4274999,-122.1697,16.06999969482422,0.011131949209416398,GUIDED
41.794942,POS,37.4274999,-122.1697,16.06999969482422,0.011131949209416398,GUIDED
41.894901999999995,POS,37.4274999,-122.1697,16.06999969482422,0.011131949209416398,GUIDED
41.994862,POS,37.4274999,-122.1697,16.06999969482422,0.011131949209416398,GUIDED
42.094822,POS,37.4274999,-122.1697,16.06999969482422,0.011131949209416398,GUIDED
42.194782,POS,37.4274999,-122.1697,16.06999969482422,0.011131949209416398,GUIDED
42.294742,POS,37.4274999,-122.1697,16.06999969482422,0.011131949209416398,GUIDED
42.394701999999995,POS,37.4274999,-122.1697,16.06999969482422,0.011131949209416398,GUIDED
42.494662,POS,37.4274999,-122.1697,16.06999969482422,0.011131949209416398,GUIDED
42.594622,POS,37.4274999,-122.1697,16.06999969482422,0.011131949209416398,GUIDED
42.694582,POS,37.4274999,-122.1697,16.06999969482422,0.011131949209416398,GUIDED
42.794542,POS,37.4274999,-122.1697,16.06999969482422,0.011131949209416398,GUIDED
42.894501999999996,POS,37.4274999,-122.1697,16.06999969482422,0.011131949209416398,GUIDED
42.994462,POS,37.4274999,-122.1697,16.06999969482422,0.011131949209416398,GUIDED
43.094422,POS,37.4274999,-122.1697,16.06999969482422,0.011131949209416398,GUIDED
43.194382,POS,37.4274999,-122.1697,16.06999969482422,0.011131949209416398,GUIDED
43.294342,POS,37.4274999,-122.1697,16.06999969482422,0.011131949209416398,GUIDED
43.394301999999996,POS,37.4274999,-122.1697,16.06999969482422,0.011131949209416398,GUIDED
43.494262,POS,37.4274999,-122.1697,16.06999969482422,0.011131949209416398,GUIDED
43.594221999999995,POS,37.4274999,-122.1697,16.06999969482422,0.011131949209416398,GUIDED
43.694182,POS,37.4274999,-122.1697,16.06999969482422,0.011131949209416398,GUIDED
43.794975,POS,37.4274999,-122.1697,16.06999969482422,0.011131949209416398,GUIDED
43.894935,POS,37.4274999,-122.1697,16.06999969482422,0.011131949209416398,GUIDED
43.994895,POS,37.4274999,-122.1697,16.06999969482422,0.011131949209416398,GUIDED
44.094854999999995,POS,37.4274999,-122.1697,16.06999969482422,0.011131949209416398,GUIDED
44.194815,POS,37.4274999,-122.1697,16.09000015258789,0.011131949209416398,GUIDED
44.294775,POS,37.4274999,-122.1697,16.100000381469727,0.011131949209416398,GUIDED
44.394735,POS,37.4274999,-122.1697,16.1299991607666,0.011131949209416398,GUIDED
44.494695,POS,37.4274999,-122.1697,16.149999618530273,0.011131949209416398,GUIDED
44.594654999999996,POS,37.4274999,-122.1697,16.190000534057617,0.011131949209416398,GUIDED
44.694615,POS,37.4274999,-122.1697,16.239999771118164,0.011131949209416398,GUIDED
44.794574999999995,POS,37.4274999,-122.1697,16.350000381469727,0.011131949209416398,GUIDED
44.894535,POS,37.4274999,-122.1697,16.469999313354492,0.011131949209416398,GUIDED
44.994495,POS,37.4274999,-122.1696999,16.59000015258789,0.014215073926666955,GUIDED
45.094454999999996,POS,37.4274999,-122.1696998,16.69999885559082,0.020892878761370796,GUIDED
45.194415,POS,37.4274999,-122.1696997,16.809999465942383,0.028761997990825246,GUIDED
45.294374999999995,POS,37.4274999,-122.1696996,16.93000030517578,0.037071399382088026,GUIDED
45.394335,POS,37.4274999,-122.1696994,17.059999465942383,0.054196393799106596,GUIDED
45.494295,POS,37.4274999,-122.1696993,17.19999885559082,0.06287426591803949,GUIDED
45.594255,POS,37.4274999,-122.1696992,17.350000381469727,0.07159185518606168,GUIDED
45.694215,POS,37.4274999,-122.169699,17.520000457763672,0.08909950918276059,GUIDED
45.794174999999996,POS,37.4274999,-122.1696988,17.690000534057617,0.10666412357103128,GUIDED
45.894968,POS,37.4274999,-122.1696987,17.869998931884766,0.11545967235441432,GUIDED
45.994928,POS,37.4274999,-122.1696985,18.059999465942383,0.13306849805376955,GUIDED
46.094888,POS,37.4274999,-122.1696983,18.270000457763672,0.15069405624594512,GUIDED
46.194848,POS,37.4274999,-122.1696981,18.479999542236328,0.16833108969792132,GUIDED
46.294807999999996,POS,37.4274999,-122.1696979,18.709999084472656,0.18597633582524112,GUIDED
46.394768,POS,37.4274999,-122.1696978,18.94999885559082,0.19480134153196368,GUIDED
46.494727999999995,POS,37.4274999,-122.1696976,19.189998626708984,0.21245512502432568,GUIDED
46.594688,POS,37.4274999,-122.1696974,19.439998626708984,0.23011297726044405,GUIDED
46.694648,POS,37.4274999,-122.1696972,19.689998626708984,0.2477740273670791,GUIDED
46.794608,POS,37.4275,-122.1696971,19.94999885559082,0.2563639713631644,GUIDED
46.894568,POS,37.4275,-122.1696969,20.209999084472656,0.27404424412397793,GUIDED
46.994527999999995,POS,37.4275,-122.1696967,20.459999084472656,0.2917245181410506,GUIDED
47.094488,POS,37.4275,-122.1696965,20.719999313354492,0.30940479215812317,GUIDED
47.194448,POS,37.4275,-122.1696964,20.979999542236328,0.31824492853853,GUIDED
47.294408,POS,37.4275,-122.1696962,21.229999542236328,0.3359252025556026,GUIDED
47.394368,POS,37.4275,-122.169696,21.489999771118164,0.35360547657267516,GUIDED
47.494327999999996,POS,37.4275,-122.1696959,21.739999771118164,0.362445614209341,GUIDED
47.594288,POS,37.4275,-122.1696957,21.989999771118164,0.3801258869701546,GUIDED
47.694247999999995,POS,37.4275,-122.1696956,22.239999771118164,0.3889660246068205,GUIDED
47.794208,POS,37.4275,-122.1696954,22.5,0.406646298623893,GUIDED
47.894168,POS,37.4275,-122.1696953,22.75,0.4154864350042998,GUIDED
47.994960999999996,POS,37.4275,-122.1696952,23.0,0.4243265713847067,GUIDED
48.094921,POS,37.4275,-122.1696951,23.25,0.43316670902137244,GUIDED
48.194880999999995,POS,37.4275,-122.169695,23.5,0.44200684540177926,GUIDED
48.294841,POS,37.4275,-122.1696949,23.75,0.4508469830384451,GUIDED
48.394801,POS,37.4275,-122.1696948,24.0,0.4596871194188519,GUIDED
48.494761,POS,37.4275,-122.1696948,24.239999771118164,0.4596871194188519,GUIDED
48.594721,POS,37.4275,-122.1696947,24.489999771118164,0.4685272570555177,GUIDED
48.694680999999996,POS,37.4275,-122.1696947,24.739999771118164,0.4685272570555177,GUIDED
48.794641,POS,37.4275,-122.1696946,24.989999771118164,0.4773673934359244,GUIDED
48.894601,POS,37.4275,-122.1696946,25.239999771118164,0.4773673934359244,GUIDED
48.994561,POS,37.4275,-122.1696946,25.489999771118164,0.4773673934359244,GUIDED
49.094521,POS,37.4275,-122.1696946,25.739999771118164,0.4773673934359244,GUIDED
49.194480999999996,POS,37.4275,-122.1696946,25.989999771118164,0.4773673934359244,GUIDED
49.294441,POS,37.4275,-122.1696945,26.229999542236328,0.4862075298163312,GUIDED
49.394400999999995,POS,37.4274999,-122.1696946,26.479999542236328,0.47749717162868716,GUIDED
49.494361,POS,37.4274999,-122.1696946,26.729999542236328,0.47749717162868716,GUIDED
49.594321,POS,37.4274999,-122.1696946,26.979999542236328,0.47749717162868716,GUIDED
49.694281,POS,37.4274999,-122.1696946,27.229999542236328,0.47749717162868716,GUIDED
49.794241,POS,37.4274999,-122.1696946,27.479999542236328,0.47749717162868716,GUIDED
49.894200999999995,POS,37.4274999,-122.1696946,27.729999542236328,0.47749717162868716,GUIDED
49.994994,POS,37.4274999,-122.1696946,27.979999542236328,0.47749717162868716,GUIDED
50.094954,POS,37.4274999,-122.1696946,28.229999542236328,0.47749717162868716,GUIDED
50.194914,POS,37.4274999,-122.1696946,28.479999542236328,0.47749717162868716,GUIDED
50.294874,POS,37.4274999,-122.1696946,28.739999771118164,0.47749717162868716,GUIDED
50.394833999999996,POS,37.4275,-122.1696946,28.979999542236328,0.4773673934359244,GUIDED
50.494794,POS,37.4275,-122.1696946,29.229999542236328,0.4773673934359244,GUIDED
50.594753999999995,POS,37.4275,-122.1696947,29.479999542236328,0.4685272570555177,GUIDED
50.694714,POS,37.4275,-122.1696947,29.729999542236328,0.4685272570555177,GUIDED
50.794674,POS,37.4275,-122.1696947,29.979999542236328,0.4685272570555177,GUIDED
50.894633999999996,POS,37.4275,-122.1696947,30.229999542236328,0.4685272570555177,GUIDED
50.994594,POS,37.4275,-122.1696947,30.479999542236328,0.4685272570555177,GUIDED
51.094553999999995,POS,37.4275,-122.1696948,30.719999313354492,0.4596871194188519,GUIDED
51.194514,POS,37.4275,-122.1696948,30.959999084472656,0.4596871194188519,GUIDED
51.294474,POS,37.4275,-122.1696948,31.19999885559082,0.4596871194188519,GUIDED
51.394434,POS,37.4275,-122.1696948,31.42999839782715,0.4596871194188519,GUIDED
51.494394,POS,37.4275,-122.1696948,31.65999984741211,0.4596871194188519,GUIDED
51.594353999999996,POS,37.4275,-122.1696948,31.8799991607666,0.4596871194188519,GUIDED
51.694314,POS,37.4275,-122.1696947,32.09000015258789,0.4685272570555177,GUIDED
51.794274,POS,37.4275,-122.1696947,32.29999923706055,0.4685272570555177,GUIDED
51.894234,POS,37.4275,-122.1696947,32.5099983215332,0.4685272570555177,GUIDED
51.994194,POS,37.4275,-122.1696947,32.70000076293945,0.4685272570555177,GUIDED
52.094986999999996,POS,37.4275,-122.1696947,32.89999771118164,0.4685272570555177,GUIDED
52.194947,POS,37.4275001,-122.1696947,33.07999801635742,0.4686594825712492,GUIDED
52.294906999999995,POS,37.4275001,-122.1696947,33.2599983215332,0.4686594825712492,GUIDED
52.394867,POS,37.4275001,-122.1696947,33.439998626708984,0.4686594825712492,GUIDED
52.494827,POS,37.4275001,-122.1696947,33.61000061035156,0.4686594825712492,GUIDED
52.594787,POS,37.4275001,-122.1696947,33.77000045776367,0.4686594825712492,GUIDED
52.694747,POS,37.4275001,-122.1696947,33.93000030517578,0.4686594825712492,GUIDED
52.794706999999995,POS,37.4275001,-122.1696947,34.07999801635742,0.4686594825712492,GUIDED
52.894667,POS,37.4275001,-122.1696947,34.22999954223633,0.4686594825712492,GUIDED
52.994627,POS,37.4275001,-122.1696947,34.369998931884766,0.4686594825712492,GUIDED
53.094587,POS,37.4275001,-122.1696947,34.5099983215332,0.4686594825712492,GUIDED
53.194547,POS,37.4275002,-122.1696947,34.63999938964844,0.4690559360621255,GUIDED
53.294506999999996,POS,37.4275002,-122.1696947,34.7599983215332,0.4690559360621255,GUIDED
53.394467,POS,37.4275002,-122.1696947,34.880001068115234,0.4690559360621255,GUIDED
53.494426999999995,POS,37.4275002,-122.1696948,35.0,0.4602259535626736,GUIDED
53.594387,POS,37.4275002,-122.1696948,35.11000061035156,0.4602259535626736,GUIDED
53.694347,POS,37.4275002,-122.1696948,35.209999084472656,0.4602259535626736,GUIDED
53.794306999999996,POS,37.4275002,-122.1696949,35.30999755859375,0.4513963698452189,GUIDED
53.894267,POS,37.4275002,-122.1696949,35.39999771118164,0.4513963698452189,GUIDED
53.994226999999995,POS,37.4275002,-122.1696948,35.48999786376953,0.4602259535626736,GUIDED
54.094187,POS,37.4275002,-122.1696944,35.56999969482422,0.49554805370774596,GUIDED
54.19498,POS,37.4275002,-122.1696935,35.630001068115234,0.5750400578235979,GUIDED
54.29494,POS,37.4275003,-122.1696918,35.68000030517578,0.7256600937748819,GUIDED
54.3949,POS,37.4275003,-122.1696891,35.71999740600586,0.9641534688969273,GUIDED
54.494859999999996,POS,37.4275003,-122.1696854,35.75,1.2910919723152312,GUIDED
54.59482,POS,37.4275003,-122.1696806,35.77000045776367,1.715311683122767,GUIDED
54.69478,POS,37.4275004,-122.1696746,35.779998779296875,2.24583623478502,GUIDED
54.79474,POS,37.4275004,-122.1696676,35.779998779296875,2.864550450902454,GUIDED
54.8947,POS,37.4275004,-122.1696594,35.779998779296875,3.589371778870131,GUIDED
54.994659999999996,POS,37.4275004,-122.1696502,35.779998779296875,4.402613348616686,GUIDED
55.09462,POS,37.4275004,-122.1696403,35.790000915527344,5.27774956048505,GUIDED
55.194579999999995,POS,37.4275004,-122.1696297,35.779998779296875,6.214775747199435,GUIDED
55.29454,POS,37.4275003,-122.1696187,35.779998779296875,7.187108879515149,GUIDED
55.3945,POS,37.4275003,-122.1696072,35.779998779296875,8.203715006530498,GUIDED
55.49446,POS,37.4275003,-122.1695954,35.77000045776367,9.246843490684341,GUIDED
55.59442,POS,37.4275002,-122.1695833,35.77000045776367,10.316463779027355,GUIDED
55.694379999999995,POS,37.4275002,-122.169571,35.7599983215332,11.403798325795378,GUIDED
55.79434,POS,37.4275001,-122.1695586,35.7599983215332,12.499958532823976,GUIDED
55.8943,POS,37.4275001,-122.169546,35.7599983215332,13.613815377034102,GUIDED
55.99426,POS,37.4275,-122.1695333,35.75,14.736508221748748,GUIDED
56.09422,POS,37.4275,-122.1695205,35.75,15.86804574502207,GUIDED
56.194179999999996,POS,37.4275,-122.1695076,35.73999786376953,17.00842340593198,GUIDED
56.294973,POS,37.4274999,-122.1694945,35.73999786376953,18.166484763676394,GUIDED
56.394932999999995,POS,37.4274999,-122.1694812,35.73999786376953,19.34222276482703,GUIDED
56.494893,POS,37.4274999,-122.1694678,35.73999786376953,20.52680092607993,GUIDED
56.594853,POS,37.4274999,-122.1694542,35.72999954223633,21.72905937921181,GUIDED
56.694812999999996,POS,37.4274999,-122.1694406,35.72999954223633,22.93131784985603,GUIDED
56.794773,POS,37.4274999,-122.1694269,35.72999954223633,24.142416470841557,GUIDED
56.894732999999995,POS,37.4274999,-122.1694132,35.72999954223633,25.35351510603273,GUIDED
56.994693,POS,37.4274999,-122.1693994,35.72999954223633,26.57345388675628,GUIDED
57.094653,POS,37.4274999,-122.1693857,35.72999954223633,27.78455254165164,GUIDED
57.194613,POS,37.4274999,-122.1693719,35.72999954223633,29.00449134202832,GUIDED
57.294573,POS,37.4274999,-122.1693582,35.72999954223633,30.215590012933728,GUIDED
57.394532999999996,POS,37.4274999,-122.1693445,35.72999954223633,31.426688691694658,GUIDED
57.494493,POS,37.4274999,-122.169331,35.72999954223633,32.62010710206405,GUIDED
57.594453,POS,37.4274999,-122.1693174,35.72999954223633,33.822365654688475,GUIDED
57.694413,POS,37.4274999,-122.169304,35.72999954223633,35.00694393881261,GUIDED
57.794373,POS,37.4274999,-122.1692906,35.72999954223633,36.19152222699451,GUIDED
57.894332999999996,POS,37.4274999,-122.1692774,35.73999786376953,37.358420245604044,GUIDED
57.994293,POS,37.4274999,-122.1692643,35.73999786376953,38.51647813143565,GUIDED
58.094252999999995,POS,37.4274999,-122.1692513,35.73999786376953,39.66569588288367,GUIDED
58.194213,POS,37.4274999,-122.1692385,35.73999786376953,40.79723336358519,GUIDED
58.294173,POS,37.4275,-122.1692258,35.73999786376953,41.919929204493954,GUIDED
58.394966,POS,37.4275,-122.1692132,35.73999786376953,43.03378645500332,GUIDED
58.494926,POS,37.4275,-122.1692008,35.75,44.12996343149549,GUIDED
58.594885999999995,POS,37.4275,-122.1691884,35.75,45.226140407987465,GUIDED
58.694846,POS,37.4275,-122.169176,35.75,46.32231738447925,GUIDED
58.794806,POS,37.4275001,-122.1691638,35.75,47.400815361193764,GUIDED
58.894766,POS,37.4275001,-122.1691517,35.75,48.47047189772684,GUIDED
58.994726,POS,37.4275001,-122.1691398,35.75,49.522448161946755,GUIDED
59.094685999999996,POS,37.4275001,-122.169128,35.75,50.56558428987957,GUIDED
59.194646,POS,37.4275001,-122.1691163,35.75,51.599880282686804,GUIDED
59.294605999999995,POS,37.4275002,-122.1691048,35.75,52.616499500449045,GUIDED
59.394566,POS,37.4275002,-122.1690934,35.75,53.62427501824227,GUIDED
59.494526,POS,37.4275002,-122.1690821,35.75,54.62321040241056,GUIDED
59.594485999999996,POS,37.4275002,-122.169071,35.75,55.60446551703801,GUIDED
59.694446,POS,37.4275002,-122.1690601,35.75,56.56804036307407,GUIDED
59.794405999999995,POS,37.4275002,-122.1690492,35.75,57.53161521039693,GUIDED
59.894366,POS,37.4275002,-122.1690386,35.75,58.4686696529533,GUIDED
59.994326,POS,37.4275002,-122.1690281,35.75,59.39688395942745,GUIDED
60.094286,POS,37.4275002,-122.1690178,35.7599983215332,60.3074179964073,GUIDED
60.194246,POS,37.4275002,-122.1690076,35.7599983215332,61.20911189947719,GUIDED
60.294205999999996,POS,37.4275002,-122.1689976,35.7599983215332,62.09312553144756,GUIDED
60.394999,POS,37.4275002,-122.1689877,35.7599983215332,62.9682990279638,GUIDED
60.494959,POS,37.4275002,-122.1689779,35.7599983215332,63.834632390169865,GUIDED
60.594919,POS,37.4275002,-122.1689683,35.7599983215332,64.68328548085996,GUIDED
60.694879,POS,37.4275002,-122.1689588,35.7599983215332,65.52309843701096,GUIDED
60.794838999999996,POS,37.4275002,-122.1689493,35.7599983215332,66.36291139440475,GUIDED
60.894799,POS,37.4275002,-122.1689401,35.7599983215332,67.17620394283259,GUIDED
60.994758999999995,POS,37.4275002,-122.168931,35.7599983215332,67.98065635644748,GUIDED
61.094719,POS,37.4275002,-122.1689221,35.77000045776367,68.76742849801649,GUIDED
61.194679,POS,37.4275002,-122.1689133,35.77000045776367,69.54536050461338,GUIDED
61.294639,POS,37.4275002,-122.1689046,35.77000045776367,70.31445237492038,GUIDED
61.394599,POS,37.4275002,-122.1688961,35.77000045776367,71.06586397420111,GUIDED
61.494558999999995,POS,37.4275002,-122.1688877,35.77000045776367,71.80843543706162,GUIDED
61.594519,POS,37.4275002,-122.1688795,35.77000045776367,72.53332662749962,GUIDED
61.694479,POS,37.4275002,-122.1688714,35.77000045776367,73.2493776826599,GUIDED
61.794439,POS,37.4275002,-122.1688634,35.77000045776367,73.95658860124252,GUIDED
61.89439899999999,POS,37.4275002,-122.1688555,35.77000045776367,74.65495938446247,GUIDED
61.994359,POS,37.4275002,-122.1688478,35.77000045776367,75.33564989629826,GUIDED
62.094319,POS,37.4275001,-122.1688402,35.77000045776367,76.00749787537842,GUIDED
62.194278999999995,POS,37.4275001,-122.1688328,35.77000045776367,76.66166799907266,GUIDED
62.294239000000005,POS,37.4275001,-122.1688255,35.77000045776367,77.30699798660171,GUIDED
62.394199,POS,37.4275001,-122.1688184,35.77000045776367,77.93464769916135,GUIDED
62.494991999999996,POS,37.4275001,-122.1688113,35.77000045776367,78.56229741308027,GUIDED
62.59495199999999,POS,37.4275001,-122.1688043,35.77000045776367,79.18110698955645,GUIDED
62.694912,POS,37.4275001,-122.1687975,35.779998779296875,79.7822362935514,GUIDED
62.794872,POS,37.4275001,-122.1687907,35.779998779296875,80.38336559637813,GUIDED
62.894831999999994,POS,37.4275001,-122.168784,35.779998779296875,80.97565476300015,GUIDED
62.994792000000004,POS,37.4275001,-122.1687775,35.779998779296875,81.55026365586355,GUIDED
63.094752,POS,37.4275001,-122.1687711,35.779998779296875,82.11603241250911,GUIDED
63.194711999999996,POS,37.4275,-122.1687649,35.779998779296875,82.66412020104907,GUIDED
63.29467199999999,POS,37.4275,-122.1687587,35.779998779296875,83.21220868929025,GUIDED
63.394632,POS,37.4275,-122.1687527,35.779998779296875,83.74261690351447,GUIDED
63.494592,POS,37.4275,-122.1687468,35.779998779296875,84.26418498135834,GUIDED
63.59455199999999,POS,37.4275,-122.168741,35.779998779296875,84.77691292156555,GUIDED
63.694512,POS,37.4275,-122.1687353,35.779998779296875,85.2808007253924,GUIDED
63.794472,POS,37.4275,-122.1687298,35.779998779296875,85.76700825520233,GUIDED
63.894431999999995,POS,37.4275,-122.1687244,35.779998779296875,86.24437564737565,GUIDED
63.994392000000005,POS,37.4275,-122.1687192,35.779998779296875,86.70406276678833,GUIDED
64.094352,POS,37.4275,-122.168714,35.779998779296875,87.1637498862009,GUIDED
64.194312,POS,37.4275,-122.1687091,35.779998779296875,87.59691659396006,GUIDED
64.29427199999999,POS,37.4275,-122.1687042,35.779998779296875,88.03008330297543,GUIDED
64.394232,POS,37.4275,-122.1686995,35.779998779296875,88.44556973671764,GUIDED
64.494192,POS,37.4275,-122.1686949,35.779998779296875,88.85221603407953,GUIDED
64.594985,POS,37.4275,-122.1686905,35.790000915527344,89.24118205868079,GUIDED
64.694945,POS,37.4275,-122.1686861,35.790000915527344,89.63014808202577,GUIDED
64.794905,POS,37.4275,-122.1686819,35.790000915527344,90.00143383261013,GUIDED
64.894865,POS,37.4275,-122.1686778,35.790000915527344,90.3638794455579,GUIDED
64.99482499999999,POS,37.4275,-122.1686738,35.790000915527344,90.71748492212535,GUIDED
65.094785,POS,37.4275,-122.16867,35.790000915527344,91.05341012341971,GUIDED
65.194745,POS,37.4275,-122.1686663,35.790000915527344,91.38049518958998,GUIDED
65.294705,POS,37.4275,-122.1686627,35.790000915527344,91.69874011812375,GUIDED
65.394665,POS,37.4275,-122.1686593,35.790000915527344,91.99930477264063,GUIDED
65.494625,POS,37.4275,-122.168656,35.790000915527344,92.29102929077722,GUIDED
65.594585,POS,37.4275,-122.1686528,35.790000915527344,92.57391367127725,GUIDED
65.694545,POS,37.4275,-122.1686498,35.790000915527344,92.83911777901673,GUIDED
65.794505,POS,37.4275,-122.168647,35.790000915527344,93.08664161148312,GUIDED
65.894465,POS,37.4275,-122.1686443,35.790000915527344,93.32532530882547,GUIDED
65.99442499999999,POS,37.4275,-122.1686417,35.790000915527344,93.5551688685313,GUIDED
66.094385,POS,37.4275,-122.1686393,35.790000915527344,93.76733215422028,GUIDED
66.194345,POS,37.4275,-122.1686371,35.790000915527344,93.9618151658925,GUIDED
66.294305,POS,37.4275,-122.168635,35.790000915527344,94.14745804118441,GUIDED
66.394265,POS,37.4275,-122.1686331,35.790000915527344,94.31542064245951,GUIDED
66.494225,POS,37.4275,-122.1686314,35.790000915527344,94.46570296971785,GUIDED
66.594185,POS,37.4275,-122.1686299,35.790000915527344,94.59830502295937,GUIDED
66.69497799999999,POS,37.4275,-122.1686285,35.790000915527344,94.72206693982062,GUIDED
66.794938,POS,37.4275,-122.1686273,35.790000915527344,94.82814858266508,GUIDED
66.894898,POS,37.4275,-122.1686262,35.790000915527344,94.92539008787301,GUIDED
66.994858,POS,37.4275,-122.1686254,35.790000915527344,94.99611118394016,GUIDED
67.094818,POS,37.4275,-122.1686246,35.790000915527344,95.06683227875104,GUIDED
67.194778,POS,37.4275,-122.168624,35.790000915527344,95.1198731008014,GUIDED
67.294738,POS,37.4275,-122.1686235,35.790000915527344,95.16407378521522,GUIDED
67.39469799999999,POS,37.4275,-122.1686232,35.790000915527344,95.19059419561226,GUIDED
67.494658,POS,37.4275,-122.1686229,35.790000915527344,95.21711460600933,GUIDED
67.594618,POS,37.4275,-122.1686227,35.790000915527344,95.23479488002609,GUIDED
67.69457799999999,POS,37.4275,-122.1686226,35.790000915527344,95.24363501640637,GUIDED
67.794538,POS,37.4275,-122.1686226,35.79999923706055,95.24363501640637,GUIDED
67.894498,POS,37.4275,-122.1686226,35.79999923706055,95.24363501640637,GUIDED
67.994458,POS,37.4275,-122.1686227,35.79999923706055,95.23479488002609,GUIDED
68.094418,POS,37.4275,-122.1686228,35.79999923706055,95.22595474364584,GUIDED
68.194378,POS,37.4275,-122.168623,35.79999923706055,95.20827446962909,GUIDED
68.294338,POS,37.4275,-122.1686231,35.79999923706055,95.19943433199253,GUIDED
68.39429799999999,POS,37.4275,-122.1686233,35.79999923706055,95.18175405923202,GUIDED
68.494258,POS,37.4275,-122.1686235,35.79999923706055,95.16407378521522,GUIDED
68.594218,POS,37.4275,-122.1686237,35.79999923706055,95.14639351119845,GUIDED
68.694178,POS,37.4275,-122.1686237,35.79999923706055,95.14639351119845,GUIDED
68.794971,POS,37.4275,-122.1686233,35.79999923706055,95.18175405923202,GUIDED
68.894931,POS,37.4275,-122.1686222,35.79999923706055,95.27899556443992,GUIDED
68.994891,POS,37.4275,-122.1686203,35.79999923706055,95.446958165715,GUIDED
69.09485099999999,POS,37.4275001,-122.1686172,35.790000915527344,95.72100299320499,GUIDED
69.194811,POS,37.4275001,-122.168613,35.779998779296875,96.09228874103955,GUIDED
69.294771,POS,37.4275002,-122.1686077,35.779998779296875,96.56081785390852,GUIDED
69.394731,POS,37.4275002,-122.1686015,35.779998779296875,97.10890632692863,GUIDED
69.494691,POS,37.4275002,-122.1685945,35.790000915527344,97.72771589299106,GUIDED
69.594651,POS,37.4275003,-122.1685871,35.790000915527344,98.38188908959228,GUIDED
69.694611,POS,37.4275004,-122.1685794,35.790000915527344,99.06258390285275,GUIDED
69.794571,POS,37.4275005,-122.1685716,35.79999923706055,99.75212003334397,GUIDED
69.894531,POS,37.4275005,-122.1685636,35.79999923706055,100.45933087479763,GUIDED
69.994491,POS,37.4275006,-122.1685557,35.79999923706055,101.15770825156508,GUIDED
70.09445099999999,POS,37.4275006,-122.1685479,35.79999923706055,101.84723877863107,GUIDED
70.194411,POS,37.4275007,-122.1685399,35.79999923706055,102.55445736233875,RTL
70.294371,POS,37.4275008,-122.168532,35.79999923706055,103.25283690660238,RTL
70.394331,POS,37.4275008,-122.1685243,35.79999923706055,103.93352719291703,RTL
70.494291,POS,37.4275008,-122.1685169,35.79999923706055,104.58769708186117,RTL
70.594251,POS,37.4275008,-122.1685099,35.790000915527344,105.20650643859162,RTL
70.694211,POS,37.4275007,-122.1685033,35.790000915527344,105.78994654916674,RTL
70.79417099999999,POS,37.4275007,-122.1684972,35.790000915527344,106.32919475170004,RTL
70.894964,POS,37.4275006,-122.1684918,35.790000915527344,106.80655454510702,RTL
70.994924,POS,37.4275006,-122.1684871,35.790000915527344,107.22204089751152,RTL
71.094884,POS,37.4275005,-122.1684833,35.779998779296875,107.55795976762813,RTL
71.194844,POS,37.4275005,-122.1684804,35.779998779296875,107.81432370262914,RTL
71.294804,POS,37.4275004,-122.1684785,35.779998779296875,107.9822811889198,RTL
71.394764,POS,37.4275004,-122.1684775,35.779998779296875,108.07068255125728,RTL
71.494724,POS,37.4275003,-122.1684773,35.77000045776367,108.08835888200623,RTL
71.594684,POS,37.4275003,-122.168478,35.77000045776367,108.02647792791146,RTL
71.694644,POS,37.4275002,-122.1684794,35.77000045776367,107.90271321817266,RTL
71.79460399999999,POS,37.4275001,-122.1684814,35.77000045776367,107.72590882972017,RTL
71.894564,POS,37.4275001,-122.1684841,35.77000045776367,107.48722513507192,RTL
71.994524,POS,37.4275,-122.1684875,35.7599983215332,107.18665997590185,RTL
72.094484,POS,37.4275,-122.1684916,35.7599983215332,106.82421436295624,RTL
72.194444,POS,37.4274999,-122.1684964,35.75,106.39988844497393,RTL
72.294404,POS,37.4274998,-122.1685019,35.75,105.91368274327039,RTL
72.394364,POS,37.4274998,-122.1685079,35.73999786376953,105.38327454011933,RTL
72.49432399999999,POS,37.4274998,-122.1685148,35.72999954223633,104.77330510632883,RTL
72.594284,POS,37.4274997,-122.1685222,35.71999740600586,104.11913803421828,RTL
72.694244,POS,37.4274997,-122.1685305,35.709999084472656,103.38540670722993,RTL
72.794204,POS,37.4274997,-122.1685393,35.70000076293945,102.60747469862264,RTL
72.894997,POS,37.4274997,-122.1685488,35.70000076293945,101.76766173667161,RTL
72.994957,POS,37.4274996,-122.1685587,35.689998626708984,100.89249259426873,RTL
73.094917,POS,37.4274996,-122.1685691,35.689998626708984,99.97311844460924,RTL
73.19487699999999,POS,37.4274996,-122.16858,35.689998626708984,99.00954361530671,RTL
73.294837,POS,37.4274995,-122.1685911,35.68000030517578,98.02829427096135,RTL
73.394797,POS,37.4274995,-122.1686025,35.68000030517578,97.02051882408152,RTL
73.49475699999999,POS,37.4274995,-122.1686141,35.689998626708984,95.99506311079881,RTL
73.594717,POS,37.4274995,-122.1686258,35.689998626708984,94.96076726505122,RTL
73.694677,POS,37.4274995,-122.1686376,35.689998626708984,93.91763128831649,RTL
73.794637,POS,37.4274995,-122.1686495,35.70000076293945,92.86565517957288,RTL
73.894597,POS,37.4274995,-122.1686615,35.70000076293945,91.80483894032504,RTL
73.994557,POS,37.4274995,-122.1686734,35.709999084472656,90.75286284033018,RTL
74.094517,POS,37.4274995,-122.1686853,35.709999084472656,89.70088674492243,RTL
74.19447699999999,POS,37.4274995,-122.1686972,35.71999740600586,88.64891065552133,RTL
74.294437,POS,37.4274995,-122.168709,35.72999954223633,87.60577470441099,RTL
74.394397,POS,37.4274995,-122.1687209,35.72999954223633,86.5537986249889,RTL
74.494357,POS,37.4274995,-122.1687326,35.73999786376953,85.51950281992879,RTL
74.594317,POS,37.4274995,-122.1687443,35.75,84.4852070201679,RTL
74.694277,POS,37.4274995,-122.1687558,35.75,83.46859149604741,RTL
74.794237,POS,37.4274995,-122.1687674,35.7599983215332,82.44313584303796,RTL
74.89419699999999,POS,37.4274996,-122.1687788,35.77000045776367,81.43535356248842,RTL
74.99499,POS,37.4274996,-122.1687903,35.77000045776367,80.41873796963036,RTL
75.09495,POS,37.4274996,-122.1688017,35.779998779296875,79.4109625157268,RTL
75.19491,POS,37.4274996,-122.168813,35.779998779296875,78.41202720207937,RTL
75.29487,POS,37.4274996,-122.1688245,35.790000915527344,77.39541162139747,RTL
75.39483,POS,37.4274997,-122.1688358,35.790000915527344,76.39647058793497,RTL
75.49479,POS,37.4274997,-122.1688471,35.790000915527344,75.3975352126216,RTL
75.59475,POS,37.4274997,-122.1688583,35.790000915527344,74.40743997541247,RTL
75.69471,POS,37.4274998,-122.1688696,35.79999923706055,73.4085003361175,RTL
75.79467,POS,37.4274998,-122.1688808,35.79999923706055,72.4184050473135,RTL
75.89462999999999,POS,37.4274998,-122.168892,35.79999923706055,71.42830975978889,RTL
75.99459,POS,37.4274998,-122.1689032,35.79999923706055,70.43821447359764,RTL
76.09455,POS,37.4274999,-122.1689143,35.79999923706055,69.45695660340691,RTL
76.19451,POS,37.4274999,-122.1689255,35.79999923706055,68.4668612820045,RTL
76.29447,POS,37.4274999,-122.1689367,35.79999923706055,67.47676596098042,RTL
76.39443,POS,37.4274999,-122.1689478,35.79999923706055,66.49551077787021,RTL
76.49439,POS,37.4275,-122.168959,35.79999923706055,65.50541446802367,RTL
76.59434999999999,POS,37.4275,-122.1689701,35.79999923706055,64.52415927201807,RTL
76.69431,POS,37.4275,-122.1689812,35.79999923706055,63.54290407475598,RTL
76.79427,POS,37.4275,-122.1689922,35.79999923706055,62.57048901513028,RTL
76.89423,POS,37.4275,-122.1690032,35.79999923706055,61.59807395550436,RTL
76.99419,POS,37.4275001,-122.1690143,35.79999923706055,60.6168197411749,RTL
77.094983,POS,37.4275001,-122.1690253,35.79999923706055,59.64440469886285,RTL
77.194943,POS,37.4275001,-122.1690364,35.79999923706055,58.66314952088769,RTL
77.294903,POS,37.4275002,-122.1690475,35.790000915527344,57.681897526232376,RTL
77.394863,POS,37.4275002,-122.1690588,35.790000915527344,56.682962133263665,RTL
77.494823,POS,37.4275002,-122.1690699,35.790000915527344,55.701707015592156,RTL
77.59478299999999,POS,37.4275002,-122.1690811,35.790000915527344,54.711611763789925,RTL
77.694743,POS,37.4275002,-122.1690923,35.790000915527344,53.72151651495546,RTL
77.794703,POS,37.4275002,-122.1691034,35.790000915527344,52.740261406092976,RTL
77.894663,POS,37.4275002,-122.1691146,35.790000915527344,51.750166163678,RTL
77.994623,POS,37.4275002,-122.1691258,35.790000915527344,50.76007092477021,RTL
78.094583,POS,37.4275002,-122.169137,35.790000915527344,49.7699756895789,RTL
78.194543,POS,37.4275002,-122.1691482,35.790000915527344,48.77988045958669,RTL
78.29450299999999,POS,37.4275002,-122.1691593,35.790000915527344,47.7986253679355,RTL
78.394463,POS,37.4275002,-122.1691705,35.790000915527344,46.80853014528761,RTL
78.494423,POS,37.4275002,-122.1691817,35.790000915527344,45.81843492863579,RTL
78.594383,POS,37.4275002,-122.1691929,35.790000915527344,44.82833971578157,RTL
78.694343,POS,37.4275002,-122.1692041,35.790000915527344,43.83824450832367,RTL
78.794303,POS,37.4275002,-122.1692151,35.790000915527344,42.86582957824388,RTL
78.894263,POS,37.4275002,-122.1692262,35.790000915527344,41.88457451899781,RTL
78.994223,POS,37.4275002,-122.1692373,35.790000915527344,40.90331946499427,RTL
79.094183,POS,37.4275002,-122.1692484,35.790000915527344,39.922064419225016,RTL
79.194976,POS,37.4275002,-122.1692594,35.790000915527344,38.94964951588535,RTL
79.29493599999999,POS,37.4275002,-122.1692705,35.790000915527344,37.96839448563359,RTL
79.394896,POS,37.4275002,-122.1692816,35.790000915527344,36.987139462850934,RTL
79.494856,POS,37.4275002,-122.1692928,35.790000915527344,35.9970443160851,RTL
79.594816,POS,37.4275002,-122.169304,35.790000915527344,35.006949178488085,RTL
79.694776,POS,37.4275002,-122.1693152,35.790000915527344,34.01685405222647,RTL
79.794736,POS,37.4275002,-122.1693264,35.790000915527344,33.0267589383197,RTL
79.894696,POS,37.4275002,-122.1693376,35.790000915527344,32.0366638379133,RTL
79.99465599999999,POS,37.4275002,-122.1693488,35.790000915527344,31.046568753555132,RTL
80.094616,POS,37.4275002,-122.16936,35.790000915527344,30.05647368419449,RTL
80.194576,POS,37.4275001,-122.1693712,35.790000915527344,29.066372257128346,RTL
80.294536,POS,37.4275001,-122.1693824,35.790000915527344,28.07627699931384,RTL
80.394496,POS,37.4275001,-122.1693936,35.790000915527344,27.086181746994868,RTL
80.494456,POS,37.4275001,-122.1694048,35.790000915527344,26.09608650205323,RTL
80.594416,POS,37.4275001,-122.169416,35.790000915527344,25.105991262700588,RTL
80.69437599999999,POS,37.4275001,-122.1694272,35.790000915527344,24.115896031036336,RTL
80.794336,POS,37.4275001,-122.1694383,35.790000915527344,23.13464094465495,RTL
80.894296,POS,37.4275,-122.1694494,35.790000915527344,22.1533830845961,RTL
80.994256,POS,37.4275,-122.1694604,35.790000915527344,21.180968024964265,RTL
81.094216,POS,37.4275,-122.1694715,35.790000915527344,20.199712828951956,RTL
81.194176,POS,37.4275,-122.1694825,35.790000915527344,19.227297769319968,RTL
81.294969,POS,37.4275,-122.1694935,35.790000915527344,18.25488270968792,RTL
81.394929,POS,37.4275,-122.1695046,35.790000915527344,17.27362751367541,RTL
81.494889,POS,37.4275,-122.1695158,35.790000915527344,16.283532180026178,RTL
81.594849,POS,37.4275,-122.169527,35.790000915527344,15.293436846376887,RTL
81.69480899999999,POS,37.4275,-122.169538,35.790000915527344,14.321021786744605,RTL
81.794769,POS,37.4275,-122.169549,35.790000915527344,13.348606727112276,RTL
81.894729,POS,37.4275,-122.1695599,35.79999923706055,12.385031805116569,RTL
81.994689,POS,37.4275,-122.1695705,35.80999755859375,11.447977292262033,RTL
82.094649,POS,37.4275,-122.1695809,35.81999969482422,10.528603054680788,RTL
82.194609,POS,37.4275,-122.169591,35.82999801635742,9.635749227496985,RTL
82.294569,POS,37.4275,-122.1696007,35.84000015258789,8.778255947091038,RTL
82.39452899999999,POS,37.4275,-122.16961,35.86000061035156,7.956123214719207,RTL
82.494489,POS,37.4274999,-122.1696189,35.869998931884766,7.1693596775292,RTL
82.594449,POS,37.4274999,-122.1696274,35.880001068115234,6.417949052568835,RTL
82.694409,POS,37.4274999,-122.1696354,35.89999771118164,5.710739294516196,RTL
82.794369,POS,37.4274999,-122.169643,35.90999984741211,5.038890336845197,RTL
82.894329,POS,37.4274999,-122.1696501,35.91999816894531,4.411242365312448,RTL
82.994289,POS,37.4274999,-122.1696567,35.93000030517578,3.8277954695907375,RTL
83.094249,POS,37.4274999,-122.1696628,35.93000030517578,3.288549772914457,RTL
83.194209,POS,37.4274999,-122.1696684,35.939998626708984,2.793505444058563,RTL
83.294169,POS,37.4274999,-122.1696735,35.939998626708984,2.3426627305651806,RTL
83.39496199999999,POS,37.4274999,-122.1696781,35.939998626708984,1.9360219882868928,RTL
83.494922,POS,37.4274999,-122.1696822,35.939998626708984,1.5735837466575155,RTL
83.594882,POS,37.4274999,-122.1696858,35.93000030517578,1.2553488001190591,RTL
83.694842,POS,37.4274999,-122.1696889,35.93000030517578,0.981318339657114,RTL
83.794802,POS,37.4275,-122.1696915,35.91999816894531,0.7514116375599023,RTL
83.894762,POS,37.4275,-122.1696935,35.90999984741211,0.5746088999016943,RTL
83.994722,POS,37.4275,-122.169695,35.89999771118164,0.44200684540177926,RTL
84.09468199999999,POS,37.4275,-122.1696961,35.880001068115234,0.3447653401922684,RTL
84.194642,POS,37.4275,-122.1696969,35.869998931884766,0.27404424412397793,RTL
84.294602,POS,37.4275,-122.1696975,35.849998474121094,0.22100342332901912,RTL
84.394562,POS,37.4274999,-122.169698,35.84000015258789,0.17715284028942976,RTL
84.494522,POS,37.4274999,-122.1696984,35.82999801635742,0.14187957457276565,RTL
84.594482,POS,37.4274999,-122.169699,35.81999969482422,0.08909950918276059,RTL
84.694442,POS,37.4274999,-122.1696997,35.79999923706055,0.028761997990825246,RTL
84.794402,POS,37.4274999,-122.1697006,35.790000915527344,0.054196392569633434,RTL
84.894362,POS,37.4274999,-122.1697017,35.779998779296875,0.15069405499311847,RTL
84.994322,POS,37.4274999,-122.1697029,35.779998779296875,0.2566055446594305,RTL
85.09428199999999,POS,37.4274999,-122.1697043,35.779998779296875,0.38028885131049456,RTL
85.194242,POS,37.4274999,-122.1697056,35.779998779296875,0.49517281067056673,RTL
85.294202,POS,37.4274999,-122.169707,35.779998779296875,0.6189097033425491,RTL
85.394995,POS,37.4274999,-122.1697083,35.779998779296875,0.7338158031926099,RTL
85.494955,POS,37.4274999,-122.1697096,35.779998779296875,0.8487261501730777,RTL
85.594915,POS,37.4275,-122.1697108,35.779998779296875,0.9547347856155896,RTL
85.694875,POS,37.4275,-122.1697119,35.790000915527344,1.0519762908251,RTL
85.79483499999999,POS,37.4275,-122.1697129,35.790000915527344,1.1403776596542041,RTL
85.894795,POS,37.4275,-122.1697138,35.790000915527344,1.219938892102901,RTL
85.994755,POS,37.4275,-122.1697146,35.790000915527344,1.2906599881711913,RTL
86.094715,POS,37.4275,-122.1697152,35.790000915527344,1.34370080896615,RTL
86.194675,POS,37.4275,-122.1697158,35.79999923706055,1.3967416310173677,RTL
86.294635,POS,37.4275,-122.1697162,35.79999923706055,1.4321021777952536,RTL
86.394595,POS,37.4275001,-122.1697165,35.79999923706055,1.458665066388513,RTL
86.49455499999999,POS,37.4275001,-122.1697167,35.79999923706055,1.4763448304345688,RTL
86.594515,POS,37.4275001,-122.1697168,35.790000915527344,1.4851847182556175,RTL
86.694475,POS,37.4275001,-122.1697168,35.790000915527344,1.4851847182556175,RTL
86.794435,POS,37.4275001,-122.1697167,35.790000915527344,1.4763448304345688,RTL
86.894395,POS,37.4275001,-122.1697166,35.790000915527344,1.4675049468793693,RTL
86.994355,POS,37.4275001,-122.1697164,35.790000915527344,1.44982518776183,RTL
87.094315,POS,37.4275001,-122.1697161,35.790000915527344,1.4233055736980018,RTL
87.194275,POS,37.4275001,-122.1697158,35.790000915527344,1.396785989872605,RTL
87.294235,POS,37.4275001,-122.1697155,35.790000915527344,1.3702664367850892,RTL
87.394195,POS,37.4275001,-122.1697151,35.790000915527344,1.3349070878264089,RTL
87.49498799999999,POS,37.4275001,-122.1697146,35.790000915527344,1.2907079929767973,RTL
87.594948,POS,37.4275001,-122.1697141,35.790000915527344,1.2465090095974674,RTL
87.694908,POS,37.4275001,-122.1697136,35.790000915527344,1.2023101526328988,RTL
87.794868,POS,37.4275001,-122.169713,35.790000915527344,1.1492717103188328,RTL
87.894828,POS,37.4275001,-122.1697125,35.790000915527344,1.1050731823782984,RTL
87.994788,POS,37.4275001,-122.1697119,35.790000915527344,1.0520351872789913,RTL
88.094748,POS,37.4275001,-122.1697114,35.790000915527344,1.007837085948301,RTL
88.19470799999999,POS,37.4275001,-122.1697108,35.790000915527344,0.9547996805299533,RTL
88.294668,POS,37.4275001,-122.1697102,35.790000915527344,0.9017626756168204,RTL
88.394628,POS,37.4275002,-122.1697097,35.790000915527344,0.8577822584784439,RTL
88.494588,POS,37.4275002,-122.1697091,35.790000915527344,0.8047604843442183,RTL
88.594548,POS,37.4275002,-122.1697086,35.790000915527344,0.7605777010752482,RTL
88.694508,POS,37.4275002,-122.1697081,35.790000915527344,0.716397125049911,RTL
88.794468,POS,37.4275002,-122.1697076,35.790000915527344,0.6722191942304117,RTL
88.894428,POS,37.4275002,-122.1697071,35.790000915527344,0.6280444653038356,RTL
88.994388,POS,37.4275002,-122.1697066,35.790000915527344,0.5838736650173297,RTL
89.094348,POS,37.4275002,-122.1697062,35.790000915527344,0.5485404906731319,RTL
89.19430799999999,POS,37.4275002,-122.1697057,35.790000915527344,0.5043794187368421,RTL
89.294268,POS,37.4275002,-122.1697053,35.790000915527344,0.46905593480728247,RTL
89.394228,POS,37.4275002,-122.1697049,35.790000915527344,0.43373848959066896,RTL
89.494188,POS,37.4275002,-122.1697046,35.790000915527344,0.40725531532275083,RTL
89.594981,POS,37.4275002,-122.1697042,35.790000915527344,0.37195266960655665,RTL
89.694941,POS,37.4275002,-122.1697039,35.790000915527344,0.34548345800009944,RTL
89.794901,POS,37.4275002,-122.1697036,35.790000915527344,0.319022750611163,RTL
89.89486099999999,POS,37.4275002,-122.1697033,35.790000915527344,0.292572853597012,RTL
89.994821,POS,37.4275002,-122.169703,35.790000915527344,0.26613699300815863,RTL
90.094781,POS,37.4275002,-122.1697027,35.77000045776367,0.23971981095540335,RTL
90.194741,POS,37.4275002,-122.1697024,35.75,0.2133282466367443,RTL
90.294701,POS,37.4275002,-122.1697021,35.71999740600586,0.18697314707420803,RTL
90.394661,POS,37.4275002,-122.1697018,35.68000030517578,0.160672460319642,RTL
90.494621,POS,37.4275002,-122.1697014,35.619998931884766,0.1257485302155725,RTL
90.594581,POS,37.4275002,-122.1697011,35.55999755859375,0.09975766360402606,RTL
90.694541,POS,37.4275002,-122.1697008,35.47999954223633,0.07414279719321977,RTL
90.794501,POS,37.4275002,-122.1697005,35.38999938964844,0.049491227859888666,RTL
90.89446099999999,POS,37.4275002,-122.1697002,35.29999923706055,0.028430145649390007,RTL
90.994421,POS,37.4275002,-122.1697,35.189998626708984,0.02226389762786024,RTL
91.094381,POS,37.4275002,-122.1696997,35.06999969482422,0.034626772445445424,RTL
91.194341,POS,37.4275002,-122.1696994,34.939998626708984,0.057523994419173344,RTL
91.294301,POS,37.4275002,-122.1696992,34.790000915527344,0.07414279839150223,RTL
91.394261,POS,37.4275001,-122.169699,34.64999771118164,0.08909950906560518,RTL
91.494221,POS,37.4275001,-122.1696989,34.48999786376953,0.0978766103842119,RTL
91.59418099999999,POS,37.4275001,-122.1696987,34.34000015258789,0.11545967220162465,RTL
91.694974,POS,37.4275001,-122.1696987,34.18000030517578,0.11545967220162465,RTL
91.794934,POS,37.4275001,-122.1696986,34.02000045776367,0.12426154810884747,RTL
91.894894,POS,37.4275001,-122.1696986,33.86000061035156,0.12426154810884747,RTL
91.994854,POS,37.4275001,-122.1696987,33.70000076293945,0.11545967220162465,RTL
92.094814,POS,37.4275001,-122.1696988,33.540000915527344,0.10666412343010832,RTL
92.194774,POS,37.4275001,-122.1696989,33.380001068115234,0.0978766103842119,RTL
92.29473399999999,POS,37.4275001,-122.169699,33.21999740600586,0.08909950906560518,RTL
92.394694,POS,37.4275001,-122.169699,33.06999969482422,0.08909950906560518,RTL
92.494654,POS,37.4275001,-122.1696992,32.90999984741211,0.07159185509274613,RTL
92.59461399999999,POS,37.4275001,-122.1696993,32.7599983215332,0.0628742658366889,RTL
92.694574,POS,37.4275001,-122.1696995,32.61000061035156,0.045580926980056516,RTL
92.794534,POS,37.4275001,-122.1696997,32.459999084472656,0.028761997958161867,RTL
92.894494,POS,37.4275001,-122.1696999,32.30999755859375,0.0142150739193237,RTL
92.994454,POS,37.4275001,-122.1697001,32.15999984741211,0.01421507313807542,RTL
93.094414,POS,37.4275001,-122.1697003,32.0,0.02876199679981027,RTL
93.194374,POS,37.4275001,-122.1697005,31.849998474121094,0.045580925761838434,RTL
93.29433399999999,POS,37.4275001,-122.1697006,31.709999084472656,0.05419639250029568,RTL
93.394294,POS,37.4275001,-122.1697008,31.559999465942383,0.07159185385176678,RTL
93.494254,POS,37.4275001,-122.169701,31.40999984741211,0.08909950781918959,RTL
93.594214,POS,37.4275001,-122.1697012,31.260000228881836,0.10666412343010832,RTL
93.694174,POS,37.4275001,-122.1697013,31.10999870300293,0.11545967095121815,RTL
93.794967,POS,37.4275001,-122.1697015,30.959999084472656,0.13306849662541403,RTL
93.894927,POS,37.4275001,-122.1697016,30.809999465942383,0.14187957313203287,RTL
93.99488699999999,POS,37.4275001,-122.1697018,30.65999984741211,0.15951137481259703,RTL
94.094847,POS,37.4275001,-122.1697019,30.510000228881836,0.16833108947405925,RTL
94.194807,POS,37.4275001,-122.169702,30.35999870300293,0.1771528387999589,RTL
94.294767,POS,37.4275001,-122.1697021,30.209999084472656,0.18597633432370994,RTL
94.394727,POS,37.4275001,-122.1697022,30.059999465942383,0.19480134001840468,RTL
94.494687,POS,37.4275001,-122.1697023,29.90999984741211,0.2036276571913954,RTL
94.594647,POS,37.4275001,-122.1697024,29.760000228881836,0.21245512474132147,RTL
94.694607,POS,37.4275001,-122.1697025,29.60999870300293,0.22128360263659622,RTL
94.794567,POS,37.4275001,-122.1697026,29.459999084472656,0.2301129756990057,RTL
94.894527,POS,37.4275001,-122.1697027,29.309999465942383,0.2389431459494247,RTL
94.99448699999999,POS,37.4275001,-122.1697028,29.15999984741211,0.24777402578179672,RTL
95.094447,POS,37.4275001,-122.1697028,29.010000228881836,0.24777402578179672,RTL
95.194407,POS,37.4275001,-122.1697029,28.85999870300293,0.256605544317319,RTL
95.294367,POS,37.4275001,-122.169703,28.709999084472656,0.2654376354192981,RTL
95.394327,POS,37.4275001,-122.169703,28.559999465942383,0.2654376354192981,RTL
95.494287,POS,37.4275001,-122.169703,28.40999984741211,0.2654376354192981,RTL
95.594247,POS,37.4275001,-122.1697031,28.260000228881836,0.27427024616310386,RTL
95.69420699999999,POS,37.4275001,-122.1697031,28.10999870300293,0.27427024616310386,RTL
95.795,POS,37.4275001,-122.1697031,27.959999084472656,0.27427024616310386,RTL
95.89496,POS,37.4275001,-122.1697032,27.81999969482422,0.2831033255185471,RTL
95.99492,POS,37.4275001,-122.1697032,27.670000076293945,0.2831033255185471,RTL
96.09488,POS,37.4275001,-122.1697032,27.51999855041504,0.2831033255185471,RTL
96.19484,POS,37.4275001,-122.1697032,27.369998931884766,0.2831033255185471,RTL
96.2948,POS,37.4275001,-122.1697033,27.229999542236328,0.291936832090764,RTL
96.39476,POS,37.4275001,-122.1697033,27.099998474121094,0.291936832090764,RTL
96.49472,POS,37.4275001,-122.1697034,26.969999313354492,0.300770729493638,RTL
96.59468,POS,37.4275001,-122.1697035,26.85999870300293,0.309604981869407,RTL
96.69463999999999,POS,37.4275001,-122.1697036,26.75,0.31843956208111496,RTL
96.7946,POS,37.4275001,-122.1697037,26.65999984741211,0.32727444117028626,RTL
96.89456,POS,37.4275001,-122.1697038,26.579999923706055,0.33610959672474955,RTL
96.99452,POS,37.4275001,-122.1697038,26.51999855041504,0.33610959672474955,RTL
97.09448,POS,37.4275001,-122.1697039,26.459999084472656,0.3449450087566032,RTL
97.19444,POS,37.4275001,-122.169704,26.40999984741211,0.3537806556327434,RTL
97.2944,POS,37.4275001,-122.1697041,26.35999870300293,0.36261652260572097,RTL
97.39435999999999,POS,37.4275001,-122.1697041,26.31999969482422,0.36261652260572097,RTL
97.49432,POS,37.4275001,-122.1697041,26.26999855041504,0.36261652260572097,RTL
97.59428,POS,37.4275001,-122.1697041,26.229999542236328,0.36261652260572097,RTL
97.69424,POS,37.4275001,-122.1697041,26.189998626708984,0.36261652260572097,RTL
97.7942,POS,37.4275001,-122.169704,26.149999618530273,0.3537806556327434,RTL
97.894993,POS,37.4275001,-122.169704,26.10999870300293,0.3537806556327434,RTL
97.994953,POS,37.4275001,-122.169704,26.059999465942383,0.3537806556327434,RTL
98.09491299999999,POS,37.4275001,-122.1697039,26.01999855041504,0.3449450087566032,RTL
98.194873,POS,37.4275001,-122.1697038,25.969999313354492,0.33610959672474955,RTL
98.294833,POS,37.4275001,-122.1697037,25.920000076293945,0.32727444117028626,RTL
98.39479299999999,POS,37.4275001,-122.1697036,25.8799991607666,0.31843956208111496,RTL
98.494753,POS,37.4275001,-122.1697035,25.829999923706055,0.309604981869407,RTL
98.594713,POS,37.4275001,-122.1697034,25.779998779296875,0.300770729493638,RTL
98.694673,POS,37.4275001,-122.1697033,25.729999542236328,0.291936832090764,RTL
98.794633,POS,37.4275001,-122.1697032,25.68000030517578,0.2831033255185471,RTL
98.894593,POS,37.4275001,-122.169703,25.6299991607666,0.2654376354192981,RTL
98.994553,POS,37.4275001,-122.1697029,25.579999923706055,0.256605544317319,RTL
99.09451299999999,POS,37.4275001,-122.1697028,25.529998779296875,0.24777402578179672,RTL
99.194473,POS,37.4275001,-122.1697027,25.479999542236328,0.2389431459494247,RTL
99.294433,POS,37.4275001,-122.1697026,25.43000030517578,0.2301129756990057,RTL
99.394393,POS,37.4275001,-122.1697025,25.369998931884766,0.22128360263659622,RTL
99.494353,POS,37.4275001,-122.1697024,25.31999969482422,0.21245512474132147,RTL
99.594313,POS,37.4275001,-122.1697023,25.26999855041504,0.2036276571913954,RTL
99.694273,POS,37.4275001,-122.1697022,25.219999313354492,0.19480134001840468,RTL
99.79423299999999,POS,37.4275001,-122.1697021,25.170000076293945,0.18597633432370994,RTL
99.894193,POS,37.4275001,-122.169702,25.119998931884766,0.1771528387999589,RTL
99.994986,POS,37.4275001,-122.169702,25.06999969482422,0.1771528387999589,RTL
100.094946,POS,37.4275001,-122.1697019,25.01999855041504,0.16833108947405925,RTL
100.194906,POS,37.4275001,-122.1697018,24.969999313354492,0.15951137481259703,RTL
100.294866,POS,37.4275001,-122.1697018,24.920000076293945,0.15951137481259703,RTL
100.394826,POS,37.4275001,-122.1697017,24.869998931884766,0.15069405479292988,RTL
100.494786,POS,37.4275001,-122.1697016,24.81999969482422,0.14187957313203287,RTL
100.594746,POS,37.4275001,-122.1697016,24.76999855041504,0.14187957313203287,RTL
100.694706,POS,37.4275001,-122.1697015,24.719999313354492,0.13306849662541403,RTL
100.79466599999999,POS,37.4275001,-122.1697015,24.670000076293945,0.13306849662541403,RTL
100.894626,POS,37.4275001,-122.1697014,24.619998931884766,0.12426154685763963,RTL
100.994586,POS,37.4275001,-122.1697014,24.56999969482422,0.12426154685763963,RTL
101.094546,POS,37.4275001,-122.1697014,24.51999855041504,0.12426154685763963,RTL
101.194506,POS,37.4275001,-122.1697013,24.469999313354492,0.11545967095121815,RTL
101.294466,POS,37.4275001,-122.1697013,24.420000076293945,0.11545967095121815,RTL
101.394426,POS,37.4275001,-122.1697013,24.369998931884766,0.11545967095121815,RTL
101.49438599999999,POS,37.4275001,-122.1697013,24.309999465942383,0.11545967095121815,RTL
101.594346,POS,37.4275001,-122.1697012,24.260000228881836,0.10666412343010832,RTL
101.694306,POS,37.4275001,-122.1697012,24.209999084472656,0.10666412343010832,RTL
101.794266,POS,37.4275001,-122.1697012,24.15999984741211,0.10666412343010832,RTL
101.894226,POS,37.4275001,-122.1697012,24.10999870300293,0.10666412343010832,RTL
101.994186,POS,37.4275001,-122.1697012,24.059999465942383,0.10666412343010832,RTL
102.094979,POS,37.4275001,-122.1697012,24.010000228881836,0.10666412343010832,RTL
102.194939,POS,37.4275001,-122.1697012,23.959999084472656,0.10666412343010832,RTL
102.294899,POS,37.4275001,-122.1697012,23.90999984741211,0.10666412343010832,RTL
102.394859,POS,37.4275001,-122.1697011,23.85999870300293,0.09787660913610452,RTL
102.49481899999999,POS,37.4275001,-122.1697011,23.809999465942383,0.09787660913610452,RTL
102.594779,POS,37.4275001,-122.1697011,23.760000228881836,0.09787660913610452,RTL
102.694739,POS,37.4275001,-122.1697011,23.709999084472656,0.09787660913610452,RTL
102.794699,POS,37.4275001,-122.1697011,23.65999984741211,0.09787660913610452,RTL
102.894659,POS,37.4275001,-122.1697011,23.60999870300293,0.09787660913610452,RTL
102.994619,POS,37.4275001,-122.1697011,23.559999465942383,0.09787660913610452,RTL
103.094579,POS,37.4275001,-122.1697011,23.510000228881836,0.09787660913610452,RTL
103.19453899999999,POS,37.4275001,-122.1697011,23.459999084472656,0.09787660913610452,RTL
103.294499,POS,37.4275001,-122.1697011,23.40999984741211,0.09787660913610452,RTL
103.394459,POS,37.4275001,-122.1697011,23.35999870300293,0.09787660913610452,RTL
103.494419,POS,37.4275001,-122.1697011,23.309999465942383,0.09787660913610452,RTL
103.594379,POS,37.4275001,-122.1697011,23.260000228881836,0.09787660913610452,RTL
103.694339,POS,37.4275001,-122.1697011,23.209999084472656,0.09787660913610452,RTL
103.794299,POS,37.4275001,-122.1697011,23.15999984741211,0.09787660913610452,RTL
103.89425899999999,POS,37.4275001,-122.1697011,23.10999870300293,0.09787660913610452,RTL
103.994219,POS,37.4275001,-122.1697011,23.059999465942383,0.09787660913610452,RTL
104.094179,POS,37.4275001,-122.1697011,23.010000228881836,0.09787660913610452,RTL
104.19497199999999,POS,37.4275001,-122.1697011,22.959999084472656,0.09787660913610452,RTL
104.294932,POS,37.4275001,-122.1697011,22.90999984741211,0.09787660913610452,RTL
104.394892,POS,37.4275001,-122.1697011,22.85999870300293,0.09787660913610452,RTL
104.494852,POS,37.4275001,-122.1697011,22.809999465942383,0.09787660913610452,RTL
104.594812,POS,37.4275001,-122.1697011,22.760000228881836,0.09787660913610452,RTL
104.694772,POS,37.4275001,-122.1697011,22.709999084472656,0.09787660913610452,RTL
104.794732,POS,37.4275001,-122.1697011,22.65999984741211,0.09787660913610452,RTL
104.89469199999999,POS,37.4275001,-122.1697011,22.60999870300293,0.09787660913610452,RTL
104.994652,POS,37.4275001,-122.1697011,22.559999465942383,0.09787660913610452,RTL
105.094612,POS,37.4275001,-122.1697011,22.510000228881836,0.09787660913610452,RTL
105.194572,POS,37.4275001,-122.1697011,22.459999084472656,0.09787660913610452,RTL
105.294532,POS,37.4275001,-122.1697011,22.399999618530273,0.09787660913610452,RTL
105.394492,POS,37.4275001,-122.1697011,22.350000381469727,0.09787660913610452,RTL
105.494452,POS,37.4275001,-122.1697011,22.299999237060547,0.09787660913610452,RTL
105.59441199999999,POS,37.4275001,-122.1697011,22.25,0.09787660913610452,RTL
105.694372,POS,37.4275001,-122.1697011,22.19999885559082,0.09787660913610452,RTL
105.794332,POS,37.4275001,-122.1697011,22.149999618530273,0.09787660913610452,RTL
105.894292,POS,37.4275001,-122.1697011,22.100000381469727,0.09787660913610452,RTL
105.994252,POS,37.4275001,-122.1697011,22.049999237060547,0.09787660913610452,RTL
106.094212,POS,37.4275001,-122.1697011,22.0,0.09787660913610452,RTL
106.194172,POS,37.4275001,-122.1697011,21.94999885559082,0.09787660913610452,RTL
106.294965,POS,37.4275001,-122.1697011,21.899999618530273,0.09787660913610452,RTL
106.394925,POS,37.4275001,-122.1697011,21.850000381469727,0.09787660913610452,RTL
106.494885,POS,37.4275001,-122.1697011,21.799999237060547,0.09787660913610452,RTL
106.59484499999999,POS,37.4275001,-122.1697011,21.75,0.09787660913610452,RTL
106.694805,POS,37.4275001,-122.1697011,21.69999885559082,0.09787660913610452,RTL
106.794765,POS,37.4275001,-122.1697011,21.649999618530273,0.09787660913610452,RTL
106.894725,POS,37.4275001,-122.1697011,21.600000381469727,0.09787660913610452,RTL
106.994685,POS,37.4275001,-122.1697011,21.549999237060547,0.09787660913610452,RTL
107.094645,POS,37.4275001,-122.1697011,21.5,0.09787660913610452,RTL
107.194605,POS,37.4275001,-122.1697011,21.44999885559082,0.09787660913610452,RTL
107.29456499999999,POS,37.4275001,-122.1697011,21.399999618530273,0.09787660913610452,RTL
107.394525,POS,37.4275001,-122.1697011,21.350000381469727,0.09787660913610452,RTL
107.494485,POS,37.4275001,-122.1697011,21.299999237060547,0.09787660913610452,RTL
107.594445,POS,37.4275001,-122.1697011,21.25,0.09787660913610452,RTL
107.694405,POS,37.4275001,-122.1697011,21.19999885559082,0.09787660913610452,RTL
107.794365,POS,37.4275001,-122.1697011,21.149999618530273,0.09787660913610452,RTL
107.894325,POS,37.4275001,-122.1697011,21.100000381469727,0.09787660913610452,RTL
107.994285,POS,37.4275001,-122.1697011,21.049999237060547,0.09787660913610452,RTL
108.094245,POS,37.4275001,-122.1697011,21.0,0.09787660913610452,RTL
108.194205,POS,37.4275001,-122.1697011,20.94999885559082,0.09787660913610452,RTL
108.29499799999999,POS,37.4275001,-122.1697011,20.899999618530273,0.09787660913610452,RTL
108.394958,POS,37.4275001,-122.1697011,20.850000381469727,0.09787660913610452,RTL
108.494918,POS,37.4275001,-122.1697011,20.799999237060547,0.09787660913610452,RTL
108.594878,POS,37.4275001,-122.1697011,20.75,0.09787660913610452,RTL
108.694838,POS,37.4275001,-122.1697011,20.69999885559082,0.09787660913610452,RTL
108.794798,POS,37.4275001,-122.1697011,20.649999618530273,0.09787660913610452,RTL
108.894758,POS,37.4275001,-122.1697011,20.600000381469727,0.09787660913610452,RTL
108.99471799999999,POS,37.4275001,-122.1697012,20.549999237060547,0.10666412343010832,RTL
109.094678,POS,37.4275001,-122.1697012,20.5,0.10666412343010832,RTL
109.194638,POS,37.4275001,-122.1697012,20.44999885559082,0.10666412343010832,RTL
109.294598,POS,37.4275001,-122.1697012,20.399999618530273,0.10666412343010832,RTL
109.394558,POS,37.4275001,-122.1697012,20.350000381469727,0.10666412343010832,RTL
109.494518,POS,37.4275001,-122.1697012,20.299999237060547,0.10666412343010832,RTL
109.594478,POS,37.4275001,-122.1697012,20.25,0.10666412343010832,RTL
109.69443799999999,POS,37.4275001,-122.1697012,20.19999885559082,0.10666412343010832,RTL
109.794398,POS,37.4275001,-122.1697012,20.149999618530273,0.10666412343010832,RTL
109.894358,POS,37.4275001,-122.1697012,20.100000381469727,0.10666412343010832,RTL
109.99431799999999,POS,37.4275001,-122.1697012,20.049999237060547,0.10666412343010832,RTL
110.094278,POS,37.4275001,-122.1697012,20.0,0.10666412343010832,RTL
110.194238,POS,37.4275001,-122.1697012,19.94999885559082,0.10666412343010832,RTL
110.294198,POS,37.4275001,-122.1697012,19.899999618530273,0.10666412343010832,RTL
110.394991,POS,37.4275001,-122.1697012,19.850000381469727,0.10666412343010832,RTL
110.494951,POS,37.4275001,-122.1697012,19.799999237060547,0.10666412343010832,RTL
110.594911,POS,37.4275001,-122.1697012,19.75,0.10666412343010832,RTL
110.69487099999999,POS,37.4275001,-122.1697012,19.69999885559082,0.10666412343010832,RTL
110.794831,POS,37.4275001,-122.1697012,19.649999618530273,0.10666412343010832,RTL
110.894791,POS,37.4275001,-122.1697012,19.600000381469727,0.10666412343010832,RTL
110.994751,POS,37.4275001,-122.1697012,19.549999237060547,0.10666412343010832,RTL
111.094711,POS,37.4275001,-122.1697012,19.5,0.10666412343010832,RTL
111.194671,POS,37.4275001,-122.1697012,19.44999885559082,0.10666412343010832,RTL
111.294631,POS,37.4275001,-122.1697012,19.399999618530273,0.10666412343010832,RTL
111.39459099999999,POS,37.4275001,-122.1697012,19.350000381469727,0.10666412343010832,RTL
111.494551,POS,37.4275001,-122.1697012,19.299999237060547,0.10666412343010832,RTL
111.594511,POS,37.4275001,-122.1697012,19.25,0.10666412343010832,RTL
111.694471,POS,37.4275001,-122.1697012,19.19999885559082,0.10666412343010832,RTL
111.794431,POS,37.4275001,-122.1697012,19.149999618530273,0.10666412343010832,RTL
111.894391,POS,37.4275001,-122.1697012,19.100000381469727,0.10666412343010832,RTL
111.994351,POS,37.4275001,-122.1697012,19.049999237060547,0.10666412343010832,RTL
112.094311,POS,37.4275001,-122.1697012,19.0,0.10666412343010832,RTL
112.194271,POS,37.4275001,-122.1697012,18.94999885559082,0.10666412343010832,RTL
112.294231,POS,37.4275001,-122.1697012,18.899999618530273,0.10666412343010832,RTL
112.39419099999999,POS,37.4275001,-122.1697013,18.850000381469727,0.11545967095121815,RTL
112.494984,POS,37.4275001,-122.1697013,18.799999237060547,0.11545967095121815,RTL
112.594944,POS,37.4275001,-122.1697013,18.75,0.11545967095121815,RTL
112.694904,POS,37.4275001,-122.1697013,18.69999885559082,0.11545967095121815,RTL
112.794864,POS,37.4275001,-122.1697013,18.649999618530273,0.11545967095121815,RTL
112.894824,POS,37.4275001,-122.1697013,18.600000381469727,0.11545967095121815,RTL
112.994784,POS,37.4275001,-122.1697013,18.549999237060547,0.11545967095121815,RTL
113.09474399999999,POS,37.4275001,-122.1697013,18.5,0.11545967095121815,RTL
113.194704,POS,37.4275001,-122.1697013,18.44999885559082,0.11545967095121815,RTL
113.294664,POS,37.4275001,-122.1697013,18.399999618530273,0.11545967095121815,RTL
113.394624,POS,37.4275001,-122.1697013,18.350000381469727,0.11545967095121815,RTL
113.494584,POS,37.4275001,-122.1697013,18.299999237060547,0.11545967095121815,RTL
113.594544,POS,37.4275001,-122.1697013,18.25,0.11545967095121815,RTL
113.694504,POS,37.4275001,-122.1697013,18.19999885559082,0.11545967095121815,RTL
113.794464,POS,37.4275001,-122.1697013,18.149999618530273,0.11545967095121815,RTL
113.894424,POS,37.4275001,-122.1697013,18.100000381469727,0.11545967095121815,RTL
113.994384,POS,37.4275001,-122.1697013,18.049999237060547,0.11545967095121815,RTL
114.09434399999999,POS,37.4275001,-122.1697013,18.0,0.11545967095121815,RTL
114.194304,POS,37.4275001,-122.1697014,17.94999885559082,0.12426154685763963,RTL
114.294264,POS,37.4275001,-122.1697014,17.899999618530273,0.12426154685763963,RTL
114.394224,POS,37.4275001,-122.1697014,17.850000381469727,0.12426154685763963,RTL
114.494184,POS,37.4275001,-122.1697014,17.799999237060547,0.12426154685763963,RTL
114.594977,POS,37.4275001,-122.1697014,17.75,0.12426154685763963,RTL
114.694937,POS,37.4275001,-122.1697014,17.69999885559082,0.12426154685763963,RTL
114.79489699999999,POS,37.4275001,-122.1697014,17.649999618530273,0.12426154685763963,RTL
114.894857,POS,37.4275001,-122.1697014,17.600000381469727,0.12426154685763963,RTL
114.994817,POS,37.4275001,-122.1697014,17.549999237060547,0.12426154685763963,RTL
115.094777,POS,37.4275001,-122.1697014,17.5,0.12426154685763963,RTL
115.194737,POS,37.4275001,-122.1697014,17.44999885559082,0.12426154685763963,RTL
115.294697,POS,37.4275001,-122.1697014,17.399999618530273,0.12426154685763963,RTL
115.394657,POS,37.4275001,-122.1697014,17.350000381469727,0.12426154685763963,RTL
115.494617,POS,37.4275001,-122.1697015,17.299999237060547,0.13306849662541403,RTL
115.594577,POS,37.4275001,-122.1697015,17.25,0.13306849662541403,RTL
115.694537,POS,37.4275001,-122.1697015,17.19999885559082,0.13306849662541403,RTL
115.79449699999999,POS,37.4275001,-122.1697015,17.149999618530273,0.13306849662541403,RTL
115.894457,POS,37.4275001,-122.1697015,17.100000381469727,0.13306849662541403,RTL
115.994417,POS,37.4275001,-122.1697015,17.049999237060547,0.13306849662541403,RTL
116.094377,POS,37.4275001,-122.1697015,17.0,0.13306849662541403,RTL
116.194337,POS,37.4275001,-122.1697015,16.94999885559082,0.13306849662541403,RTL
116.294297,POS,37.4275001,-122.1697016,16.899999618530273,0.14187957313203287,RTL
116.394257,POS,37.4275001,-122.1697016,16.850000381469727,0.14187957313203287,RTL
116.49421699999999,POS,37.4275001,-122.1697016,16.799999237060547,0.14187957313203287,RTL
116.594177,POS,37.4275001,-122.1697016,16.75,0.14187957313203287,RTL
116.69497,POS,37.4275001,-122.1697016,16.69999885559082,0.14187957313203287,RTL
116.79493,POS,37.4275001,-122.1697016,16.649999618530273,0.14187957313203287,RTL
116.89489,POS,37.4275001,-122.1697016,16.600000381469727,0.14187957313203287,RTL
116.99485,POS,37.4275001,-122.1697017,16.549999237060547,0.15069405479292988,RTL
117.09481,POS,37.4275001,-122.1697017,16.5,0.15069405479292988,RTL
117.19476999999999,POS,37.4275001,-122.1697017,16.44999885559082,0.15069405479292988,RTL
117.29473,POS,37.4275001,-122.1697017,16.399999618530273,0.15069405479292988,RTL
117.39469,POS,37.4275001,-122.1697018,16.350000381469727,0.15951137481259703,RTL
117.49465,POS,37.4275001,-122.1697018,16.299999237060547,0.15951137481259703,RTL
117.59461,POS,37.4275001,-122.1697018,16.25,0.15951137481259703,RTL
117.69457,POS,37.4275001,-122.1697019,16.19999885559082,0.16833108947405925,RTL
117.79453,POS,37.4275001,-122.1697019,16.149999618530273,0.16833108947405925,RTL
117.89449,POS,37.4275001,-122.1697019,16.139999389648438,0.16833108947405925,RTL
117.99445,POS,37.4275001,-122.1697019,16.15999984741211,0.16833108947405925,RTL
118.09441,POS,37.4275001,-122.1697019,16.170000076293945,0.16833108947405925,RTL
118.19436999999999,POS,37.4275001,-122.1697019,16.170000076293945,0.16833108947405925,RTL
118.29433,POS,37.4275001,-122.1697019,16.15999984741211,0.16833108947405925,LAND
118.39429,POS,37.4275001,-122.1697019,16.15999984741211,0.16833108947405925,LAND
118.49425,POS,37.4275001,-122.1697019,16.15999984741211,0.16833108947405925,LAND
118.59421,POS,37.4275001,-122.1697019,16.15999984741211,0.16833108947405925,LAND
118.69417,POS,37.4275001,-122.1697019,16.149999618530273,0.16833108947405925,LAND
118.794963,POS,37.4275001,-122.1697019,16.149999618530273,0.16833108947405925,LAND
118.89492299999999,POS,37.4275001,-122.1697019,16.149999618530273,0.16833108947405925,LAND
118.994883,POS,37.4275001,-122.1697019,16.149999618530273,0.16833108947405925,LAND
119.094843,POS,37.4275001,-122.1697019,16.149999618530273,0.16833108947405925,LAND
119.194803,POS,37.4275001,-122.1697019,16.149999618530273,0.16833108947405925,LAND
119.294763,POS,37.4275001,-122.1697019,16.149999618530273,0.16833108947405925,LAND
119.394723,POS,37.4275001,-122.1697019,16.139999389648438,0.16833108947405925,LAND
119.494683,POS,37.4275001,-122.1697019,16.139999389648438,0.16833108947405925,LAND
119.594643,POS,37.4275001,-122.1697019,16.139999389648438,0.16833108947405925,LAND
119.694603,POS,37.4275001,-122.1697019,16.139999389648438,0.16833108947405925,LAND
119.794563,POS,37.4275001,-122.1697019,16.139999389648438,0.16833108947405925,LAND
119.89452299999999,POS,37.4275001,-122.1697019,16.139999389648438,0.16833108947405925,LAND
119.994483,POS,37.4275001,-122.1697019,16.1299991607666,0.16833108947405925,LAND
120.094443,POS,37.4275001,-122.169702,16.1299991607666,0.1771528387999589,LAND
120.194403,POS,37.4275001,-122.169702,16.1299991607666,0.1771528387999589,LAND
120.294363,POS,37.4275001,-122.169702,16.119998931884766,0.1771528387999589,LAND
120.394323,POS,37.4275001,-122.169702,16.119998931884766,0.1771528387999589,LAND
120.494283,POS,37.4275001,-122.169702,16.119998931884766,0.1771528387999589,LAND
120.59424299999999,POS,37.4275001,-122.169702,16.10999870300293,0.1771528387999589,LAND
120.694203,POS,37.4275001,-122.169702,16.10999870300293,0.1771528387999589,LAND
