time_s,source,abs_alt_m,rel_alt_m,mode
6.292482,POS,16.100000381469727,-0.027388732880353928,STABILIZE
6.392441999999999,POS,16.100000381469727,-0.027388732880353928,STABILIZE
6.492402,POS,16.100000381469727,-0.027388732880353928,STABILIZE
6.592362,POS,16.100000381469727,-0.027388732880353928,GUIDED
6.692321999999999,POS,16.100000381469727,-0.027388732880353928,GUIDED
6.792282,POS,16.100000381469727,-0.027388732880353928,GUIDED
6.8922419999999995,POS,16.100000381469727,-0.027388732880353928,GUIDED
6.992201999999999,POS,16.100000381469727,-0.027388732880353928,GUIDED
7.092162,POS,16.100000381469727,-0.027388732880353928,GUIDED
7.1921219999999995,POS,16.100000381469727,-0.027388732880353928,GUIDED
7.292081999999999,POS,16.100000381469727,-0.027388732880353928,GUIDED
7.392042,POS,16.100000381469727,-0.027388732880353928,GUIDED
7.492001999999999,POS,16.100000381469727,-0.027388732880353928,GUIDED
7.591961999999999,POS,16.100000381469727,-0.027388732880353928,GUIDED
7.691922,POS,16.100000381469727,-0.027388732880353928,GUIDED
7.791881999999999,POS,16.100000381469727,-0.027388732880353928,GUIDED
7.8918420000000005,POS,16.100000381469727,-0.027388732880353928,GUIDED
7.991802,POS,16.100000381469727,-0.027388732880353928,GUIDED
8.091762,POS,16.100000381469727,-0.027388732880353928,GUIDED
8.191722,POS,16.100000381469727,-0.027388732880353928,GUIDED
8.291682,POS,16.100000381469727,-0.027388732880353928,GUIDED
8.392475,POS,16.100000381469727,-0.027388732880353928,GUIDED
8.492435,POS,16.100000381469727,-0.027388732880353928,GUIDED
8.592395,POS,16.100000381469727,-0.027388732880353928,GUIDED
8.692355,POS,16.100000381469727,-0.027388732880353928,GUIDED
8.792315,POS,16.100000381469727,-0.027388732880353928,GUIDED
8.892275,POS,16.100000381469727,-0.027388732880353928,GUIDED
8.992234999999999,POS,16.100000381469727,-0.027388732880353928,GUIDED
9.092195,POS,16.100000381469727,-0.027388732880353928,GUIDED
9.192155,POS,16.100000381469727,-0.027388732880353928,GUIDED
9.292114999999999,POS,16.100000381469727,-0.027388732880353928,GUIDED
9.392075,POS,16.100000381469727,-0.027388732880353928,GUIDED
9.492035,POS,16.100000381469727,-0.027388732880353928,GUIDED
9.591994999999999,POS,16.100000381469727,-0.027388732880353928,GUIDED
9.691955,POS,16.100000381469727,-0.027388732880353928,GUIDED
9.791915,POS,16.100000381469727,-0.027388732880353928,GUIDED
9.891874999999999,POS,16.100000381469727,-0.027388732880353928,GUIDED
9.991835,POS,16.100000381469727,-0.027388732880353928,GUIDED
10.091795,POS,16.100000381469727,-0.027388732880353928,GUIDED
10.191754999999999,POS,16.100000381469727,-0.027388732880353928,GUIDED
10.291715,POS,16.100000381469727,-0.027388732880353928,GUIDED
10.391675,POS,16.100000381469727,-0.027388732880353928,GUIDED
10.492467999999999,POS,16.100000381469727,-0.027388732880353928,GUIDED
10.592428,POS,16.100000381469727,-0.027388732880353928,GUIDED
10.692388,POS,16.100000381469727,-0.027388732880353928,GUIDED
10.792348,POS,16.100000381469727,-0.027388732880353928,GUIDED
10.892308,POS,16.100000381469727,-0.027388732880353928,GUIDED
10.992268,POS,16.100000381469727,-0.027388732880353928,GUIDED
11.092228,POS,16.100000381469727,-0.027388732880353928,GUIDED
11.192188,POS,16.100000381469727,-0.027388732880353928,GUIDED
11.292148,POS,16.100000381469727,-0.027388732880353928,GUIDED
11.392108,POS,16.100000381469727,-0.027388732880353928,GUIDED
11.492068,POS,16.100000381469727,-0.027388732880353928,GUIDED
11.592027999999999,POS,16.100000381469727,-0.027388732880353928,GUIDED
11.691988,POS,16.100000381469727,-0.027388732880353928,GUIDED
11.791948,POS,16.100000381469727,-0.027388732880353928,GUIDED
11.891907999999999,POS,16.100000381469727,-0.027388732880353928,GUIDED
11.991868,POS,16.100000381469727,-0.027388732880353928,GUIDED
12.091828,POS,16.100000381469727,-0.027388732880353928,GUIDED
12.191787999999999,POS,16.100000381469727,-0.027388732880353928,GUIDED
12.291748,POS,16.100000381469727,-0.027388732880353928,GUIDED
12.391708,POS,16.100000381469727,-0.027388732880353928,GUIDED
12.492500999999999,POS,16.100000381469727,-0.027388732880353928,GUIDED
12.592461,POS,16.100000381469727,-0.027388732880353928,GUIDED
12.692421,POS,16.100000381469727,-0.027388732880353928,GUIDED
12.792380999999999,POS,16.100000381469727,-0.027388732880353928,GUIDED
12.892341,POS,16.100000381469727,-0.027388732880353928,GUIDED
12.992301,POS,16.100000381469727,-0.027388732880353928,GUIDED
13.092260999999999,POS,16.100000381469727,-0.027388732880353928,GUIDED
13.192221,POS,16.100000381469727,-0.027388732880353928,GUIDED
13.292181,POS,16.100000381469727,-0.027388732880353928,GUIDED
13.392141,POS,16.100000381469727,-0.027388732880353928,GUIDED
13.492101,POS,16.100000381469727,-0.027388732880353928,GUIDED
13.592061,POS,16.100000381469727,-0.027388732880353928,GUIDED
13.692021,POS,16.100000381469727,-0.027388732880353928,GUIDED
13.791980999999998,POS,16.100000381469727,-0.027388732880353928,GUIDED
13.891941000000001,POS,16.100000381469727,-0.027388732880353928,GUIDED
13.991901,POS,16.100000381469727,-0.027388732880353928,GUIDED
14.091861,POS,16.100000381469727,-0.027388732880353928,GUIDED
14.191821,POS,16.100000381469727,-0.027388732880353928,GUIDED
14.291780999999999,POS,16.100000381469727,-0.027388732880353928,GUIDED
14.391740999999998,POS,16.100000381469727,-0.027388732880353928,GUIDED
14.491701,POS,16.100000381469727,-0.027388732880353928,GUIDED
14.592494,POS,16.100000381469727,-0.027388732880353928,GUIDED
14.692454,POS,16.100000381469727,-0.027388732880353928,GUIDED
14.792413999999999,POS,16.100000381469727,-0.027388732880353928,GUIDED
14.892373999999998,POS,16.100000381469727,-0.027388732880353928,GUIDED
14.992334000000001,POS,16.100000381469727,-0.027388732880353928,GUIDED
15.092294,POS,16.100000381469727,-0.027388732880353928,GUIDED
15.192254,POS,16.100000381469727,-0.027388732880353928,GUIDED
15.292214,POS,16.100000381469727,-0.027388732880353928,GUIDED
15.392173999999999,POS,16.100000381469727,-0.027388732880353928,GUIDED
15.492133999999998,POS,16.100000381469727,-0.027388732880353928,GUIDED
15.592094000000001,POS,16.100000381469727,-0.027388732880353928,GUIDED
15.692054,POS,16.100000381469727,-0.027388732880353928,GUIDED
15.792014,POS,16.100000381469727,-0.027388732880353928,GUIDED
15.891974,POS,16.100000381469727,-0.027388732880353928,GUIDED
15.991933999999999,POS,16.100000381469727,-0.027388732880353928,GUIDED
16.091894,POS,16.100000381469727,-0.027388732880353928,GUIDED
16.191854000000003,POS,16.100000381469727,-0.027388732880353928,GUIDED
16.291814000000002,POS,16.100000381469727,-0.027388732880353928,GUIDED
16.391774,POS,16.100000381469727,-0.016604425385594368,GUIDED
16.491734,POS,16.100000381469727,-0.011562185361981392,GUIDED
16.591694,POS,16.100000381469727,-0.00844862125813961,GUIDED
16.692487,POS,16.100000381469727,-0.00666023651137948,GUIDED
16.792447000000003,POS,16.100000381469727,-0.005780290812253952,GUIDED
16.892407000000002,POS,16.100000381469727,-0.0055180201306939125,GUIDED
16.992367,POS,16.100000381469727,-0.005670621059834957,GUIDED
17.092327,POS,16.100000381469727,-0.006101434584707022,GUIDED
17.192287,POS,16.100000381469727,-0.006705232430249453,GUIDED
17.292247,POS,16.100000381469727,-0.007418282795697451,GUIDED
17.392207000000003,POS,16.100000381469727,-0.00819661095738411,GUIDED
17.492167000000002,POS,16.100000381469727,-0.009006659500300884,GUIDED
17.592127,POS,16.100000381469727,-0.009824707172811031,GUIDED
17.692087,POS,16.100000381469727,-0.01063945796340704,GUIDED
17.792047,POS,16.100000381469727,-0.01144149899482727,GUIDED
17.892007000000003,POS,16.100000381469727,-0.012220802716910839,GUIDED
17.991967000000002,POS,16.100000381469727,-0.012975608929991722,GUIDED
18.091927000000002,POS,16.100000381469727,-0.013704843819141388,GUIDED
18.191887,POS,16.100000381469727,-0.014404228888452053,GUIDED
18.291847,POS,16.100000381469727,-0.015069723129272461,GUIDED
18.391807,POS,16.100000381469727,-0.01570805534720421,GUIDED
18.491767000000003,POS,16.100000381469727,-0.016324171796441078,GUIDED
18.591727000000002,POS,16.100000381469727,-0.016916150227189064,GUIDED
18.691687,POS,16.100000381469727,-0.01748460903763771,GUIDED
18.79248,POS,16.100000381469727,-0.018025321885943413,GUIDED
18.89244,POS,16.100000381469727,-0.018539659678936005,GUIDED
18.9924,POS,16.100000381469727,-0.019031384959816933,GUIDED
19.092360000000003,POS,16.100000381469727,-0.01950405351817608,GUIDED
19.192320000000002,POS,16.100000381469727,-0.019956255331635475,GUIDED
19.29228,POS,16.100000381469727,-0.020387684926390648,GUIDED
19.39224,POS,16.100000381469727,-0.020801236853003502,GUIDED
19.4922,POS,16.100000381469727,-0.021193137392401695,GUIDED
19.59216,POS,16.100000381469727,-0.02156316488981247,GUIDED
19.692120000000003,POS,16.100000381469727,-0.02191733568906784,GUIDED
19.792080000000002,POS,16.100000381469727,-0.02225465141236782,GUIDED
19.89204,POS,16.100000381469727,-0.022575004026293755,GUIDED
19.992,POS,16.100000381469727,-0.022877687588334084,GUIDED
20.09196,POS,16.100000381469727,-0.023167891427874565,GUIDED
20.19192,POS,16.100000381469727,-0.023441284894943237,GUIDED
20.291880000000003,POS,16.100000381469727,-0.023699281737208366,GUIDED
20.391840000000002,POS,16.100000381469727,-0.02396278642117977,GUIDED
20.4918,POS,16.100000381469727,-0.02419867366552353,GUIDED
20.59176,POS,16.100000381469727,-0.024424759671092033,GUIDED
20.69172,POS,16.100000381469727,-0.024639207869768143,GUIDED
20.791680000000003,POS,16.100000381469727,-0.024838311597704887,GUIDED
20.892473000000003,POS,16.100000381469727,-0.025028521195054054,GUIDED
20.992433000000002,POS,16.100000381469727,-0.02520880289375782,GUIDED
21.092393,POS,16.100000381469727,-0.025378279387950897,GUIDED
21.192353,POS,16.100000381469727,-0.025537295266985893,GUIDED
21.292313,POS,16.100000381469727,-0.02568591758608818,GUIDED
21.392273000000003,POS,16.100000381469727,-0.025826433673501015,GUIDED
21.492233000000002,POS,16.100000381469727,-0.025962624698877335,GUIDED
21.592193,POS,16.100000381469727,-0.0260928925126791,GUIDED
21.692153,POS,16.100000381469727,-0.02621467038989067,GUIDED
21.792113,POS,16.100000381469727,-0.026324858888983727,GUIDED
21.892073,POS,16.100000381469727,-0.02642539143562317,GUIDED
21.992033000000003,POS,16.100000381469727,-0.026519253849983215,GUIDED
22.091993000000002,POS,16.100000381469727,-0.02660478837788105,GUIDED
22.191953,POS,16.100000381469727,-0.026685617864131927,GUIDED
22.291913,POS,16.100000381469727,-0.026761891320347786,GUIDED
22.391873,POS,16.100000381469727,-0.02683223970234394,GUIDED
22.491833,POS,16.100000381469727,-0.026894960552453995,GUIDED
22.591793000000003,POS,16.100000381469727,-0.026951216161251068,GUIDED
22.691753000000002,POS,16.100000381469727,-0.027006221935153008,GUIDED
22.791713,POS,16.100000381469727,-0.027055000886321068,GUIDED
22.891673,POS,16.100000381469727,-0.0270980317145586,GUIDED
22.992466,POS,16.100000381469727,-0.027138972654938698,GUIDED
23.092426,POS,16.100000381469727,-0.0271800197660923,GUIDED
23.192386000000003,POS,16.100000381469727,-0.027219563722610474,GUIDED
23.292346000000002,POS,16.100000381469727,-0.027250124141573906,GUIDED
23.392306,POS,16.100000381469727,-0.027267687022686005,GUIDED
23.492266,POS,16.100000381469727,-0.027280941605567932,GUIDED
23.592226,POS,16.100000381469727,-0.027287594974040985,GUIDED
23.692186000000003,POS,16.100000381469727,-0.027287153527140617,GUIDED
23.792146000000002,POS,16.100000381469727,-0.027283554896712303,GUIDED
23.892106000000002,POS,16.100000381469727,-0.027275724336504936,GUIDED
23.992066,POS,16.100000381469727,-0.027267826721072197,GUIDED
24.092026,POS,16.100000381469727,-0.027260173112154007,GUIDED
24.191986,POS,16.100000381469727,-0.027252530679106712,GUIDED
24.291946000000003,POS,16.100000381469727,-0.027243949472904205,GUIDED
24.391906000000002,POS,16.100000381469727,-0.02723492868244648,GUIDED
24.491866,POS,16.100000381469727,-0.027224434539675713,GUIDED
24.591826,POS,16.100000381469727,-0.027212101966142654,GUIDED
24.691786,POS,16.100000381469727,-0.027198350057005882,GUIDED
24.791746,POS,16.100000381469727,-0.027180524542927742,GUIDED
24.891706000000003,POS,16.100000381469727,-0.02715912088751793,GUIDED
24.992499000000002,POS,16.100000381469727,-0.027136677876114845,GUIDED
25.092459,POS,16.100000381469727,-0.027114616706967354,GUIDED
25.192419,POS,16.100000381469727,-0.027091113850474358,GUIDED
25.292379,POS,16.100000381469727,-0.027065329253673553,GUIDED
25.392339,POS,16.100000381469727,-0.02704119309782982,GUIDED
25.492299000000003,POS,16.100000381469727,-0.02701684646308422,GUIDED
25.592259000000002,POS,16.100000381469727,-0.02699088491499424,GUIDED
25.692219,POS,16.100000381469727,-0.026962244883179665,GUIDED
25.792179,POS,16.100000381469727,-0.02692963369190693,GUIDED
25.892139,POS,16.100000381469727,-0.02689325250685215,GUIDED
25.992099000000003,POS,16.100000381469727,-0.02685662917792797,GUIDED
26.092059000000003,POS,16.100000381469727,-0.0268196202814579,GUIDED
26.192019000000002,POS,16.100000381469727,-0.02677873522043228,GUIDED
26.291979,POS,16.100000381469727,-0.026736345142126083,GUIDED
26.391939,POS,16.100000381469727,-0.0266899224370718,GUIDED
26.491899,POS,16.100000381469727,-0.02664361149072647,GUIDED
26.591859000000003,POS,16.100000381469727,-0.02659803442656994,GUIDED
26.691819000000002,POS,16.100000381469727,-0.02655445970594883,GUIDED
26.791779000000002,POS,16.100000381469727,-0.026511067524552345,GUIDED
26.891739,POS,16.100000381469727,-0.026469675824046135,GUIDED
26.991699,POS,16.100000381469727,-0.026424285024404526,GUIDED
27.092492,POS,16.100000381469727,-0.026380354538559914,GUIDED
27.192452000000003,POS,16.100000381469727,-0.026338333263993263,GUIDED
27.292412000000002,POS,16.100000381469727,-0.026301218196749687,GUIDED
27.392372,POS,16.100000381469727,-0.026264145970344543,GUIDED
27.492332,POS,16.100000381469727,-0.026228763163089752,GUIDED
27.592292,POS,16.100000381469727,-0.02619452215731144,GUIDED
27.692252,POS,16.100000381469727,-0.026157569140195847,GUIDED
27.792212000000003,POS,16.100000381469727,-0.02611507847905159,GUIDED
27.892172000000002,POS,16.100000381469727,-0.02607443742454052,GUIDED
27.992132,POS,16.100000381469727,-0.026036255061626434,GUIDED
28.092092,POS,16.100000381469727,-0.02599548175930977,GUIDED
28.192052,POS,16.100000381469727,-0.025953060016036034,GUIDED
28.292012,POS,16.100000381469727,-0.02591095305979252,GUIDED
28.391972000000003,POS,16.100000381469727,-0.025874990969896317,GUIDED
28.491932000000002,POS,16.100000381469727,-0.02584115043282509,GUIDED
28.591892,POS,16.100000381469727,-0.025811104103922844,GUIDED
28.691852,POS,16.100000381469727,-0.02578389272093773,GUIDED
28.791812,POS,16.100000381469727,-0.025756625458598137,GUIDED
28.891772000000003,POS,16.100000381469727,-0.02573276311159134,GUIDED
28.991732000000003,POS,16.100000381469727,-0.025708546862006187,GUIDED
29.091692000000002,POS,16.100000381469727,-0.0256865993142128,GUIDED
29.192485,POS,16.100000381469727,-0.025666875764727592,GUIDED
29.292445,POS,16.100000381469727,-0.025652773678302765,GUIDED
29.392405,POS,16.100000381469727,-0.025638019666075706,GUIDED
29.492365000000003,POS,16.100000381469727,-0.025621792301535606,GUIDED
29.592325000000002,POS,16.100000381469727,-0.025606049224734306,GUIDED
29.692285000000002,POS,16.100000381469727,-0.0255900826305151,GUIDED
29.792245000000005,POS,16.100000381469727,-0.025575991719961166,GUIDED
29.892205,POS,16.100000381469727,-0.025565573945641518,GUIDED
29.992165000000004,POS,16.100000381469727,-0.02555244043469429,GUIDED
30.092125,POS,16.100000381469727,-0.02553674206137657,GUIDED
30.192085000000002,POS,16.100000381469727,-0.025521274656057358,GUIDED
30.292044999999998,POS,16.100000381469727,-0.02550562098622322,GUIDED
30.392005,POS,16.100000381469727,-0.025490233674645424,GUIDED
30.491965000000004,POS,16.100000381469727,-0.025477474555373192,GUIDED
30.591925,POS,16.100000381469727,-0.025460761040449142,GUIDED
30.691885000000003,POS,16.100000381469727,-0.025442950427532196,GUIDED
30.791845,POS,16.100000381469727,-0.025427239015698433,GUIDED
30.891805,POS,16.100000381469727,-0.025416608899831772,GUIDED
30.991765000000004,POS,16.100000381469727,-0.02540714479982853,GUIDED
31.091725,POS,16.100000381469727,-0.025400735437870026,GUIDED
31.191685000000003,POS,16.100000381469727,-0.025397831574082375,GUIDED
31.292478,POS,16.100000381469727,-0.02539697475731373,GUIDED
31.392438000000002,POS,16.100000381469727,-0.025398369878530502,GUIDED
31.492397999999998,POS,16.100000381469727,-0.025394784286618233,GUIDED
31.592358,POS,16.100000381469727,-0.025390544906258583,GUIDED
31.692318000000004,POS,16.100000381469727,-0.025390246883034706,GUIDED
31.792278,POS,16.100000381469727,-0.025387713685631752,GUIDED
31.892238000000003,POS,16.100000381469727,-0.02538306638598442,GUIDED
31.992198,POS,16.100000381469727,-0.025379585102200508,GUIDED
32.092158,POS,16.100000381469727,-0.02537720650434494,GUIDED
32.192118,POS,16.100000381469727,-0.02537238597869873,GUIDED
32.292078,POS,16.100000381469727,-0.02536873146891594,GUIDED
32.392038,POS,16.100000381469727,-0.025363769382238388,GUIDED
32.491997999999995,POS,16.100000381469727,-0.025360874831676483,GUIDED
32.591958,POS,16.100000381469727,-0.02536136843264103,GUIDED
32.691918,POS,16.100000381469727,-0.02536490559577942,GUIDED
32.791878,POS,16.100000381469727,-0.02537175640463829,GUIDED
32.891838,POS,16.100000381469727,-0.025379842147231102,GUIDED
32.991797999999996,POS,16.100000381469727,-0.02539253793656826,GUIDED
33.091758,POS,16.100000381469727,-0.02540571428835392,GUIDED
33.191717999999995,POS,16.100000381469727,-0.025419846177101135,GUIDED
33.291678,POS,16.100000381469727,-0.02543516643345356,GUIDED
33.392471,POS,16.100000381469727,-0.02545325458049774,GUIDED
33.492430999999996,POS,16.100000381469727,-0.0254733357578516,GUIDED
33.592391,POS,16.100000381469727,-0.025495903566479683,GUIDED
33.692350999999995,POS,16.100000381469727,-0.025519879534840584,GUIDED
33.792311,POS,16.100000381469727,-0.025540761649608612,GUIDED
33.892271,POS,16.100000381469727,-0.02555932104587555,GUIDED
33.992231,POS,16.100000381469727,-0.025576433166861534,GUIDED
34.092191,POS,16.100000381469727,-0.025592051446437836,GUIDED
34.192150999999996,POS,16.100000381469727,-0.02560373954474926,GUIDED
34.292111,POS,16.100000381469727,-0.025612233206629753,GUIDED
34.392071,POS,16.100000381469727,-0.02562098763883114,GUIDED
34.492031,POS,16.100000381469727,-0.025629689916968346,GUIDED
34.591991,POS,16.100000381469727,-0.025636378675699234,GUIDED
34.691950999999996,POS,16.100000381469727,-0.02564118802547455,GUIDED
34.791911,POS,16.100000381469727,-0.025649813935160637,GUIDED
34.891870999999995,POS,16.100000381469727,-0.02566555142402649,GUIDED
34.991831,POS,16.100000381469727,-0.025675088167190552,GUIDED
35.091791,POS,16.100000381469727,-0.025682950392365456,GUIDED
35.191751,POS,16.100000381469727,-0.025693196803331375,GUIDED
35.291711,POS,16.100000381469727,-0.025704098865389824,GUIDED
35.391670999999995,POS,16.100000381469727,-0.025716403499245644,GUIDED
35.492464,POS,16.100000381469727,-0.02572828158736229,GUIDED
35.592424,POS,16.100000381469727,-0.025736093521118164,GUIDED
35.692384,POS,16.100000381469727,-0.025744227692484856,GUIDED
35.792344,POS,16.100000381469727,-0.025751182809472084,GUIDED
35.892303999999996,POS,16.100000381469727,-0.025758419185876846,GUIDED
35.992264,POS,16.100000381469727,-0.025767933577299118,GUIDED
36.092223999999995,POS,16.100000381469727,-0.025781096890568733,GUIDED
36.192184,POS,16.100000381469727,-0.025796206668019295,GUIDED
36.292144,POS,16.100000381469727,-0.025811968371272087,GUIDED
36.392103999999996,POS,16.100000381469727,-0.02582644857466221,GUIDED
36.492064,POS,16.100000381469727,-0.025835761800408363,GUIDED
36.592023999999995,POS,16.100000381469727,-0.02584032528102398,GUIDED
36.691984,POS,16.100000381469727,-0.02584504894912243,GUIDED
36.791944,POS,16.100000381469727,-0.0258502010256052,GUIDED
36.891904,POS,16.100000381469727,-0.025859970599412918,GUIDED
36.991864,POS,16.100000381469727,-0.025876842439174652,GUIDED
37.091823999999995,POS,16.100000381469727,-0.025895481929183006,GUIDED
37.191784,POS,16.100000381469727,-0.02591049298644066,GUIDED
37.291744,POS,16.100000381469727,-0.025921139866113663,GUIDED
37.391704,POS,16.100000381469727,-0.025931691750884056,GUIDED
37.492497,POS,16.100000381469727,-0.025941837579011917,GUIDED
37.592456999999996,POS,16.100000381469727,-0.02595357783138752,GUIDED
37.692417,POS,16.100000381469727,-0.025964198634028435,GUIDED
37.792376999999995,POS,16.100000381469727,-0.02597324550151825,GUIDED
37.892337,POS,16.100000381469727,-0.025980057194828987,GUIDED
37.992297,POS,16.100000381469727,-0.025986934080719948,GUIDED
38.092257,POS,16.100000381469727,-0.0259940717369318,GUIDED
38.192217,POS,16.100000381469727,-0.02599722519516945,GUIDED
38.292176999999995,POS,16.100000381469727,-0.025998184457421303,GUIDED
38.392137,POS,16.100000381469727,-0.02599739097058773,GUIDED
38.492097,POS,16.100000381469727,-0.02599342353641987,GUIDED
38.592057,POS,16.100000381469727,-0.02599010057747364,GUIDED
38.692017,POS,16.100000381469727,-0.025986826047301292,GUIDED
38.791976999999996,POS,16.100000381469727,-0.025981180369853973,GUIDED
38.891937,POS,16.100000381469727,-0.025974556803703308,GUIDED
38.991896999999994,POS,16.100000381469727,-0.025963030755519867,GUIDED
39.091857,POS,16.100000381469727,-0.025944426655769348,GUIDED
39.191817,POS,16.06999969482422,-0.025924017652869225,GUIDED
39.291776999999996,POS,16.06999969482422,-0.025905149057507515,GUIDED
39.391737,POS,16.06999969482422,-0.025915078818798065,GUIDED
39.491696999999995,POS,16.06999969482422,-0.02591896615922451,GUIDED
39.59249,POS,16.06999969482422,-0.025940511375665665,GUIDED
39.69245,POS,16.06999969482422,-0.025959689170122147,GUIDED
39.79241,POS,16.06999969482422,-0.025986870750784874,GUIDED
39.89237,POS,16.06999969482422,-0.02600552886724472,GUIDED
39.992329999999995,POS,16.06999969482422,-0.026026006788015366,GUIDED
40.09229,POS,16.06999969482422,-0.02604079805314541,GUIDED
40.19225,POS,16.06999969482422,-0.026056623086333275,GUIDED
40.29221,POS,16.06999969482422,-0.026065193116664886,GUIDED
40.39217,POS,16.06999969482422,-0.02607867866754532,GUIDED
40.492129999999996,POS,16.06999969482422,-0.02608783170580864,GUIDED
40.59209,POS,16.06999969482422,-0.026103662326931953,GUIDED
40.692049999999995,POS,16.06999969482422,-0.02611377090215683,GUIDED
40.79201,POS,16.06999969482422,-0.026126183569431305,GUIDED
40.89197,POS,16.06999969482422,-0.026136156171560287,GUIDED
40.991929999999996,POS,16.06999969482422,-0.026150088757276535,GUIDED
41.09189,POS,16.06999969482422,-0.026156054809689522,GUIDED
41.191849999999995,POS,16.06999969482422,-0.026165122166275978,GUIDED
41.29181,POS,16.06999969482422,-0.026163427159190178,GUIDED
41.39177,POS,16.06999969482422,-0.02616925910115242,GUIDED
41.49173,POS,16.06999969482422,-0.02617071568965912,GUIDED
41.59169,POS,16.06999969482422,-0.026181822642683983,GUIDED
41.692482999999996,POS,16.06999969482422,-0.026190275326371193,GUIDED
41.792443,POS,16.06999969482422,-0.02619882859289646,GUIDED
41.892402999999995,POS,16.06999969482422,-0.02620500884950161,GUIDED
41.992363,POS,16.06999969482422,-0.026212353259325027,GUIDED
42.092323,POS,16.06999969482422,-0.026220865547657013,GUIDED
42.192282999999996,POS,16.06999969482422,-0.02623259648680687,GUIDED
42.292243,POS,16.06999969482422,-0.026244930922985077,GUIDED
42.392202999999995,POS,16.06999969482422,-0.026259174570441246,GUIDED
42.492163,POS,16.06999969482422,-0.02626708522439003,GUIDED
42.592123,POS,16.06999969482422,-0.026276161894202232,GUIDED
42.692083,POS,16.06999969482422,-0.026282841339707375,GUIDED
42.792043,POS,16.06999969482422,-0.026287471875548363,GUIDED
42.892002999999995,POS,16.06999969482422,-0.026291437447071075,GUIDED
42.991963,POS,16.06999969482422,-0.02629833295941353,GUIDED
43.091923,POS,16.06999969482422,-0.026306092739105225,GUIDED
43.191883,POS,16.06999969482422,-0.0263099055737257,GUIDED
43.291843,POS,16.06999969482422,-0.026309555396437645,GUIDED
43.391802999999996,POS,16.06999969482422,-0.026311928406357765,GUIDED
43.491763,POS,16.06999969482422,-0.026316789910197258,GUIDED
43.591722999999995,POS,16.06999969482422,-0.02632148377597332,GUIDED
43.691683,POS,16.06999969482422,-0.026321623474359512,GUIDED
43.792476,POS,16.06999969482422,-0.026324467733502388,GUIDED
43.892436,POS,16.06999969482422,-0.0263298898935318,GUIDED
43.992396,POS,16.06999969482422,-0.02633298933506012,GUIDED
44.092355999999995,POS,16.06999969482422,-0.02633414790034294,GUIDED
44.192316,POS,16.06999969482422,-0.026333283632993698,GUIDED
44.292276,POS,16.06999969482422,-0.02633226104080677,GUIDED
44.392236,POS,16.06999969482422,-0.02633560076355934,GUIDED
44.492196,POS,16.06999969482422,-0.026339543983340263,GUIDED
44.592155999999996,POS,16.06999969482422,-0.026340818032622337,GUIDED
44.692116,POS,16.06999969482422,-0.026343120262026787,GUIDED
44.792075999999994,POS,16.06999969482422,-0.02634274773299694,GUIDED
44.892036,POS,16.06999969482422,-0.026344679296016693,GUIDED
44.991996,POS,16.06999969482422,-0.026347849518060684,GUIDED
45.091955999999996,POS,16.06999969482422,-0.02635064162313938,GUIDED
45.191916,POS,16.06999969482422,-0.026353102177381516,GUIDED
45.291875999999995,POS,16.06999969482422,-0.02635425329208374,GUIDED
45.391836,POS,16.06999969482422,-0.026356935501098633,GUIDED
45.491796,POS,16.06999969482422,-0.026359720155596733,GUIDED
45.591756,POS,16.06999969482422,-0.026367051526904106,GUIDED
45.691716,POS,16.06999969482422,-0.026373470202088356,GUIDED
45.791675999999995,POS,16.06999969482422,-0.026379557326436043,GUIDED
45.892469,POS,16.06999969482422,-0.02638581208884716,GUIDED
45.992429,POS,16.06999969482422,-0.026391563937067986,GUIDED
46.092389,POS,16.06999969482422,-0.026395365595817566,GUIDED
46.192349,POS,16.06999969482422,-0.02640126273036003,GUIDED
46.292308999999996,POS,16.06999969482422,-0.026408275589346886,GUIDED
46.392269,POS,16.06999969482422,-0.026415249332785606,GUIDED
46.492228999999995,POS,16.06999969482422,-0.026417933404445648,GUIDED
46.592189,POS,16.06999969482422,-0.026419831439852715,GUIDED
46.692149,POS,16.06999969482422,-0.02642166242003441,GUIDED
46.792108999999996,POS,16.06999969482422,-0.02642286941409111,GUIDED
46.892069,POS,16.06999969482422,-0.026425033807754517,GUIDED
46.992028999999995,POS,16.06999969482422,-0.026424946263432503,GUIDED
47.091989,POS,16.06999969482422,-0.026426222175359726,GUIDED
47.191949,POS,16.06999969482422,-0.026430336758494377,GUIDED
47.291909,POS,16.06999969482422,-0.026435228064656258,GUIDED
47.391869,POS,16.06999969482422,-0.026441244408488274,GUIDED
47.491828999999996,POS,16.06999969482422,-0.02644718997180462,GUIDED
47.591789,POS,16.06999969482422,-0.026456259191036224,GUIDED
47.691748999999994,POS,16.06999969482422,-0.026464449241757393,GUIDED
47.791709,POS,16.06999969482422,-0.02647186629474163,GUIDED
47.891669,POS,16.06999969482422,-0.02648242749273777,GUIDED
47.992461999999996,POS,16.06999969482422,-0.026490990072488785,GUIDED
48.092422,POS,16.06999969482422,-0.026499757543206215,GUIDED
48.192381999999995,POS,16.06999969482422,-0.026510033756494522,GUIDED
48.292342,POS,16.06999969482422,-0.026517335325479507,GUIDED
48.392302,POS,16.06999969482422,-0.02651747316122055,GUIDED
48.492262,POS,16.06999969482422,-0.026519261300563812,GUIDED
48.592222,POS,16.06999969482422,-0.026521824300289154,GUIDED
48.692181999999995,POS,16.06999969482422,-0.02652674727141857,GUIDED
48.792142,POS,16.06999969482422,-0.02653435617685318,GUIDED
48.892102,POS,16.06999969482422,-0.0265443604439497,GUIDED
48.992062,POS,16.06999969482422,-0.026552585884928703,GUIDED
49.092022,POS,16.06999969482422,-0.026557238772511482,GUIDED
49.191981999999996,POS,16.06999969482422,-0.026555627584457397,GUIDED
49.291942,POS,16.06999969482422,-0.02655635215342045,GUIDED
49.391901999999995,POS,16.06999969482422,-0.026555463671684265,GUIDED
49.491862,POS,16.06999969482422,-0.026556165888905525,GUIDED
49.591822,POS,16.06999969482422,-0.02655806578695774,GUIDED
49.691781999999996,POS,16.06999969482422,-0.026559535413980484,GUIDED
49.791742,POS,16.06999969482422,-0.026556098833680153,GUIDED
49.891701999999995,POS,16.06999969482422,-0.02655336819589138,GUIDED
49.992495,POS,16.06999969482422,-0.026555610820651054,GUIDED
50.092455,POS,16.06999969482422,-0.026558583602309227,GUIDED
50.192415,POS,16.06999969482422,-0.026561634615063667,GUIDED
50.292375,POS,16.06999969482422,-0.026564352214336395,GUIDED
50.392334999999996,POS,16.06999969482422,-0.026564905419945717,GUIDED
50.492295,POS,16.06999969482422,-0.026565300300717354,GUIDED
50.592254999999994,POS,16.06999969482422,-0.026563679799437523,GUIDED
50.692215,POS,16.06999969482422,-0.026562262326478958,GUIDED
50.792175,POS,16.06999969482422,-0.026557018980383873,GUIDED
50.892134999999996,POS,16.06999969482422,-0.026548203080892563,GUIDED
50.992095,POS,16.06999969482422,-0.02653992362320423,GUIDED
51.092054999999995,POS,16.06999969482422,-0.026531994342803955,GUIDED
51.192015,POS,16.06999969482422,-0.026522306725382805,GUIDED
51.291975,POS,16.06999969482422,-0.026512732729315758,GUIDED
51.391935,POS,16.06999969482422,-0.026504889130592346,GUIDED
51.491895,POS,16.06999969482422,-0.026493806391954422,GUIDED
51.591854999999995,POS,16.06999969482422,-0.02648777887225151,GUIDED
51.691815,POS,16.06999969482422,-0.02648293972015381,GUIDED
51.791775,POS,16.06999969482422,-0.026480600237846375,GUIDED
51.891735,POS,16.06999969482422,-0.02647983469069004,GUIDED
51.991695,POS,16.06999969482422,-0.026479337364435196,GUIDED
52.092487999999996,POS,16.06999969482422,-0.026479845866560936,GUIDED
52.192448,POS,16.06999969482422,-0.026480333879590034,GUIDED
52.292407999999995,POS,16.06999969482422,-0.026476925238966942,GUIDED
52.392368,POS,16.06999969482422,-0.026474738493561745,GUIDED
52.492328,POS,16.06999969482422,-0.026472054421901703,GUIDED
52.592287999999996,POS,16.06999969482422,-0.026465585455298424,GUIDED
52.692248,POS,16.06999969482422,-0.026457950472831726,GUIDED
52.792207999999995,POS,16.06999969482422,-0.026456201449036598,GUIDED
52.892168,POS,16.06999969482422,-0.026458369567990303,GUIDED
52.992128,POS,16.06999969482422,-0.026463817805051804,GUIDED
53.092088,POS,16.06999969482422,-0.02646888792514801,GUIDED
53.192048,POS,16.06999969482422,-0.026472577825188637,GUIDED
53.292007999999996,POS,16.06999969482422,-0.026478243991732597,GUIDED
53.391968,POS,16.06999969482422,-0.02648095414042473,GUIDED
53.491927999999994,POS,16.06999969482422,-0.02648235484957695,GUIDED
53.591888,POS,16.06999969482422,-0.026485683396458626,GUIDED
53.691848,POS,16.06999969482422,-0.02648913860321045,GUIDED
53.791807999999996,POS,16.06999969482422,-0.0264971274882555,GUIDED
53.891768,POS,16.06999969482422,-0.026511158794164658,GUIDED
53.991727999999995,POS,16.06999969482422,-0.02652372419834137,GUIDED
54.091688,POS,16.06999969482422,-0.02653634548187256,GUIDED
54.192481,POS,16.06999969482422,-0.02654607594013214,GUIDED
54.292441,POS,16.06999969482422,-0.02655508741736412,GUIDED
54.392401,POS,16.06999969482422,-0.02656053937971592,GUIDED
54.492360999999995,POS,16.06999969482422,-0.026565376669168472,GUIDED
54.592321,POS,16.06999969482422,-0.0265665240585804,GUIDED
54.692281,POS,16.06999969482422,-0.026566918939352036,GUIDED
54.792241,POS,16.06999969482422,-0.02656998299062252,GUIDED
54.892201,POS,16.06999969482422,-0.026572754606604576,GUIDED
54.992160999999996,POS,16.06999969482422,-0.02657284587621689,GUIDED
55.092121,POS,16.06999969482422,-0.026577964425086975,GUIDED
55.192080999999995,POS,16.06999969482422,-0.02658398076891899,GUIDED
55.292041,POS,16.06999969482422,-0.02659180574119091,GUIDED
55.392001,POS,16.06999969482422,-0.02660052664577961,GUIDED
55.491960999999996,POS,16.06999969482422,-0.026610426604747772,GUIDED
55.591921,POS,16.06999969482422,-0.026613740250468254,GUIDED
55.691880999999995,POS,16.06999969482422,-0.026616187766194344,GUIDED
55.791841,POS,16.06999969482422,0.003383314236998558,GUIDED
55.891801,POS,16.06999969482422,0.0033825337886810303,GUIDED
55.991761,POS,16.06999969482422,0.0033854320645332336,GUIDED
56.091721,POS,16.06999969482422,0.003390347585082054,GUIDED
56.191680999999996,POS,16.06999969482422,0.0033962614834308624,GUIDED
56.292474,POS,16.06999969482422,0.0033991243690252304,GUIDED
56.392433999999994,POS,16.06999969482422,0.0034028738737106323,GUIDED
56.492394,POS,16.06999969482422,0.0034056976437568665,GUIDED
56.592354,POS,16.06999969482422,0.003403693437576294,GUIDED
56.692313999999996,POS,16.06999969482422,0.0033979713916778564,GUIDED
56.792274,POS,16.06999969482422,0.003394925966858864,GUIDED
56.892233999999995,POS,16.06999969482422,0.003393838182091713,GUIDED
56.992194,POS,16.06999969482422,0.0033957678824663162,GUIDED
57.092154,POS,16.06999969482422,0.003394654020667076,GUIDED
57.192114,POS,16.06999969482422,0.003394443541765213,GUIDED
57.292074,POS,16.06999969482422,0.0033931471407413483,GUIDED
57.392033999999995,POS,16.06999969482422,0.0033944640308618546,GUIDED
57.491994,POS,16.06999969482422,0.003392975777387619,GUIDED
57.591954,POS,16.06999969482422,0.0033928565680980682,GUIDED
57.691914,POS,16.06999969482422,0.0033908169716596603,GUIDED
57.791874,POS,16.06999969482422,0.0033860355615615845,GUIDED
57.891833999999996,POS,16.06999969482422,0.0033812597393989563,GUIDED
57.991794,POS,16.06999969482422,0.0033844616264104843,GUIDED
58.091753999999995,POS,16.06999969482422,0.0033859238028526306,GUIDED
58.191714,POS,16.06999969482422,0.003389773890376091,GUIDED
58.291674,POS,16.06999969482422,0.0033988002687692642,GUIDED
58.392466999999996,POS,16.06999969482422,0.0034011993557214737,GUIDED
58.492427,POS,16.06999969482422,0.003404058516025543,GUIDED
58.592386999999995,POS,16.06999969482422,0.003407387062907219,GUIDED
58.692347,POS,16.06999969482422,0.003411911427974701,GUIDED
58.792307,POS,16.06999969482422,0.003418387845158577,GUIDED
58.892267,POS,16.06999969482422,0.0034266356378793716,GUIDED
58.992227,POS,16.06999969482422,0.0037480462342500687,GUIDED
59.092186999999996,POS,16.079999923706055,0.011356115341186523,GUIDED
59.192147,POS,16.100000381469727,0.03625587373971939,GUIDED
59.292106999999994,POS,16.139999389648438,0.0753239095211029,GUIDED
59.392067,POS,16.18000030517578,0.1191193088889122,GUIDED
59.492027,POS,16.25,0.1839708685874939,GUIDED
59.591986999999996,POS,16.35999870300293,0.29778364300727844,GUIDED
59.691947,POS,16.5,0.4311598539352417,GUIDED
59.791906999999995,POS,16.619998931884766,0.5578473210334778,GUIDED
59.891867,POS,16.75,0.6808989644050598,GUIDED
59.991827,POS,16.869998931884766,0.8027185797691345,GUIDED
60.091787,POS,16.989999771118164,0.9276387095451355,GUIDED
60.191747,POS,17.119998931884766,1.059697151184082,GUIDED
60.291706999999995,POS,17.260000228881836,1.1987135410308838,GUIDED
60.3925,POS,17.40999984741211,1.34406316280365,GUIDED
60.49246,POS,17.559999465942383,1.4960862398147583,GUIDED
60.59242,POS,17.719999313354492,1.6542695760726929,GUIDED
60.69238,POS,17.8799991607666,1.8191510438919067,GUIDED
60.792339999999996,POS,18.059999465942383,1.9919397830963135,GUIDED
60.8923,POS,18.239999771118164,2.170064926147461,GUIDED
60.992259999999995,POS,18.420000076293945,2.3542535305023193,GUIDED
61.09222,POS,18.60999870300293,2.5448083877563477,GUIDED
61.19218,POS,18.809999465942383,2.7410428524017334,GUIDED
61.292139999999996,POS,19.010000228881836,2.9432084560394287,GUIDED
61.3921,POS,19.209999084472656,3.1499810218811035,GUIDED
61.492059999999995,POS,19.43000030517578,3.3618006706237793,GUIDED
61.59202,POS,19.639999389648438,3.5779685974121094,GUIDED
61.69198,POS,19.85999870300293,3.7988343238830566,GUIDED
61.79194,POS,20.09000015258789,4.023640155792236,GUIDED
61.89189999999999,POS,20.31999969482422,4.252849578857422,GUIDED
61.99186,POS,20.549999237060547,4.485989093780518,GUIDED
62.09182,POS,20.78999900817871,4.722964286804199,GUIDED
62.191779999999994,POS,21.029998779296875,4.962849140167236,GUIDED
62.291740000000004,POS,21.270000457763672,5.2064337730407715,GUIDED
62.3917,POS,21.520000457763672,5.4523773193359375,GUIDED
62.492492999999996,POS,21.770000457763672,5.701455593109131,GUIDED
62.59245299999999,POS,22.020000457763672,5.953052997589111,GUIDED
62.692413,POS,22.26999855041504,6.207313537597656,GUIDED
62.792373,POS,22.529998779296875,6.465723037719727,GUIDED
62.892332999999994,POS,22.78999900817871,6.7243781089782715,GUIDED
62.992293000000004,POS,23.049999237060547,6.984798431396484,GUIDED
63.092253,POS,23.309999465942383,7.247310638427734,GUIDED
63.192212999999995,POS,23.579999923706055,7.511319160461426,GUIDED
63.29217299999999,POS,23.84000015258789,7.777223587036133,GUIDED
63.392133,POS,24.10999870300293,8.044450759887695,GUIDED
63.492093,POS,24.3799991607666,8.313465118408203,GUIDED
63.59205299999999,POS,24.649999618530273,8.583703994750977,GUIDED
63.692013,POS,24.920000076293945,8.855631828308105,GUIDED
63.791973,POS,25.189998626708984,9.12865161895752,GUIDED
63.891932999999995,POS,25.469999313354492,9.4032564163208,GUIDED
63.991893000000005,POS,25.739999771118164,9.678810119628906,GUIDED
64.091853,POS,26.01999855041504,9.956205368041992,GUIDED
64.191813,POS,26.299999237060547,10.233765602111816,GUIDED
64.29177299999999,POS,26.579999923706055,10.51302719116211,GUIDED
64.391733,POS,26.85999870300293,10.79246711730957,GUIDED
64.491693,POS,27.139999389648438,11.073593139648438,GUIDED
64.592486,POS,27.420000076293945,11.354752540588379,GUIDED
64.692446,POS,27.69999885559082,11.637188911437988,GUIDED
64.792406,POS,27.989999771118164,11.920186042785645,GUIDED
64.892366,POS,28.26999855041504,12.206660270690918,GUIDED
64.99232599999999,POS,28.559999465942383,12.491320610046387,GUIDED
65.092286,POS,28.84000015258789,12.777143478393555,GUIDED
65.192246,POS,29.1299991607666,13.063250541687012,GUIDED
65.292206,POS,29.420000076293945,13.350484848022461,GUIDED
65.392166,POS,29.69999885559082,13.637930870056152,GUIDED
65.492126,POS,29.989999771118164,13.926314353942871,GUIDED
65.592086,POS,30.279998779296875,14.214832305908203,GUIDED
65.692046,POS,30.56999969482422,14.50436782836914,GUIDED
65.792006,POS,30.85999870300293,14.793947219848633,GUIDED
65.891966,POS,31.149999618530273,15.084444999694824,GUIDED
65.99192599999999,POS,31.439998626708984,15.374930381774902,GUIDED
66.091886,POS,31.729999542236328,15.66679573059082,GUIDED
66.191846,POS,32.02000045776367,15.957845687866211,GUIDED
66.291806,POS,32.31999969482422,16.25037384033203,GUIDED
66.391766,POS,32.61000061035156,16.542123794555664,GUIDED
66.491726,POS,32.89999771118164,16.835336685180664,GUIDED
66.591686,POS,33.189998626708984,17.12765884399414,GUIDED
66.69247899999999,POS,33.48999786376953,17.42089080810547,GUIDED
66.792439,POS,33.779998779296875,17.713956832885742,GUIDED
66.892399,POS,34.06999969482422,18.007843017578125,GUIDED
66.992359,POS,34.369998931884766,18.30388069152832,GUIDED
67.092319,POS,34.65999984741211,18.598360061645508,GUIDED
67.192279,POS,34.959999084472656,18.892505645751953,GUIDED
67.292239,POS,35.25,19.18742561340332,GUIDED
67.39219899999999,POS,35.54999923706055,19.482038497924805,GUIDED
67.492159,POS,35.84000015258789,19.777429580688477,GUIDED
67.592119,POS,36.13999938964844,20.072473526000977,GUIDED
67.69207899999999,POS,36.43000030517578,20.368276596069336,GUIDED
67.792039,POS,36.72999954223633,20.66373062133789,GUIDED
67.891999,POS,37.029998779296875,20.960054397583008,GUIDED
67.991959,POS,37.31999969482422,21.25602149963379,GUIDED
68.091919,POS,37.619998931884766,21.55267333984375,GUIDED
68.191879,POS,37.90999984741211,21.84830665588379,GUIDED
68.291839,POS,38.209999084472656,22.14426040649414,GUIDED
68.39179899999999,POS,38.5,22.43597412109375,GUIDED
68.491759,POS,38.790000915527344,22.72667121887207,GUIDED
68.591719,POS,39.07999801635742,23.0131778717041,GUIDED
68.691679,POS,39.36000061035156,23.29791259765625,GUIDED
68.792472,POS,39.63999938964844,23.577688217163086,GUIDED
68.892432,POS,39.91999816894531,23.85413932800293,GUIDED
68.992392,POS,40.189998626708984,24.125640869140625,GUIDED
69.09235199999999,POS,40.459999084472656,24.395313262939453,GUIDED
69.192312,POS,40.71999740600586,24.6571044921875,GUIDED
69.292272,POS,40.97999954223633,24.91425323486328,GUIDED
69.39223199999999,POS,41.22999954223633,25.165298461914062,GUIDED
69.492192,POS,41.47999954223633,25.41135025024414,GUIDED
69.592152,POS,41.71999740600586,25.650802612304688,GUIDED
69.692112,POS,41.95000076293945,25.884775161743164,GUIDED
69.792072,POS,42.18000030517578,26.1118221282959,GUIDED
69.892032,POS,42.39999771118164,26.333133697509766,GUIDED
69.991992,POS,42.61000061035156,26.547338485717773,GUIDED
70.09195199999999,POS,42.81999969482422,26.75565528869629,GUIDED
70.191912,POS,43.02000045776367,26.956743240356445,GUIDED
70.291872,POS,43.21999740600586,27.152639389038086,GUIDED
70.391832,POS,43.40999984741211,27.340831756591797,GUIDED
70.491792,POS,43.59000015258789,27.523754119873047,GUIDED
70.591752,POS,43.7599983215332,27.698930740356445,GUIDED
70.691712,POS,43.93000030517578,27.868852615356445,GUIDED
70.79167199999999,POS,44.099998474121094,28.03105354309082,GUIDED
70.892465,POS,44.25,28.18768310546875,GUIDED
70.992425,POS,44.39999771118164,28.336952209472656,GUIDED
71.092385,POS,44.54999923706055,28.48099136352539,GUIDED
71.192345,POS,44.68000030517578,28.618986129760742,GUIDED
71.292305,POS,44.81999969482422,28.750782012939453,GUIDED
71.392265,POS,44.939998626708984,28.87568473815918,GUIDED
71.492225,POS,45.05999755859375,28.995769500732422,GUIDED
71.592185,POS,45.16999816894531,29.109176635742188,GUIDED
71.692145,POS,45.279998779296875,29.21797752380371,GUIDED
71.79210499999999,POS,45.38999938964844,29.32044219970703,GUIDED
71.892065,POS,45.47999954223633,29.418609619140625,GUIDED
71.992025,POS,45.57999801635742,29.510583877563477,GUIDED
72.091985,POS,45.65999984741211,29.59846305847168,GUIDED
72.191945,POS,45.75,29.68045997619629,GUIDED
72.291905,POS,45.81999969482422,29.75901985168457,GUIDED
72.391865,POS,45.89999771118164,29.831785202026367,GUIDED
72.49182499999999,POS,45.96999740600586,29.90135955810547,GUIDED
72.591785,POS,46.029998779296875,29.965362548828125,GUIDED
72.691745,POS,46.09000015258789,30.026376724243164,GUIDED
72.791705,POS,46.14999771118164,30.082130432128906,GUIDED
72.892498,POS,46.20000076293945,30.13520622253418,GUIDED
72.992458,POS,46.25,30.183334350585938,GUIDED
73.092418,POS,46.28999710083008,30.22874641418457,GUIDED
73.19237799999999,POS,46.34000015258789,30.270160675048828,GUIDED
73.292338,POS,46.369998931884766,30.308841705322266,GUIDED
73.392298,POS,46.40999984741211,30.343530654907227,GUIDED
73.49225799999999,POS,46.439998626708984,30.3760986328125,GUIDED
73.592218,POS,46.46999740600586,30.404958724975586,GUIDED
73.692178,POS,46.5,30.432048797607422,GUIDED
73.792138,POS,46.52000045776367,30.455820083618164,GUIDED
73.892098,POS,46.53999710083008,30.4781551361084,GUIDED
73.992058,POS,46.55999755859375,30.497350692749023,GUIDED
74.092018,POS,46.57999801635742,30.515256881713867,GUIDED
74.19197799999999,POS,46.599998474121094,30.530359268188477,GUIDED
74.291938,POS,46.61000061035156,30.544387817382812,GUIDED
74.391898,POS,46.619998931884766,30.555843353271484,GUIDED
74.491858,POS,46.62999725341797,30.56665802001953,GUIDED
74.591818,POS,46.63999938964844,30.57476806640625,GUIDED
74.691778,POS,46.64999771118164,30.582401275634766,GUIDED
74.791738,POS,46.64999771118164,30.58758544921875,GUIDED
74.89169799999999,POS,46.65999984741211,30.59246253967285,GUIDED
74.992491,POS,46.65999984741211,30.595033645629883,GUIDED
75.092451,POS,46.65999984741211,30.5971622467041,GUIDED
75.19241099999999,POS,46.65999984741211,30.59748649597168,GUIDED
75.292371,POS,46.65999984741211,30.597455978393555,GUIDED
75.392331,POS,46.65999984741211,30.595794677734375,GUIDED
75.492291,POS,46.65999984741211,30.594104766845703,GUIDED
75.592251,POS,46.65999984741211,30.591039657592773,GUIDED
75.692211,POS,46.64999771118164,30.587949752807617,GUIDED
75.792171,POS,46.64999771118164,30.58347511291504,GUIDED
75.89213099999999,POS,46.63999938964844,30.57901954650879,GUIDED
75.992091,POS,46.63999938964844,30.573217391967773,GUIDED
76.092051,POS,46.62999725341797,30.567533493041992,GUIDED
76.192011,POS,46.62999725341797,30.560604095458984,GUIDED
76.291971,POS,46.619998931884766,30.553823471069336,GUIDED
76.391931,POS,46.61000061035156,30.545827865600586,GUIDED
76.491891,POS,46.599998474121094,30.5382137298584,GUIDED
76.59185099999999,POS,46.59000015258789,30.528797149658203,GUIDED
76.691811,POS,46.59000015258789,30.52036476135254,GUIDED
76.791771,POS,46.57999801635742,30.51063346862793,GUIDED
76.891731,POS,46.56999969482422,30.50149917602539,GUIDED
76.991691,POS,46.55999755859375,30.49116325378418,GUIDED
77.092484,POS,46.54999923706055,30.481098175048828,GUIDED
77.192444,POS,46.53999710083008,30.470542907714844,GUIDED
77.292404,POS,46.529998779296875,30.460268020629883,GUIDED
77.392364,POS,46.5099983215332,30.449478149414062,GUIDED
77.492324,POS,46.5,30.439064025878906,GUIDED
77.59228399999999,POS,46.48999786376953,30.428157806396484,GUIDED
77.692244,POS,46.47999954223633,30.417556762695312,GUIDED
77.792204,POS,46.46999740600586,30.406578063964844,GUIDED
77.892164,POS,46.459999084472656,30.395977020263672,GUIDED
77.992124,POS,46.45000076293945,30.385089874267578,GUIDED
78.092084,POS,46.439998626708984,30.374616622924805,GUIDED
78.192044,POS,46.43000030517578,30.363859176635742,GUIDED
78.29200399999999,POS,46.41999816894531,30.353519439697266,GUIDED
78.391964,POS,46.40999984741211,30.342927932739258,GUIDED
78.491924,POS,46.39999771118164,30.33275032043457,GUIDED
78.591884,POS,46.38999938964844,30.322355270385742,GUIDED
78.691844,POS,46.37999725341797,30.312700271606445,GUIDED
78.791804,POS,46.369998931884766,30.302385330200195,GUIDED
78.891764,POS,46.36000061035156,30.292816162109375,GUIDED
78.991724,POS,46.349998474121094,30.282655715942383,GUIDED
79.091684,POS,46.34000015258789,30.273208618164062,GUIDED
79.192477,POS,46.32999801635742,30.263269424438477,GUIDED
79.29243699999999,POS,46.31999969482422,30.2537841796875,GUIDED
79.392397,POS,46.30999755859375,30.244232177734375,GUIDED
79.492357,POS,46.29999923706055,30.235027313232422,GUIDED
79.592317,POS,46.28999710083008,30.225793838500977,GUIDED
79.692277,POS,46.279998779296875,30.216957092285156,GUIDED
79.792237,POS,46.27000045776367,30.208097457885742,GUIDED
79.892197,POS,46.2599983215332,30.199647903442383,GUIDED
79.99215699999999,POS,46.2599983215332,30.191152572631836,GUIDED
80.092117,POS,46.25,30.183021545410156,GUIDED
80.192077,POS,46.23999786376953,30.174856185913086,GUIDED
80.292037,POS,46.22999954223633,30.167085647583008,GUIDED
80.391997,POS,46.21999740600586,30.159286499023438,GUIDED
80.491957,POS,46.21999740600586,30.15184211730957,GUIDED
80.591917,POS,46.209999084472656,30.14442253112793,GUIDED
80.69187699999999,POS,46.20000076293945,30.137500762939453,GUIDED
80.791837,POS,46.20000076293945,30.13036346435547,GUIDED
80.891797,POS,46.189998626708984,30.123720169067383,GUIDED
80.99175699999999,POS,46.18000030517578,30.116867065429688,GUIDED
81.091717,POS,46.18000030517578,30.110490798950195,GUIDED
81.191677,POS,46.16999816894531,30.103967666625977,GUIDED
81.29247,POS,46.15999984741211,30.09775161743164,GUIDED
81.39243,POS,46.15999984741211,30.09157943725586,GUIDED
81.49239,POS,46.14999771118164,30.085710525512695,GUIDED
81.59235,POS,46.13999938964844,30.079885482788086,GUIDED
81.69230999999999,POS,46.13999938964844,30.07439613342285,GUIDED
81.79227,POS,46.12999725341797,30.068960189819336,GUIDED
81.89223,POS,46.12999725341797,30.06378746032715,GUIDED
81.99219,POS,46.119998931884766,30.058696746826172,GUIDED
82.09215,POS,46.119998931884766,30.053863525390625,GUIDED
82.19211,POS,46.11000061035156,30.049182891845703,GUIDED
82.29207,POS,46.11000061035156,30.044761657714844,GUIDED
82.39202999999999,POS,46.11000061035156,30.04044532775879,GUIDED
82.49199,POS,46.099998474121094,30.036409378051758,GUIDED
82.59195,POS,46.099998474121094,30.03249168395996,GUIDED
82.69191,POS,46.09000015258789,30.02875328063965,GUIDED
82.79187,POS,46.09000015258789,30.025115966796875,GUIDED
82.89183,POS,46.09000015258789,30.021665573120117,GUIDED
82.99179,POS,46.07999801635742,30.018325805664062,GUIDED
83.09175,POS,46.07999801635742,30.015140533447266,GUIDED
83.19171,POS,46.07999801635742,30.011991500854492,GUIDED
83.29167,POS,46.06999969482422,30.009014129638672,GUIDED
83.39246299999999,POS,46.06999969482422,30.006132125854492,GUIDED
83.492423,POS,46.06999969482422,30.003372192382812,GUIDED
83.592383,POS,46.06999969482422,30.00071144104004,GUIDED
83.692343,POS,46.05999755859375,29.998170852661133,GUIDED
83.792303,POS,46.05999755859375,29.99580955505371,GUIDED
83.892263,POS,46.05999755859375,29.99289894104004,GUIDED
83.992223,POS,46.04999923706055,29.98625946044922,GUIDED
84.09218299999999,POS,46.03999710083008,29.971553802490234,GUIDED
84.192143,POS,46.0099983215332,29.943603515625,GUIDED
84.292103,POS,45.959999084472656,29.897687911987305,GUIDED
84.392063,POS,45.88999938964844,29.827909469604492,GUIDED
84.492023,POS,45.78999710083008,29.728416442871094,GUIDED
84.591983,POS,45.65999984741211,29.592937469482422,GUIDED
84.691943,POS,45.47999954223633,29.41946792602539,GUIDED
84.791903,POS,45.27000045776367,29.208505630493164,GUIDED
84.891863,POS,45.029998779296875,28.961143493652344,GUIDED
84.991823,POS,44.75,28.683486938476562,GUIDED
85.09178299999999,POS,44.439998626708984,28.372543334960938,GUIDED
85.191743,POS,44.099998474121094,28.034263610839844,GUIDED
85.291703,POS,43.72999954223633,27.66707420349121,GUIDED
85.392496,POS,43.34000015258789,27.27661895751953,GUIDED
85.492456,POS,42.93000030517578,26.862062454223633,GUIDED
85.592416,POS,42.48999786376953,26.4268741607666,GUIDED
85.692376,POS,42.029998779296875,25.96802520751953,GUIDED
85.79233599999999,POS,41.55999755859375,25.4959774017334,GUIDED
85.892296,POS,41.06999969482422,25.007658004760742,GUIDED
85.992256,POS,40.56999969482422,24.505674362182617,GUIDED
86.092216,POS,40.05999755859375,23.990251541137695,GUIDED
86.192176,POS,39.529998779296875,23.463476181030273,GUIDED
86.292136,POS,38.98999786376953,22.925338745117188,GUIDED
86.392096,POS,38.439998626708984,22.37749671936035,GUIDED
86.49205599999999,POS,37.87999725341797,21.819679260253906,GUIDED
86.592016,POS,37.31999969482422,21.253524780273438,GUIDED
86.691976,POS,36.73999786376953,20.678647994995117,GUIDED
86.79193599999999,POS,36.15999984741211,20.09650993347168,GUIDED
86.891896,POS,35.56999969482422,19.506494522094727,GUIDED
86.991856,POS,34.97999954223633,18.9106388092041,GUIDED
87.091816,POS,34.369998931884766,18.307661056518555,GUIDED
87.191776,POS,33.7599983215332,17.699474334716797,GUIDED
87.291736,POS,33.14999771118164,17.08469009399414,GUIDED
87.391696,POS,32.529998779296875,16.46534538269043,GUIDED
87.49248899999999,POS,31.90999984741211,15.840279579162598,GUIDED
87.592449,POS,31.279998779296875,15.210898399353027,GUIDED
87.692409,POS,30.639999389648438,14.576360702514648,GUIDED
87.792369,POS,30.0,13.9329252243042,GUIDED
87.892329,POS,29.35999870300293,13.290040016174316,GUIDED
87.992289,POS,28.709999084472656,12.644231796264648,GUIDED
88.092249,POS,28.059999465942383,11.994377136230469,GUIDED
88.19220899999999,POS,27.40999984741211,11.342037200927734,GUIDED
88.292169,POS,26.75,10.685981750488281,GUIDED
88.392129,POS,26.09000015258789,10.027850151062012,GUIDED
88.49208899999999,POS,25.43000030517578,9.366337776184082,GUIDED
88.592049,POS,24.76999855041504,8.7031888961792,GUIDED
88.692009,POS,24.100000381469727,8.036956787109375,GUIDED
88.791969,POS,23.43000030517578,7.369326591491699,GUIDED
88.891929,POS,22.760000228881836,6.69867467880249,GUIDED
88.991889,POS,22.09000015258789,6.026963233947754,GUIDED
89.091849,POS,21.420000076293945,5.352144241333008,GUIDED
89.19180899999999,POS,20.739999771118164,4.677123546600342,GUIDED
89.291769,POS,20.059999465942383,3.999332904815674,GUIDED
89.391729,POS,19.389999389648438,3.321712017059326,GUIDED
89.491689,POS,18.719999313354492,2.651087522506714,RTL
89.592482,POS,18.15999984741211,2.0992321968078613,RTL
89.692442,POS,17.75,1.6822479963302612,RTL
89.792402,POS,17.440000534057617,1.3789191246032715,RTL
89.89236199999999,POS,17.239999771118164,1.1725459098815918,RTL
89.992322,POS,17.10999870300293,1.0470541715621948,RTL
90.092282,POS,17.049999237060547,0.9866706728935242,RTL
90.192242,POS,17.03999900817871,0.976029098033905,RTL
90.292202,POS,17.06999969482422,1.003574252128601,RTL
90.392162,POS,17.1299991607666,1.0619944334030151,RTL
90.492122,POS,17.219999313354492,1.1502962112426758,RTL
90.592082,POS,17.34000015258789,1.2733793258666992,RTL
90.692042,POS,17.5,1.4322797060012817,RTL
90.792002,POS,17.69999885559082,1.6313526630401611,RTL
90.89196199999999,POS,17.93000030517578,1.8686600923538208,RTL
90.991922,POS,18.209999084472656,2.141427755355835,RTL
91.091882,POS,18.5,2.437619924545288,RTL
91.191842,POS,18.809999465942383,2.7464253902435303,RTL
91.291802,POS,19.1299991607666,3.060288190841675,RTL
91.391762,POS,19.439998626708984,3.3774187564849854,RTL
91.491722,POS,19.760000228881836,3.693214178085327,RTL
91.59168199999999,POS,20.06999969482422,4.009505271911621,RTL
91.692475,POS,20.389999389648438,4.322649955749512,RTL
91.792435,POS,20.69999885559082,4.633779048919678,RTL
91.892395,POS,21.010000228881836,4.941330909729004,RTL
91.992355,POS,21.309999465942383,5.249386310577393,RTL
92.092315,POS,21.619998931884766,5.551787376403809,RTL
92.192275,POS,21.920000076293945,5.8528666496276855,RTL
92.29223499999999,POS,22.219999313354492,6.151519298553467,RTL
92.392195,POS,22.510000228881836,6.44951057434082,RTL
92.492155,POS,22.809999465942383,6.745843410491943,RTL
92.59211499999999,POS,23.10999870300293,7.042206287384033,RTL
92.692075,POS,23.399999618530273,7.337565898895264,RTL
92.792035,POS,23.69999885559082,7.633477687835693,RTL
92.891995,POS,23.989999771118164,7.928887367248535,RTL
92.991955,POS,24.28999900817871,8.225140571594238,RTL
93.091915,POS,24.59000015258789,8.521219253540039,RTL
93.191875,POS,24.8799991607666,8.818285942077637,RTL
93.29183499999999,POS,25.18000030517578,9.114688873291016,RTL
93.391795,POS,25.479999542236328,9.41273307800293,RTL
93.491755,POS,25.779998779296875,9.7101469039917,RTL
93.591715,POS,26.06999969482422,10.009003639221191,RTL
93.691675,POS,26.369998931884766,10.307222366333008,RTL
93.792468,POS,26.670000076293945,10.606674194335938,RTL
93.892428,POS,26.969999313354492,10.905879020690918,RTL
93.99238799999999,POS,27.26999855041504,11.205657005310059,RTL
94.092348,POS,27.56999969482422,11.507647514343262,RTL
94.192308,POS,27.869998931884766,11.807708740234375,RTL
94.29226799999999,POS,28.170000076293945,12.107428550720215,RTL
94.392228,POS,28.469999313354492,12.407448768615723,RTL
94.492188,POS,28.76999855041504,12.707219123840332,RTL
94.592148,POS,29.06999969482422,13.007198333740234,RTL
94.692108,POS,29.369998931884766,13.306878089904785,RTL
94.792068,POS,29.670000076293945,13.606776237487793,RTL
94.892028,POS,29.969999313354492,13.906407356262207,RTL
94.99198799999999,POS,30.26999855041504,14.2062349319458,RTL
95.091948,POS,30.56999969482422,14.50583553314209,RTL
95.191908,POS,30.869998931884766,14.805537223815918,RTL
95.291868,POS,31.170000076293945,15.104912757873535,RTL
95.391828,POS,31.469999313354492,15.404481887817383,RTL
95.491788,POS,31.76999855041504,15.70233154296875,RTL
95.591748,POS,32.06999969482422,16.000158309936523,RTL
95.69170799999999,POS,32.36000061035156,16.297731399536133,RTL
95.792501,POS,32.65999984741211,16.595407485961914,RTL
95.892461,POS,32.959999084472656,16.892807006835938,RTL
95.992421,POS,33.25,17.187183380126953,RTL
96.092381,POS,33.529998779296875,17.46936798095703,RTL
96.192341,POS,33.790000915527344,17.72724151611328,RTL
96.292301,POS,34.0099983215332,17.94428253173828,RTL
96.392261,POS,34.18000030517578,18.113035202026367,RTL
96.492221,POS,34.29999923706055,18.230180740356445,RTL
96.592181,POS,34.36000061035156,18.29598617553711,RTL
96.69214099999999,POS,34.380001068115234,18.318981170654297,RTL
96.792101,POS,34.380001068115234,18.313079833984375,RTL
96.892061,POS,34.36000061035156,18.290077209472656,RTL
96.992021,POS,34.31999969482422,18.259029388427734,RTL
97.091981,POS,34.290000915527344,18.223724365234375,RTL
97.191941,POS,34.25,18.18773651123047,RTL
97.291901,POS,34.21999740600586,18.153297424316406,RTL
97.39186099999999,POS,34.189998626708984,18.121707916259766,RTL
97.491821,POS,34.15999984741211,18.094343185424805,RTL
97.591781,POS,34.13999938964844,18.07072639465332,RTL
97.691741,POS,34.119998931884766,18.051855087280273,RTL
97.791701,POS,34.099998474121094,18.03653335571289,RTL
97.892494,POS,34.09000015258789,18.02544403076172,RTL
97.992454,POS,34.07999801635742,18.016969680786133,RTL
98.09241399999999,POS,34.07999801635742,18.011558532714844,RTL
98.192374,POS,34.06999969482422,18.008190155029297,RTL
98.292334,POS,34.06999969482422,18.006799697875977,RTL
98.39229399999999,POS,34.06999969482422,18.006460189819336,RTL
98.492254,POS,34.06999969482422,18.007156372070312,RTL
98.592214,POS,34.06999969482422,18.00815200805664,RTL
98.692174,POS,34.06999969482422,18.009553909301758,RTL
98.792134,POS,34.07999801635742,18.010738372802734,RTL
98.892094,POS,34.07999801635742,18.01192283630371,RTL
98.992054,POS,34.07999801635742,18.01276206970215,RTL
99.09201399999999,POS,34.07999801635742,18.01350975036621,RTL
99.191974,POS,34.07999801635742,18.01370620727539,RTL
99.291934,POS,34.07999801635742,18.013797760009766,RTL
99.391894,POS,34.07999801635742,18.013429641723633,RTL
99.491854,POS,34.07999801635742,18.013240814208984,RTL
99.591814,POS,34.07999801635742,18.012367248535156,RTL
99.691774,POS,34.07999801635742,18.01172637939453,RTL
99.79173399999999,POS,34.07999801635742,18.01046371459961,RTL
99.891694,POS,34.06999969482422,18.009510040283203,RTL
99.992487,POS,34.06999969482422,18.007993698120117,RTL
100.09244699999999,POS,34.06999969482422,18.006771087646484,RTL
100.192407,POS,34.06999969482422,18.005184173583984,RTL
100.292367,POS,34.06999969482422,18.003904342651367,RTL
100.392327,POS,34.06999969482422,18.00229263305664,RTL
100.492287,POS,34.06999969482422,18.001039505004883,RTL
100.592247,POS,34.05999755859375,17.99951171875,RTL
100.692207,POS,34.05999755859375,17.998422622680664,RTL
100.79216699999999,POS,34.05999755859375,17.9970760345459,RTL
100.892127,POS,34.05999755859375,17.996126174926758,RTL
100.992087,POS,34.05999755859375,17.994892120361328,RTL
101.092047,POS,34.05999755859375,17.994049072265625,RTL
101.192007,POS,34.05999755859375,17.99295997619629,RTL
101.291967,POS,34.05999755859375,17.99225425720215,RTL
101.391927,POS,34.05999755859375,17.991256713867188,RTL
101.49188699999999,POS,34.05999755859375,17.99075698852539,RTL
101.591847,POS,34.04999923706055,17.989845275878906,RTL
101.691807,POS,34.04999923706055,17.98941993713379,RTL
101.791767,POS,34.04999923706055,17.988601684570312,RTL
101.891727,POS,34.04999923706055,17.988231658935547,RTL
101.991687,POS,34.04999923706055,17.98737907409668,RTL
102.09248,POS,34.04999923706055,17.986873626708984,RTL
102.19244,POS,34.04999923706055,17.986112594604492,RTL
102.2924,POS,34.04999923706055,17.985729217529297,RTL
102.39236,POS,34.04999923706055,17.984973907470703,RTL
102.49231999999999,POS,34.04999923706055,17.982702255249023,RTL
102.59228,POS,34.040000915527344,17.974462509155273,RTL
