time_s,source,lat,lon,alt,distance_m,mode
6.2824860000000005,POS,37.4274999,-122.1697,16.100000381469727,0.011131949209416398,STABILIZE
6.382446,POS,37.4274999,-122.1697,16.100000381469727,0.011131949209416398,STABILIZE
6.482406000000001,POS,37.4274999,-122.1697,16.100000381469727,0.011131949209416398,STABILIZE
6.582366,POS,37.4274999,-122.1697,16.100000381469727,0.011131949209416398,STABILIZE
6.682326,POS,37.4274999,-122.1697,16.100000381469727,0.011131949209416398,STABILIZE
6.782286000000001,POS,37.4274999,-122.1697,16.100000381469727,0.011131949209416398,GUIDED
6.882246,POS,37.4274999,-122.1697,16.100000381469727,0.011131949209416398,GUIDED
6.982206,POS,37.4274999,-122.1697,16.100000381469727,0.011131949209416398,GUIDED
7.082166000000001,POS,37.4274999,-122.1697,16.100000381469727,0.011131949209416398,GUIDED
7.182126,POS,37.4274999,-122.1697,16.100000381469727,0.011131949209416398,GUIDED
7.282086,POS,37.4274999,-122.1697,16.100000381469727,0.011131949209416398,GUIDED
7.382046000000001,POS,37.4274999,-122.1697,16.100000381469727,0.011131949209416398,GUIDED
7.482006,POS,37.4274999,-122.1697,16.100000381469727,0.011131949209416398,GUIDED
7.5819659999999995,POS,37.4274999,-122.1697,16.100000381469727,0.011131949209416398,GUIDED
7.681926000000001,POS,37.4274999,-122.1697,16.100000381469727,0.011131949209416398,GUIDED
7.781886,POS,37.4274999,-122.1697,16.100000381469727,0.011131949209416398,GUIDED
7.881846000000001,POS,37.4274999,-122.1697,16.100000381469727,0.011131949209416398,GUIDED
7.981806000000001,POS,37.4274999,-122.1697,16.100000381469727,0.011131949209416398,GUIDED
8.081766,POS,37.4274999,-122.1697,16.100000381469727,0.011131949209416398,GUIDED
8.181726000000001,POS,37.4274999,-122.1697,16.100000381469727,0.011131949209416398,GUIDED
8.281686,POS,37.4274999,-122.1697,16.100000381469727,0.011131949209416398,GUIDED
8.382479,POS,37.4274999,-122.1697,16.100000381469727,0.011131949209416398,GUIDED
8.482439000000001,POS,37.4274999,-122.1697,16.100000381469727,0.011131949209416398,GUIDED
8.582399,POS,37.4274999,-122.1697,16.100000381469727,0.011131949209416398,GUIDED
8.682359,POS,37.4274999,-122.1697,16.100000381469727,0.011131949209416398,GUIDED
8.782319000000001,POS,37.4274999,-122.1697,16.100000381469727,0.011131949209416398,GUIDED
8.882279,POS,37.4274999,-122.1697,16.100000381469727,0.011131949209416398,GUIDED
8.982239,POS,37.4274999,-122.1697,16.100000381469727,0.011131949209416398,GUIDED
9.082199000000001,POS,37.4274999,-122.1697,16.100000381469727,0.011131949209416398,GUIDED
9.182159,POS,37.4274999,-122.1697,16.100000381469727,0.011131949209416398,GUIDED
9.282119,POS,37.4274999,-122.1697,16.100000381469727,0.011131949209416398,GUIDED
9.382079000000001,POS,37.4274999,-122.1697,16.100000381469727,0.011131949209416398,GUIDED
9.482039,POS,37.4274999,-122.1697,16.100000381469727,0.011131949209416398,GUIDED
9.581999,POS,37.4274999,-122.1697,16.100000381469727,0.011131949209416398,GUIDED
9.681959,POS,37.4274999,-122.1697,16.100000381469727,0.011131949209416398,GUIDED
9.781919,POS,37.4274999,-122.1697,16.100000381469727,0.011131949209416398,GUIDED
9.881879,POS,37.4274999,-122.1697,16.100000381469727,0.011131949209416398,GUIDED
9.981839,POS,37.4274999,-122.1697,16.100000381469727,0.011131949209416398,GUIDED
10.081799,POS,37.4274999,-122.1697,16.100000381469727,0.011131949209416398,GUIDED
10.181759,POS,37.4274999,-122.1697,16.100000381469727,0.011131949209416398,GUIDED
10.281719,POS,37.4274999,-122.1697,16.100000381469727,0.011131949209416398,GUIDED
10.381679,POS,37.4274999,-122.1697,16.100000381469727,0.011131949209416398,GUIDED
10.482472,POS,37.4274999,-122.1697,16.100000381469727,0.011131949209416398,GUIDED
10.582432,POS,37.4274999,-122.1697,16.100000381469727,0.011131949209416398,GUIDED
10.682392,POS,37.4274999,-122.1697,16.100000381469727,0.011131949209416398,GUIDED
10.782352000000001,POS,37.4274999,-122.1697,16.100000381469727,0.011131949209416398,GUIDED
10.882312,POS,37.4274999,-122.1697,16.100000381469727,0.011131949209416398,GUIDED
10.982272,POS,37.4274999,-122.1697,16.100000381469727,0.011131949209416398,GUIDED
11.082232000000001,POS,37.4274999,-122.1697,16.100000381469727,0.011131949209416398,GUIDED
11.182192,POS,37.4274999,-122.1697,16.100000381469727,0.011131949209416398,GUIDED
11.282152,POS,37.4274999,-122.1697,16.100000381469727,0.011131949209416398,GUIDED
11.382112000000001,POS,37.4274999,-122.1697,16.100000381469727,0.011131949209416398,GUIDED
11.482072,POS,37.4274999,-122.1697,16.100000381469727,0.011131949209416398,GUIDED
11.582032,POS,37.4274999,-122.1697,16.100000381469727,0.011131949209416398,GUIDED
11.681992000000001,POS,37.4274999,-122.1697,16.100000381469727,0.011131949209416398,GUIDED
11.781952,POS,37.4274999,-122.1697,16.100000381469727,0.011131949209416398,GUIDED
11.881912,POS,37.4274999,-122.1697,16.100000381469727,0.011131949209416398,GUIDED
11.981872000000001,POS,37.4274999,-122.1697,16.100000381469727,0.011131949209416398,GUIDED
12.081832,POS,37.4274999,-122.1697,16.100000381469727,0.011131949209416398,GUIDED
12.181792,POS,37.4274999,-122.1697,16.100000381469727,0.011131949209416398,GUIDED
12.281752000000001,POS,37.4274999,-122.1697,16.100000381469727,0.011131949209416398,GUIDED
12.381712,POS,37.4274999,-122.1697,16.100000381469727,0.011131949209416398,GUIDED
12.482505,POS,37.4274999,-122.1697,16.100000381469727,0.011131949209416398,GUIDED
12.582465000000001,POS,37.4274999,-122.1697,16.100000381469727,0.011131949209416398,GUIDED
12.682425,POS,37.4274999,-122.1697,16.100000381469727,0.011131949209416398,GUIDED
12.782385,POS,37.4274999,-122.1697,16.100000381469727,0.011131949209416398,GUIDED
12.882345,POS,37.4274999,-122.1697,16.100000381469727,0.011131949209416398,GUIDED
12.982305,POS,37.4274999,-122.1697,16.100000381469727,0.011131949209416398,GUIDED
13.082265,POS,37.4274999,-122.1697,16.100000381469727,0.011131949209416398,GUIDED
13.182225,POS,37.4274999,-122.1697,16.100000381469727,0.011131949209416398,GUIDED
13.282185,POS,37.4274999,-122.1697,16.100000381469727,0.011131949209416398,GUIDED
13.382145000000001,POS,37.4274999,-122.1697,16.100000381469727,0.011131949209416398,GUIDED
13.482105,POS,37.4274999,-122.1697,16.100000381469727,0.011131949209416398,GUIDED
13.582065,POS,37.4274999,-122.1697,16.100000381469727,0.011131949209416398,GUIDED
13.682025000000001,POS,37.4274999,-122.1697,16.100000381469727,0.011131949209416398,GUIDED
13.781984999999999,POS,37.4274999,-122.1697,16.100000381469727,0.011131949209416398,GUIDED
13.881945000000002,POS,37.4274999,-122.1697,16.100000381469727,0.011131949209416398,GUIDED
13.981905000000001,POS,37.4274999,-122.1697,16.100000381469727,0.011131949209416398,GUIDED
14.081865,POS,37.4274999,-122.1697,16.100000381469727,0.011131949209416398,GUIDED
14.181825,POS,37.4274999,-122.1697,16.100000381469727,0.011131949209416398,GUIDED
14.281785,POS,37.4274999,-122.1697,16.100000381469727,0.011131949209416398,GUIDED
14.381744999999999,POS,37.4274999,-122.1697,16.100000381469727,0.011131949209416398,GUIDED
14.481705000000002,POS,37.4274999,-122.1697,16.100000381469727,0.011131949209416398,GUIDED
14.582498000000001,POS,37.4274999,-122.1697,16.100000381469727,0.011131949209416398,GUIDED
14.682458,POS,37.4274999,-122.1697,16.100000381469727,0.011131949209416398,GUIDED
14.782418,POS,37.4274999,-122.1697,16.100000381469727,0.011131949209416398,GUIDED
14.882378,POS,37.4274999,-122.1697,16.100000381469727,0.011131949209416398,GUIDED
14.982338000000002,POS,37.4274999,-122.1697,16.100000381469727,0.011131949209416398,GUIDED
15.082298000000002,POS,37.4274999,-122.1697,16.100000381469727,0.011131949209416398,GUIDED
15.182258000000001,POS,37.4274999,-122.1697,16.100000381469727,0.011131949209416398,GUIDED
15.282218,POS,37.4274999,-122.1697,16.100000381469727,0.011131949209416398,GUIDED
15.382178,POS,37.4274999,-122.1697,16.100000381469727,0.011131949209416398,GUIDED
15.482137999999999,POS,37.4274999,-122.1697,16.100000381469727,0.011131949209416398,GUIDED
15.582098000000002,POS,37.4274999,-122.1697,16.100000381469727,0.011131949209416398,GUIDED
15.682058000000001,POS,37.4274999,-122.1697,16.100000381469727,0.011131949209416398,GUIDED
15.782018,POS,37.4274999,-122.1697,16.100000381469727,0.011131949209416398,GUIDED
15.881978,POS,37.4274999,-122.1697,16.100000381469727,0.011131949209416398,GUIDED
15.981938,POS,37.4274999,-122.1697,16.100000381469727,0.011131949209416398,GUIDED
16.081898,POS,37.4274999,-122.1697,16.100000381469727,0.011131949209416398,GUIDED
16.181858000000002,POS,37.4274999,-122.1697,16.100000381469727,0.011131949209416398,GUIDED
16.281818,POS,37.4274999,-122.1697,16.100000381469727,0.011131949209416398,GUIDED
16.381778,POS,37.4274999,-122.1697,16.100000381469727,0.011131949209416398,GUIDED
16.481738,POS,37.4274999,-122.1697,16.100000381469727,0.011131949209416398,GUIDED
16.581698,POS,37.4274999,-122.1697,16.100000381469727,0.011131949209416398,GUIDED
16.682491,POS,37.4274999,-122.1697,16.100000381469727,0.011131949209416398,GUIDED
16.782451000000002,POS,37.4274999,-122.1697,16.100000381469727,0.011131949209416398,GUIDED
16.882411,POS,37.4274999,-122.1697,16.100000381469727,0.011131949209416398,GUIDED
16.982371,POS,37.4274999,-122.1697,16.100000381469727,0.011131949209416398,GUIDED
17.082331,POS,37.4274999,-122.1697,16.100000381469727,0.011131949209416398,GUIDED
17.182291,POS,37.4274999,-122.1697,16.100000381469727,0.011131949209416398,GUIDED
17.282251,POS,37.4274999,-122.1697,16.100000381469727,0.011131949209416398,GUIDED
17.382211,POS,37.4274999,-122.1697,16.100000381469727,0.011131949209416398,GUIDED
17.482171,POS,37.4274999,-122.1697,16.100000381469727,0.011131949209416398,GUIDED
17.582131,POS,37.4274999,-122.1697,16.100000381469727,0.011131949209416398,GUIDED
17.682091,POS,37.4274999,-122.1697,16.100000381469727,0.011131949209416398,GUIDED
17.782051,POS,37.4274999,-122.1697,16.100000381469727,0.011131949209416398,GUIDED
17.882011000000002,POS,37.4274999,-122.1697,16.100000381469727,0.011131949209416398,GUIDED
17.981971,POS,37.4274999,-122.1697,16.100000381469727,0.011131949209416398,GUIDED
18.081931,POS,37.4274999,-122.1697,16.100000381469727,0.011131949209416398,GUIDED
18.181891,POS,37.4274999,-122.1697,16.100000381469727,0.011131949209416398,GUIDED
18.281851,POS,37.4274999,-122.1697,16.100000381469727,0.011131949209416398,GUIDED
18.381811,POS,37.4274999,-122.1697,16.100000381469727,0.011131949209416398,GUIDED
18.481771000000002,POS,37.4274999,-122.1697,16.100000381469727,0.011131949209416398,GUIDED
18.581731,POS,37.4274999,-122.1697,16.100000381469727,0.011131949209416398,GUIDED
18.681691,POS,37.4274999,-122.1697,16.100000381469727,0.011131949209416398,GUIDED
18.782484,POS,37.4274999,-122.1697,16.100000381469727,0.011131949209416398,GUIDED
18.882444,POS,37.4274999,-122.1697,16.100000381469727,0.011131949209416398,GUIDED
18.982404,POS,37.4274999,-122.1697,16.100000381469727,0.011131949209416398,GUIDED
19.082364000000002,POS,37.4274999,-122.1697,16.100000381469727,0.011131949209416398,GUIDED
19.182324,POS,37.4274999,-122.1697,16.100000381469727,0.011131949209416398,GUIDED
19.282284,POS,37.4274999,-122.1697,16.100000381469727,0.011131949209416398,GUIDED
19.382244,POS,37.4274999,-122.1697,16.100000381469727,0.011131949209416398,GUIDED
19.482204,POS,37.4274999,-122.1697,16.100000381469727,0.011131949209416398,GUIDED
19.582164,POS,37.4274999,-122.1697,16.100000381469727,0.011131949209416398,GUIDED
19.682124,POS,37.4274999,-122.1697,16.100000381469727,0.011131949209416398,GUIDED
19.782084,POS,37.4274999,-122.1697,16.100000381469727,0.011131949209416398,GUIDED
19.882044,POS,37.4274999,-122.1697,16.100000381469727,0.011131949209416398,GUIDED
19.982004,POS,37.4274999,-122.1697,16.100000381469727,0.011131949209416398,GUIDED
20.081964,POS,37.4274999,-122.1697,16.100000381469727,0.011131949209416398,GUIDED
20.181924,POS,37.4274999,-122.1697,16.100000381469727,0.011131949209416398,GUIDED
20.281884,POS,37.4274999,-122.1697,16.100000381469727,0.011131949209416398,GUIDED
20.381844,POS,37.4274999,-122.1697,16.100000381469727,0.011131949209416398,GUIDED
20.481804,POS,37.4274999,-122.1697,16.100000381469727,0.011131949209416398,GUIDED
20.581764,POS,37.4274999,-122.1697,16.100000381469727,0.011131949209416398,GUIDED
20.681724,POS,37.4274999,-122.1697,16.100000381469727,0.011131949209416398,GUIDED
20.781684000000002,POS,37.4274999,-122.1697,16.100000381469727,0.011131949209416398,GUIDED
20.882477,POS,37.4274999,-122.1697,16.100000381469727,0.011131949209416398,GUIDED
20.982437,POS,37.4274999,-122.1697,16.100000381469727,0.011131949209416398,GUIDED
21.082397,POS,37.4274999,-122.1697,16.100000381469727,0.011131949209416398,GUIDED
21.182357,POS,37.4274999,-122.1697,16.100000381469727,0.011131949209416398,GUIDED
21.282317,POS,37.4274999,-122.1697,16.100000381469727,0.011131949209416398,GUIDED
21.382277000000002,POS,37.4274999,-122.1697,16.100000381469727,0.011131949209416398,GUIDED
21.482237,POS,37.4274999,-122.1697,16.100000381469727,0.011131949209416398,GUIDED
21.582197,POS,37.4274999,-122.1697,16.100000381469727,0.011131949209416398,GUIDED
21.682157,POS,37.4274999,-122.1697,16.100000381469727,0.011131949209416398,GUIDED
21.782117,POS,37.4274999,-122.1697,16.100000381469727,0.011131949209416398,GUIDED
21.882077,POS,37.4274999,-122.1697,16.100000381469727,0.011131949209416398,GUIDED
21.982037000000002,POS,37.4274999,-122.1697,16.100000381469727,0.011131949209416398,GUIDED
22.081997,POS,37.4274999,-122.1697,16.100000381469727,0.011131949209416398,GUIDED
22.181957,POS,37.4274999,-122.1697,16.100000381469727,0.011131949209416398,GUIDED
22.281917,POS,37.4274999,-122.1697,16.100000381469727,0.011131949209416398,GUIDED
22.381877,POS,37.4274999,-122.1697,16.100000381469727,0.011131949209416398,GUIDED
22.481837,POS,37.4274999,-122.1697,16.100000381469727,0.011131949209416398,GUIDED
22.581797,POS,37.4274999,-122.1697,16.100000381469727,0.011131949209416398,GUIDED
22.681757,POS,37.4274999,-122.1697,16.100000381469727,0.011131949209416398,GUIDED
22.781717,POS,37.4274999,-122.1697,16.100000381469727,0.011131949209416398,GUIDED
22.881677,POS,37.4274999,-122.1697,16.100000381469727,0.011131949209416398,GUIDED
22.98247,POS,37.4274999,-122.1697,16.100000381469727,0.011131949209416398,GUIDED
23.08243,POS,37.4274999,-122.1697,16.100000381469727,0.011131949209416398,GUIDED
23.18239,POS,37.4274999,-122.1697,16.100000381469727,0.011131949209416398,GUIDED
23.28235,POS,37.4274999,-122.1697,16.100000381469727,0.011131949209416398,GUIDED
23.38231,POS,37.4274999,-122.1697,16.100000381469727,0.011131949209416398,GUIDED
23.48227,POS,37.4274999,-122.1697,16.100000381469727,0.011131949209416398,GUIDED
23.58223,POS,37.4274999,-122.1697,16.100000381469727,0.011131949209416398,GUIDED
23.682190000000002,POS,37.4274999,-122.1697,16.100000381469727,0.011131949209416398,GUIDED
23.78215,POS,37.4274999,-122.1697,16.100000381469727,0.011131949209416398,GUIDED
23.88211,POS,37.4274999,-122.1697,16.100000381469727,0.011131949209416398,GUIDED
23.98207,POS,37.4274999,-122.1697,16.100000381469727,0.011131949209416398,GUIDED
24.08203,POS,37.4274999,-122.1697,16.100000381469727,0.011131949209416398,GUIDED
24.18199,POS,37.4274999,-122.1697,16.100000381469727,0.011131949209416398,GUIDED
24.281950000000002,POS,37.4274999,-122.1697,16.100000381469727,0.011131949209416398,GUIDED
24.38191,POS,37.4274999,-122.1697,16.100000381469727,0.011131949209416398,GUIDED
24.48187,POS,37.4274999,-122.1697,16.100000381469727,0.011131949209416398,GUIDED
24.58183,POS,37.4274999,-122.1697,16.100000381469727,0.011131949209416398,GUIDED
24.68179,POS,37.4274999,-122.1697,16.100000381469727,0.011131949209416398,GUIDED
24.78175,POS,37.4274999,-122.1697,16.100000381469727,0.011131949209416398,GUIDED
24.88171,POS,37.4274999,-122.1697,16.100000381469727,0.011131949209416398,GUIDED
24.982503,POS,37.4274999,-122.1697,16.100000381469727,0.011131949209416398,GUIDED
25.082463,POS,37.4274999,-122.1697,16.100000381469727,0.011131949209416398,GUIDED
25.182423,POS,37.4274999,-122.1697,16.100000381469727,0.011131949209416398,GUIDED
25.282383,POS,37.4274999,-122.1697,16.100000381469727,0.011131949209416398,GUIDED
25.382343,POS,37.4274999,-122.1697,16.100000381469727,0.011131949209416398,GUIDED
25.482303,POS,37.4274999,-122.1697,16.100000381469727,0.011131949209416398,GUIDED
25.582263,POS,37.4274999,-122.1697,16.100000381469727,0.011131949209416398,GUIDED
25.682223,POS,37.4274999,-122.1697,16.100000381469727,0.011131949209416398,GUIDED
25.782183,POS,37.4274999,-122.1697,16.100000381469727,0.011131949209416398,GUIDED
25.882143,POS,37.4274999,-122.1697,16.100000381469727,0.011131949209416398,GUIDED
25.982103000000002,POS,37.4274999,-122.1697,16.100000381469727,0.011131949209416398,GUIDED
26.082063,POS,37.4274999,-122.1697,16.100000381469727,0.011131949209416398,GUIDED
26.182023,POS,37.4274999,-122.1697,16.100000381469727,0.011131949209416398,GUIDED
26.281983,POS,37.4274999,-122.1697,16.100000381469727,0.011131949209416398,GUIDED
26.381943,POS,37.4274999,-122.1697,16.100000381469727,0.011131949209416398,GUIDED
26.481903,POS,37.4274999,-122.1697,16.100000381469727,0.011131949209416398,GUIDED
26.581863000000002,POS,37.4274999,-122.1697,16.100000381469727,0.011131949209416398,GUIDED
26.681823,POS,37.4274999,-122.1697,16.100000381469727,0.011131949209416398,GUIDED
26.781783,POS,37.4274999,-122.1697,16.100000381469727,0.011131949209416398,GUIDED
26.881743,POS,37.4274999,-122.1697,16.100000381469727,0.011131949209416398,GUIDED
26.981703,POS,37.4274999,-122.1697,16.100000381469727,0.011131949209416398,GUIDED
27.082496,POS,37.4274999,-122.1697,16.100000381469727,0.011131949209416398,GUIDED
27.182456000000002,POS,37.4274999,-122.1697,16.100000381469727,0.011131949209416398,GUIDED
27.282416,POS,37.4274999,-122.1697,16.100000381469727,0.011131949209416398,GUIDED
27.382376,POS,37.4274999,-122.1697,16.100000381469727,0.011131949209416398,GUIDED
27.482336,POS,37.4274999,-122.1697,16.100000381469727,0.011131949209416398,GUIDED
27.582296,POS,37.4274999,-122.1697,16.100000381469727,0.011131949209416398,GUIDED
27.682256,POS,37.4274999,-122.1697,16.100000381469727,0.011131949209416398,GUIDED
27.782216000000002,POS,37.4274999,-122.1697,16.100000381469727,0.011131949209416398,GUIDED
27.882176,POS,37.4274999,-122.1697,16.100000381469727,0.011131949209416398,GUIDED
27.982136,POS,37.4274999,-122.1697,16.100000381469727,0.011131949209416398,GUIDED
28.082096,POS,37.4274999,-122.1697,16.100000381469727,0.011131949209416398,GUIDED
28.182056,POS,37.4274999,-122.1697,16.100000381469727,0.011131949209416398,GUIDED
28.282016,POS,37.4274999,-122.1697,16.100000381469727,0.011131949209416398,GUIDED
28.381976,POS,37.4274999,-122.1697,16.100000381469727,0.011131949209416398,GUIDED
28.481936,POS,37.4274999,-122.1697,16.100000381469727,0.011131949209416398,GUIDED
28.581896,POS,37.4274999,-122.1697,16.100000381469727,0.011131949209416398,GUIDED
28.681856,POS,37.4274999,-122.1697,16.100000381469727,0.011131949209416398,GUIDED
28.781816,POS,37.4274999,-122.1697,16.100000381469727,0.011131949209416398,GUIDED
28.881776000000002,POS,37.4274999,-122.1697,16.100000381469727,0.011131949209416398,GUIDED
28.981736,POS,37.4274999,-122.1697,16.100000381469727,0.011131949209416398,GUIDED
29.081696,POS,37.4274999,-122.1697,16.100000381469727,0.011131949209416398,GUIDED
29.182489,POS,37.4274999,-122.1697,16.100000381469727,0.011131949209416398,GUIDED
29.282449,POS,37.4274999,-122.1697,16.100000381469727,0.011131949209416398,GUIDED
29.382409,POS,37.4274999,-122.1697,16.100000381469727,0.011131949209416398,GUIDED
29.482369000000002,POS,37.4274999,-122.1697,16.100000381469727,0.011131949209416398,GUIDED
29.582329,POS,37.4274999,-122.1697,16.100000381469727,0.011131949209416398,GUIDED
29.682289,POS,37.4274999,-122.1697,16.100000381469727,0.011131949209416398,GUIDED
29.782249000000004,POS,37.4274999,-122.1697,16.100000381469727,0.011131949209416398,GUIDED
29.882209,POS,37.4274999,-122.1697,16.100000381469727,0.011131949209416398,GUIDED
29.982169000000003,POS,37.4274999,-122.1697,16.100000381469727,0.011131949209416398,GUIDED
30.082129,POS,37.4274999,-122.1697,16.100000381469727,0.011131949209416398,GUIDED
30.182089,POS,37.4274999,-122.1697,16.100000381469727,0.011131949209416398,GUIDED
30.282048999999997,POS,37.4274999,-122.1697,16.100000381469727,0.011131949209416398,GUIDED
30.382009,POS,37.4274999,-122.1697,16.100000381469727,0.011131949209416398,GUIDED
30.481969000000003,POS,37.4274999,-122.1697,16.100000381469727,0.011131949209416398,GUIDED
30.581929,POS,37.4274999,-122.1697,16.100000381469727,0.011131949209416398,GUIDED
30.681889,POS,37.4274999,-122.1697,16.100000381469727,0.011131949209416398,GUIDED
30.781848999999998,POS,37.4274999,-122.1697,16.100000381469727,0.011131949209416398,GUIDED
30.881809,POS,37.4274999,-122.1697,16.100000381469727,0.011131949209416398,GUIDED
30.981769000000003,POS,37.4274999,-122.1697,16.100000381469727,0.011131949209416398,GUIDED
31.081729,POS,37.4274999,-122.1697,16.100000381469727,0.011131949209416398,GUIDED
31.181689000000002,POS,37.4274999,-122.1697,16.100000381469727,0.011131949209416398,GUIDED
31.282481999999998,POS,37.4274999,-122.1697,16.100000381469727,0.011131949209416398,GUIDED
31.382442,POS,37.4274999,-122.1697,16.100000381469727,0.011131949209416398,GUIDED
31.482401999999997,POS,37.4274999,-122.1697,16.100000381469727,0.011131949209416398,GUIDED
31.582362,POS,37.4274999,-122.1697,16.100000381469727,0.011131949209416398,GUIDED
31.682322000000003,POS,37.4274999,-122.1697,16.100000381469727,0.011131949209416398,GUIDED
31.782282,POS,37.4274999,-122.1697,16.100000381469727,0.011131949209416398,GUIDED
31.882242,POS,37.4274999,-122.1697,16.100000381469727,0.011131949209416398,GUIDED
31.982201999999997,POS,37.4274999,-122.1697,16.100000381469727,0.011131949209416398,GUIDED
32.082162,POS,37.4274999,-122.1697,16.100000381469727,0.011131949209416398,GUIDED
32.182122,POS,37.4274999,-122.1697,16.100000381469727,0.011131949209416398,GUIDED
32.282081999999996,POS,37.4274999,-122.1697,16.100000381469727,0.011131949209416398,GUIDED
32.382042,POS,37.4274999,-122.1697,16.100000381469727,0.011131949209416398,GUIDED
32.482001999999994,POS,37.4274999,-122.1697,16.100000381469727,0.011131949209416398,GUIDED
32.581962,POS,37.4274999,-122.1697,16.100000381469727,0.011131949209416398,GUIDED
32.681922,POS,37.4274999,-122.1697,16.100000381469727,0.011131949209416398,GUIDED
32.781881999999996,POS,37.4274999,-122.1697,16.100000381469727,0.011131949209416398,GUIDED
32.881842,POS,37.4274999,-122.1697,16.100000381469727,0.011131949209416398,GUIDED
32.981801999999995,POS,37.4274999,-122.1697,16.100000381469727,0.011131949209416398,GUIDED
33.081762,POS,37.4274999,-122.1697,16.100000381469727,0.011131949209416398,GUIDED
33.18172199999999,POS,37.4274999,-122.1697,16.100000381469727,0.011131949209416398,GUIDED
33.281681999999996,POS,37.4274999,-122.1697,16.100000381469727,0.011131949209416398,GUIDED
33.382475,POS,37.4274999,-122.1697,16.100000381469727,0.011131949209416398,GUIDED
33.482434999999995,POS,37.4274999,-122.1697,16.100000381469727,0.011131949209416398,GUIDED
33.582395,POS,37.4274999,-122.1697,16.100000381469727,0.011131949209416398,GUIDED
33.682354999999994,POS,37.4274999,-122.1697,16.100000381469727,0.011131949209416398,GUIDED
33.782315,POS,37.4274999,-122.1697,16.100000381469727,0.011131949209416398,GUIDED
33.882275,POS,37.4274999,-122.1697,16.100000381469727,0.011131949209416398,GUIDED
33.982234999999996,POS,37.4274999,-122.1697,16.100000381469727,0.011131949209416398,GUIDED
34.082195,POS,37.4274999,-122.1697,16.100000381469727,0.011131949209416398,GUIDED
34.182154999999995,POS,37.4274999,-122.1697,16.100000381469727,0.011131949209416398,GUIDED
34.282115,POS,37.4274999,-122.1697,16.100000381469727,0.011131949209416398,GUIDED
34.382075,POS,37.4274999,-122.1697,16.100000381469727,0.011131949209416398,GUIDED
34.482034999999996,POS,37.4274999,-122.1697,16.100000381469727,0.011131949209416398,GUIDED
34.581995,POS,37.4274999,-122.1697,16.100000381469727,0.011131949209416398,GUIDED
34.681954999999995,POS,37.4274999,-122.1697,16.100000381469727,0.011131949209416398,GUIDED
34.781915,POS,37.4274999,-122.1697,16.100000381469727,0.011131949209416398,GUIDED
34.881874999999994,POS,37.4274999,-122.1697,16.100000381469727,0.011131949209416398,GUIDED
34.981835,POS,37.4274999,-122.1697,16.100000381469727,0.011131949209416398,GUIDED
35.081795,POS,37.4274999,-122.1697,16.100000381469727,0.011131949209416398,GUIDED
35.181754999999995,POS,37.4274999,-122.1697,16.100000381469727,0.011131949209416398,GUIDED
35.281715,POS,37.4274999,-122.1697,16.100000381469727,0.011131949209416398,GUIDED
35.381674999999994,POS,37.4274999,-122.1697,16.100000381469727,0.011131949209416398,GUIDED
35.482468,POS,37.4274999,-122.1697,16.100000381469727,0.011131949209416398,GUIDED
35.582428,POS,37.4274999,-122.1697,16.100000381469727,0.011131949209416398,GUIDED
35.682387999999996,POS,37.4274999,-122.1697,16.100000381469727,0.011131949209416398,GUIDED
35.782348,POS,37.4274999,-122.1697,16.100000381469727,0.011131949209416398,GUIDED
35.882307999999995,POS,37.4274999,-122.1697,16.100000381469727,0.011131949209416398,GUIDED
35.982268,POS,37.4274999,-122.1697,16.100000381469727,0.011131949209416398,GUIDED
36.08222799999999,POS,37.4274999,-122.1697,16.100000381469727,0.011131949209416398,GUIDED
36.182188,POS,37.4274999,-122.1697,16.100000381469727,0.011131949209416398,GUIDED
36.282148,POS,37.4274999,-122.1697,16.100000381469727,0.011131949209416398,GUIDED
36.382107999999995,POS,37.4274999,-122.1697,16.100000381469727,0.011131949209416398,GUIDED
36.482068,POS,37.4274999,-122.1697,16.100000381469727,0.011131949209416398,GUIDED
36.582027999999994,POS,37.4274999,-122.1697,16.100000381469727,0.011131949209416398,GUIDED
36.681988,POS,37.4274999,-122.1697,16.100000381469727,0.011131949209416398,GUIDED
36.781948,POS,37.4274999,-122.1697,16.100000381469727,0.011131949209416398,GUIDED
36.881907999999996,POS,37.4274999,-122.1697,16.100000381469727,0.011131949209416398,GUIDED
36.981868,POS,37.4274999,-122.1697,16.100000381469727,0.011131949209416398,GUIDED
37.081827999999994,POS,37.4274999,-122.1697,16.100000381469727,0.011131949209416398,GUIDED
37.181788,POS,37.4274999,-122.1697,16.100000381469727,0.011131949209416398,GUIDED
37.281748,POS,37.4274999,-122.1697,16.100000381469727,0.011131949209416398,GUIDED
37.381707999999996,POS,37.4274999,-122.1697,16.100000381469727,0.011131949209416398,GUIDED
37.482501,POS,37.4274999,-122.1697,16.100000381469727,0.011131949209416398,GUIDED
37.582460999999995,POS,37.4274999,-122.1697,16.100000381469727,0.011131949209416398,GUIDED
37.682421,POS,37.4274999,-122.1697,16.100000381469727,0.011131949209416398,GUIDED
37.782380999999994,POS,37.4274999,-122.1697,16.100000381469727,0.011131949209416398,GUIDED
37.882341,POS,37.4274999,-122.1697,16.100000381469727,0.011131949209416398,GUIDED
37.982301,POS,37.4274999,-122.1697,16.100000381469727,0.011131949209416398,GUIDED
38.082260999999995,POS,37.4274999,-122.1697,16.100000381469727,0.011131949209416398,GUIDED
38.182221,POS,37.4274999,-122.1697,16.100000381469727,0.011131949209416398,GUIDED
38.282180999999994,POS,37.4274999,-122.1697,16.100000381469727,0.011131949209416398,GUIDED
38.382141,POS,37.4274999,-122.1697,16.100000381469727,0.011131949209416398,GUIDED
38.482101,POS,37.4274999,-122.1697,16.100000381469727,0.011131949209416398,GUIDED
38.582060999999996,POS,37.4274999,-122.1697,16.100000381469727,0.011131949209416398,GUIDED
38.682021,POS,37.4274999,-122.1697,16.100000381469727,0.011131949209416398,GUIDED
38.781980999999995,POS,37.4274999,-122.1697,16.100000381469727,0.011131949209416398,GUIDED
38.881941,POS,37.4274999,-122.1697,16.100000381469727,0.011131949209416398,GUIDED
38.98190099999999,POS,37.4274999,-122.1697,16.100000381469727,0.011131949209416398,GUIDED
39.081860999999996,POS,37.4274999,-122.1697,16.100000381469727,0.011131949209416398,GUIDED
39.181821,POS,37.4274999,-122.1697,16.06999969482422,0.011131949209416398,GUIDED
39.281780999999995,POS,37.4274999,-122.1697,16.06999969482422,0.011131949209416398,GUIDED
39.381741,POS,37.4274999,-122.1697,16.06999969482422,0.011131949209416398,GUIDED
39.481700999999994,POS,37.4274999,-122.1697,16.06999969482422,0.011131949209416398,GUIDED
39.582494,POS,37.4274999,-122.1697,16.06999969482422,0.011131949209416398,GUIDED
39.682454,POS,37.4274999,-122.1697,16.06999969482422,0.011131949209416398,GUIDED
39.782413999999996,POS,37.4274999,-122.1697,16.06999969482422,0.011131949209416398,GUIDED
39.882374,POS,37.4274999,-122.1697,16.06999969482422,0.011131949209416398,GUIDED
39.982333999999994,POS,37.4274999,-122.1697,16.06999969482422,0.011131949209416398,GUIDED
40.082294,POS,37.4274999,-122.1697,16.06999969482422,0.011131949209416398,GUIDED
40.182254,POS,37.4274999,-122.1697,16.06999969482422,0.011131949209416398,GUIDED
40.282213999999996,POS,37.4274999,-122.1697,16.06999969482422,0.011131949209416398,GUIDED
40.382174,POS,37.4274999,-122.1697,16.06999969482422,0.011131949209416398,GUIDED
40.482133999999995,POS,37.4274999,-122.1697,16.06999969482422,0.011131949209416398,GUIDED
40.582094,POS,37.4274999,-122.1697,16.06999969482422,0.011131949209416398,GUIDED
40.682053999999994,POS,37.4274999,-122.1697,16.06999969482422,0.011131949209416398,GUIDED
40.782014,POS,37.4274999,-122.1697,16.06999969482422,0.011131949209416398,GUIDED
40.881974,POS,37.4274999,-122.1697,16.06999969482422,0.011131949209416398,GUIDED
40.981933999999995,POS,37.4274999,-122.1697,16.06999969482422,0.011131949209416398,GUIDED
41.081894,POS,37.4274999,-122.1697,16.06999969482422,0.011131949209416398,GUIDED
41.181853999999994,POS,37.4274999,-122.1697,16.06999969482422,0.011131949209416398,GUIDED
41.281814,POS,37.4274999,-122.1697,16.06999969482422,0.011131949209416398,GUIDED
41.381774,POS,37.4274999,-122.1697,16.06999969482422,0.011131949209416398,GUIDED
41.481733999999996,POS,37.4274999,-122.1697,16.06999969482422,0.011131949209416398,GUIDED
41.581694,POS,37.4274999,-122.1697,16.06999969482422,0.011131949209416398,GUIDED
41.682486999999995,POS,37.4274999,-122.1697,16.06999969482422,0.011131949209416398,GUIDED
41.782447,POS,37.4274999,-122.1697,16.06999969482422,0.011131949209416398,GUIDED
41.88240699999999,POS,37.4274999,-122.1697001,16.06999969482422,0.01421507314541867,GUIDED
41.982366999999996,POS,37.4274999,-122.1697001,16.06999969482422,0.01421507314541867,GUIDED
42.082327,POS,37.4274999,-122.1697001,16.06999969482422,0.01421507314541867,GUIDED
42.182286999999995,POS,37.4274999,-122.1697001,16.06999969482422,0.01421507314541867,GUIDED
42.282247,POS,37.4274999,-122.1697001,16.06999969482422,0.01421507314541867,GUIDED
42.382206999999994,POS,37.4274999,-122.1697001,16.06999969482422,0.01421507314541867,GUIDED
42.482167,POS,37.4274999,-122.1697001,16.06999969482422,0.01421507314541867,GUIDED
42.582127,POS,37.4274999,-122.1697001,16.06999969482422,0.01421507314541867,GUIDED
42.682086999999996,POS,37.4274998,-122.1697001,16.06999969482422,0.023954731980071642,GUIDED
42.782047,POS,37.4274998,-122.1697001,16.06999969482422,0.023954731980071642,GUIDED
42.882006999999994,POS,37.4274998,-122.1697001,16.06999969482422,0.023954731980071642,GUIDED
42.981967,POS,37.4274998,-122.1697001,16.06999969482422,0.023954731980071642,GUIDED
43.081927,POS,37.4274998,-122.1697001,16.06999969482422,0.023954731980071642,GUIDED
43.181886999999996,POS,37.4274998,-122.1697001,16.06999969482422,0.023954731980071642,GUIDED
43.281847,POS,37.4274998,-122.1697001,16.06999969482422,0.023954731980071642,GUIDED
43.381806999999995,POS,37.4274998,-122.1697001,16.06999969482422,0.023954731980071642,GUIDED
43.481767,POS,37.4274998,-122.1697001,16.06999969482422,0.023954731980071642,GUIDED
43.581726999999994,POS,37.4274998,-122.1697001,16.06999969482422,0.023954731980071642,GUIDED
43.681687,POS,37.4274998,-122.1697001,16.06999969482422,0.023954731980071642,GUIDED
43.78248,POS,37.4274998,-122.1697001,16.06999969482422,0.023954731980071642,GUIDED
43.882439999999995,POS,37.4274998,-122.1697001,16.06999969482422,0.023954731980071642,GUIDED
43.9824,POS,37.4274998,-122.1697001,16.06999969482422,0.023954731980071642,GUIDED
44.082359999999994,POS,37.4274998,-122.1697001,16.06999969482422,0.023954731980071642,GUIDED
44.18232,POS,37.4274998,-122.1697001,16.06999969482422,0.023954731980071642,GUIDED
44.28228,POS,37.4274998,-122.1697001,16.06999969482422,0.023954731980071642,GUIDED
44.382239999999996,POS,37.4274998,-122.1697001,16.06999969482422,0.023954731980071642,GUIDED
44.4822,POS,37.4274998,-122.1697001,16.06999969482422,0.023954731980071642,GUIDED
44.582159999999995,POS,37.4274998,-122.1697001,16.06999969482422,0.023954731980071642,GUIDED
44.68212,POS,37.4274998,-122.1697001,16.06999969482422,0.023954731980071642,GUIDED
44.78207999999999,POS,37.4274999,-122.1697001,16.06999969482422,0.01421507314541867,GUIDED
44.882039999999996,POS,37.4274998,-122.1697001,16.06999969482422,0.023954731980071642,GUIDED
44.982,POS,37.4274999,-122.1697001,16.06999969482422,0.01421507314541867,GUIDED
45.081959999999995,POS,37.4274999,-122.1697001,16.06999969482422,0.01421507314541867,GUIDED
45.18192,POS,37.4274999,-122.1697001,16.06999969482422,0.01421507314541867,GUIDED
45.281879999999994,POS,37.4274999,-122.1697001,16.06999969482422,0.01421507314541867,GUIDED
45.38184,POS,37.4274999,-122.1697001,16.06999969482422,0.01421507314541867,GUIDED
45.4818,POS,37.4274999,-122.1697001,16.06999969482422,0.01421507314541867,GUIDED
45.581759999999996,POS,37.4274999,-122.1697001,16.06999969482422,0.01421507314541867,GUIDED
45.68172,POS,37.4274999,-122.1697001,16.06999969482422,0.01421507314541867,GUIDED
45.781679999999994,POS,37.4274999,-122.1697001,16.06999969482422,0.01421507314541867,GUIDED
45.882473,POS,37.4274999,-122.1697001,16.06999969482422,0.01421507314541867,GUIDED
45.982433,POS,37.4274999,-122.1697001,16.06999969482422,0.01421507314541867,GUIDED
46.082392999999996,POS,37.4274999,-122.1697001,16.06999969482422,0.01421507314541867,GUIDED
46.182353,POS,37.4274999,-122.1697001,16.06999969482422,0.01421507314541867,GUIDED
46.282312999999995,POS,37.4274999,-122.1697001,16.06999969482422,0.01421507314541867,GUIDED
46.382273,POS,37.4274999,-122.1697001,16.06999969482422,0.01421507314541867,GUIDED
46.482232999999994,POS,37.4274999,-122.1697001,16.06999969482422,0.01421507314541867,GUIDED
46.582193,POS,37.4274999,-122.1697001,16.06999969482422,0.01421507314541867,GUIDED
46.682153,POS,37.4274999,-122.1697001,16.06999969482422,0.01421507314541867,GUIDED
46.782112999999995,POS,37.4274999,-122.1697001,16.06999969482422,0.01421507314541867,GUIDED
46.882073,POS,37.4274999,-122.1697001,16.06999969482422,0.01421507314541867,GUIDED
46.982032999999994,POS,37.4274999,-122.1697001,16.06999969482422,0.01421507314541867,GUIDED
47.081993,POS,37.4274999,-122.1697001,16.06999969482422,0.01421507314541867,GUIDED
47.181953,POS,37.4274999,-122.1697001,16.06999969482422,0.01421507314541867,GUIDED
47.281912999999996,POS,37.4274999,-122.1697001,16.06999969482422,0.01421507314541867,GUIDED
47.381873,POS,37.4274999,-122.1697001,16.06999969482422,0.01421507314541867,GUIDED
47.481832999999995,POS,37.4274999,-122.1697001,16.06999969482422,0.01421507314541867,GUIDED
47.581793,POS,37.4274999,-122.1697001,16.06999969482422,0.01421507314541867,GUIDED
47.68175299999999,POS,37.4274999,-122.1697001,16.06999969482422,0.01421507314541867,GUIDED
47.781712999999996,POS,37.4274999,-122.1697001,16.06999969482422,0.01421507314541867,GUIDED
47.881673,POS,37.4274999,-122.1697001,16.06999969482422,0.01421507314541867,GUIDED
47.982465999999995,POS,37.4274999,-122.1697001,16.06999969482422,0.01421507314541867,GUIDED
48.082426,POS,37.4274999,-122.1697001,16.06999969482422,0.01421507314541867,GUIDED
48.182385999999994,POS,37.4274999,-122.1697001,16.06999969482422,0.01421507314541867,GUIDED
48.282346,POS,37.4274999,-122.1697001,16.06999969482422,0.01421507314541867,GUIDED
48.382306,POS,37.4274999,-122.1697001,16.06999969482422,0.01421507314541867,GUIDED
48.482265999999996,POS,37.4274999,-122.1697001,16.06999969482422,0.01421507314541867,GUIDED
48.582226,POS,37.4274999,-122.1697001,16.06999969482422,0.01421507314541867,GUIDED
48.682185999999994,POS,37.4274999,-122.1697001,16.06999969482422,0.01421507314541867,GUIDED
48.782146,POS,37.4274999,-122.1697001,16.06999969482422,0.01421507314541867,GUIDED
48.882106,POS,37.4274999,-122.1697001,16.06999969482422,0.01421507314541867,GUIDED
48.982065999999996,POS,37.4274999,-122.1697001,16.06999969482422,0.01421507314541867,GUIDED
49.082026,POS,37.4274999,-122.1697001,16.06999969482422,0.01421507314541867,GUIDED
49.181985999999995,POS,37.4274999,-122.1697001,16.09000015258789,0.01421507314541867,GUIDED
49.281946,POS,37.4274999,-122.1697001,16.100000381469727,0.01421507314541867,GUIDED
49.381905999999994,POS,37.4274999,-122.1697001,16.1299991607666,0.01421507314541867,GUIDED
49.481866,POS,37.4274999,-122.1697001,16.149999618530273,0.01421507314541867,GUIDED
49.581826,POS,37.4274999,-122.1697001,16.190000534057617,0.01421507314541867,GUIDED
49.681785999999995,POS,37.4274999,-122.1697001,16.25,0.01421507314541867,GUIDED
49.781746,POS,37.4274999,-122.1697001,16.350000381469727,0.01421507314541867,GUIDED
49.881705999999994,POS,37.4274999,-122.1697001,16.469999313354492,0.01421507314541867,GUIDED
49.982499,POS,37.4274999,-122.1697001,16.59000015258789,0.01421507314541867,GUIDED
50.082459,POS,37.4274999,-122.1697001,16.69999885559082,0.01421507314541867,GUIDED
50.182418999999996,POS,37.4274999,-122.1697,16.809999465942383,0.011131949209416398,GUIDED
50.282379,POS,37.4274999,-122.1697,16.93000030517578,0.011131949209416398,GUIDED
50.382338999999995,POS,37.4274999,-122.1697,17.059999465942383,0.011131949209416398,GUIDED
50.482299,POS,37.4274999,-122.1697,17.209999084472656,0.011131949209416398,GUIDED
50.58225899999999,POS,37.4274999,-122.1697,17.35999870300293,0.011131949209416398,GUIDED
50.682218999999996,POS,37.4274999,-122.1697,17.520000457763672,0.011131949209416398,GUIDED
50.782179,POS,37.4274999,-122.1697,17.69999885559082,0.011131949209416398,GUIDED
50.882138999999995,POS,37.4274999,-122.1697,17.8799991607666,0.011131949209416398,GUIDED
50.982099,POS,37.4274999,-122.1697,18.079999923706055,0.011131949209416398,GUIDED
51.082058999999994,POS,37.4274999,-122.1697,18.279998779296875,0.011131949209416398,GUIDED
51.182019,POS,37.4274999,-122.1697,18.5,0.011131949209416398,GUIDED
51.281979,POS,37.4274999,-122.1697,18.729999542236328,0.011131949209416398,GUIDED
51.381938999999996,POS,37.4274999,-122.1696999,18.959999084472656,0.014215073926666955,GUIDED
51.481899,POS,37.4274999,-122.1696999,19.209999084472656,0.014215073926666955,GUIDED
51.581858999999994,POS,37.4274999,-122.1696999,19.459999084472656,0.014215073926666955,GUIDED
51.681819,POS,37.4274999,-122.1696999,19.709999084472656,0.014215073926666955,GUIDED
51.781779,POS,37.4275,-122.1696999,19.969999313354492,0.008840137636665813,GUIDED
51.881738999999996,POS,37.4275,-122.1696999,20.229999542236328,0.008840137636665813,GUIDED
51.981699,POS,37.4275,-122.1696999,20.489999771118164,0.008840137636665813,GUIDED
52.082491999999995,POS,37.4275,-122.1696999,20.739999771118164,0.008840137636665813,GUIDED
52.182452,POS,37.4275,-122.1696999,21.0,0.008840137636665813,GUIDED
52.282411999999994,POS,37.4275,-122.1696999,21.260000228881836,0.008840137636665813,GUIDED
52.382372,POS,37.4275,-122.1696999,21.510000228881836,0.008840137636665813,GUIDED
52.482332,POS,37.4275,-122.1696999,21.770000457763672,0.008840137636665813,GUIDED
52.582291999999995,POS,37.4275,-122.1696999,22.020000457763672,0.008840137636665813,GUIDED
52.682252,POS,37.4275,-122.1696999,22.26999855041504,0.008840137636665813,GUIDED
52.782211999999994,POS,37.4275,-122.1696999,22.51999855041504,0.008840137636665813,GUIDED
52.882172,POS,37.4275,-122.1696999,22.779998779296875,0.008840137636665813,GUIDED
52.982132,POS,37.4275,-122.1696999,23.029998779296875,0.008840137636665813,GUIDED
53.082091999999996,POS,37.4275,-122.1696999,23.26999855041504,0.008840137636665813,GUIDED
53.182052,POS,37.4275001,-122.1696999,23.51999855041504,0.0142150739193237,GUIDED
53.282011999999995,POS,37.4275001,-122.1696999,23.76999855041504,0.0142150739193237,GUIDED
53.381972,POS,37.4275001,-122.1696999,24.01999855041504,0.0142150739193237,GUIDED
53.48193199999999,POS,37.4275001,-122.1696999,24.26999855041504,0.0142150739193237,GUIDED
53.581891999999996,POS,37.4275001,-122.1696999,24.51999855041504,0.0142150739193237,GUIDED
53.681852,POS,37.4275001,-122.1696999,24.76999855041504,0.0142150739193237,GUIDED
53.781811999999995,POS,37.4275001,-122.1696999,25.01999855041504,0.0142150739193237,GUIDED
53.881772,POS,37.4275001,-122.1696999,25.260000228881836,0.0142150739193237,GUIDED
53.981731999999994,POS,37.4275001,-122.1696999,25.510000228881836,0.0142150739193237,GUIDED
54.081692,POS,37.4275001,-122.1696999,25.760000228881836,0.0142150739193237,GUIDED
54.182485,POS,37.4275001,-122.1696999,26.0,0.0142150739193237,GUIDED
54.282444999999996,POS,37.4275001,-122.1696998,26.25,0.02089287874138602,GUIDED
54.382405,POS,37.4275001,-122.1696998,26.5,0.02089287874138602,GUIDED
54.482364999999994,POS,37.4275001,-122.1696998,26.75,0.02089287874138602,GUIDED
54.582325,POS,37.4275001,-122.1696998,27.0,0.02089287874138602,GUIDED
54.682285,POS,37.4275001,-122.1696998,27.25,0.02089287874138602,GUIDED
54.782244999999996,POS,37.4275001,-122.1696998,27.5,0.02089287874138602,GUIDED
54.882205,POS,37.4275001,-122.1696998,27.75,0.02089287874138602,GUIDED
54.982164999999995,POS,37.4275001,-122.1696998,27.989999771118164,0.02089287874138602,GUIDED
55.082125,POS,37.4275001,-122.1696998,28.239999771118164,0.02089287874138602,GUIDED
55.182084999999994,POS,37.4275001,-122.1696998,28.489999771118164,0.02089287874138602,GUIDED
55.282045,POS,37.4275001,-122.1696998,28.739999771118164,0.02089287874138602,GUIDED
55.382005,POS,37.4275001,-122.1696998,28.989999771118164,0.02089287874138602,GUIDED
55.481964999999995,POS,37.4275001,-122.1696998,29.239999771118164,0.02089287874138602,GUIDED
55.581925,POS,37.4275001,-122.1696998,29.489999771118164,0.02089287874138602,GUIDED
55.681884999999994,POS,37.4275001,-122.1696998,29.739999771118164,0.02089287874138602,GUIDED
55.781845,POS,37.4275001,-122.1696998,29.989999771118164,0.02089287874138602,GUIDED
55.881805,POS,37.4275,-122.1696998,30.239999771118164,0.017680274017072613,GUIDED
55.981764999999996,POS,37.4275,-122.1696998,30.489999771118164,0.017680274017072613,GUIDED
56.081725,POS,37.4275,-122.1696998,30.729999542236328,0.017680274017072613,GUIDED
56.181684999999995,POS,37.4275,-122.1696998,30.969999313354492,0.017680274017072613,GUIDED
56.282478,POS,37.4275,-122.1696998,31.209999084472656,0.017680274017072613,GUIDED
56.38243799999999,POS,37.4275,-122.1696998,31.439998626708984,0.017680274017072613,GUIDED
56.482397999999996,POS,37.4275,-122.1696998,31.670000076293945,0.017680274017072613,GUIDED
56.582358,POS,37.4275,-122.1696998,31.889999389648438,0.017680274017072613,GUIDED
56.682317999999995,POS,37.4275,-122.1696998,32.11000061035156,0.017680274017072613,GUIDED
56.782278,POS,37.4275,-122.1696998,32.30999755859375,0.017680274017072613,GUIDED
56.882237999999994,POS,37.4275,-122.1696998,32.52000045776367,0.017680274017072613,GUIDED
56.982198,POS,37.4275,-122.1696998,32.71999740600586,0.017680274017072613,GUIDED
57.082158,POS,37.4275,-122.1696998,32.90999984741211,0.017680274017072613,GUIDED
57.182117999999996,POS,37.4275,-122.1696998,33.09000015258789,0.017680274017072613,GUIDED
57.282078,POS,37.4275,-122.1696998,33.27000045776367,0.017680274017072613,GUIDED
57.382037999999994,POS,37.4275,-122.1696998,33.45000076293945,0.017680274017072613,GUIDED
57.481998,POS,37.4275,-122.1696998,33.619998931884766,0.017680274017072613,GUIDED
57.581958,POS,37.4275,-122.1696998,33.779998779296875,0.017680274017072613,GUIDED
57.681917999999996,POS,37.4275,-122.1696998,33.939998626708984,0.017680274017072613,GUIDED
57.781878,POS,37.4275,-122.1696998,34.09000015258789,0.017680274017072613,GUIDED
57.881837999999995,POS,37.4275,-122.1696998,34.23999786376953,0.017680274017072613,GUIDED
57.981798,POS,37.4275,-122.1696998,34.380001068115234,0.017680274017072613,GUIDED
58.081757999999994,POS,37.4275,-122.1696998,34.52000045776367,0.017680274017072613,GUIDED
58.181718,POS,37.4275,-122.1696998,34.64999771118164,0.017680274017072613,GUIDED
58.281678,POS,37.4275,-122.1696998,34.779998779296875,0.017680274017072613,GUIDED
58.382470999999995,POS,37.4275,-122.1696998,34.89999771118164,0.017680274017072613,GUIDED
58.482431,POS,37.4275,-122.1696998,35.02000045776367,0.017680274017072613,GUIDED
58.582390999999994,POS,37.4275,-122.1696998,35.130001068115234,0.017680274017072613,GUIDED
58.682351,POS,37.4275,-122.1696998,35.22999954223633,0.017680274017072613,GUIDED
58.782311,POS,37.4275,-122.1696998,35.32999801635742,0.017680274017072613,GUIDED
58.882270999999996,POS,37.4275,-122.1696998,35.41999816894531,0.017680274017072613,GUIDED
58.982231,POS,37.4275,-122.1696998,35.5099983215332,0.017680274017072613,GUIDED
59.082190999999995,POS,37.4275,-122.1696997,35.57999801635742,0.02652041165373843,GUIDED
59.182151,POS,37.4275,-122.1696992,35.63999938964844,0.07072109606829045,GUIDED
59.28211099999999,POS,37.4275,-122.1696984,35.70000076293945,0.1414421908803219,GUIDED
59.382070999999996,POS,37.4275,-122.1696971,35.73999786376953,0.2563639713631644,GUIDED
59.482031,POS,37.4275,-122.1696954,35.77000045776367,0.406646298623893,GUIDED
59.581990999999995,POS,37.4275001,-122.1696932,35.790000915527344,0.6012323739714002,GUIDED
59.681951,POS,37.4275001,-122.1696906,35.79999923706055,0.8310474294895475,GUIDED
59.781910999999994,POS,37.4275001,-122.1696875,35.80999755859375,1.1050731836344938,GUIDED
59.881871,POS,37.4275001,-122.1696839,35.80999755859375,1.4233055749542223,GUIDED
59.981831,POS,37.4275001,-122.1696799,35.80999755859375,1.7769023868955431,GUIDED
60.081790999999996,POS,37.4275001,-122.1696754,35.79999923706055,2.174702169034141,GUIDED
60.181751,POS,37.4275001,-122.1696705,35.79999923706055,2.6078641453252165,GUIDED
60.281710999999994,POS,37.4275001,-122.1696652,35.790000915527344,3.0763877823582018,GUIDED
60.382504,POS,37.4275001,-122.1696595,35.779998779296875,3.5802727512644723,GUIDED
60.482464,POS,37.4275001,-122.1696534,35.779998779296875,4.1195188361433015,GUIDED
60.582423999999996,POS,37.4275001,-122.1696469,35.77000045776367,4.694125893275757,GUIDED
60.682384,POS,37.4275001,-122.16964,35.77000045776367,5.3040938216060765,GUIDED
60.782343999999995,POS,37.4275001,-122.1696328,35.7599983215332,5.94058242666211,GUIDED
60.882304,POS,37.4275001,-122.1696253,35.7599983215332,6.60359164650786,GUIDED
60.982263999999994,POS,37.4275001,-122.1696176,35.7599983215332,7.284281312011206,GUIDED
61.082224,POS,37.4275001,-122.1696097,35.7599983215332,7.982651382895873,GUIDED
61.182184,POS,37.4275,-122.1696016,35.7599983215332,8.69869471589861,GUIDED
61.282143999999995,POS,37.4275,-122.1695935,35.7599983215332,9.414745804168001,GUIDED
61.382104,POS,37.4275,-122.1695852,35.7599983215332,10.148477167710707,GUIDED
61.482063999999994,POS,37.4275,-122.169577,35.7599983215332,10.873368393616726,GUIDED
61.582024,POS,37.4274999,-122.1695686,35.7599983215332,11.615945235358721,GUIDED
61.681984,POS,37.4274999,-122.1695602,35.7599983215332,12.35851641527632,GUIDED
61.781943999999996,POS,37.4274999,-122.1695517,35.7599983215332,13.109927765979506,GUIDED
61.88190399999999,POS,37.4274999,-122.1695432,35.7599983215332,13.861339146581319,GUIDED
61.981864,POS,37.4274999,-122.1695347,35.7599983215332,14.612750554788159,GUIDED
62.081824,POS,37.4274999,-122.1695261,35.7599983215332,15.373002119545154,GUIDED
62.18178399999999,POS,37.4274999,-122.1695175,35.7599983215332,16.133253704064742,GUIDED
62.281744,POS,37.4274999,-122.1695088,35.7599983215332,16.902345440146878,GUIDED
62.381704,POS,37.4274999,-122.1695001,35.7599983215332,17.671437192696246,GUIDED
62.482496999999995,POS,37.4274999,-122.1694913,35.7599983215332,18.44936909207347,GUIDED
62.58245699999999,POS,37.4274999,-122.1694824,35.7599983215332,19.236141139575672,GUIDED
62.682417,POS,37.4274999,-122.1694735,35.7599983215332,20.02291319912887,GUIDED
62.782377,POS,37.4274999,-122.1694643,35.7599983215332,20.836205673621585,GUIDED
62.88233699999999,POS,37.4274999,-122.1694552,35.7599983215332,21.640658021971973,GUIDED
62.982297,POS,37.4274999,-122.1694461,35.7599983215332,22.44511037824608,GUIDED
63.082257,POS,37.4274999,-122.1694369,35.7599983215332,23.25840287825105,GUIDED
63.182216999999994,POS,37.4274999,-122.1694277,35.7599983215332,24.071695383522417,GUIDED
63.28217699999999,POS,37.4274999,-122.1694184,35.7599983215332,24.893828031435277,GUIDED
63.382137,POS,37.4274999,-122.1694091,35.7599983215332,25.71596068478339,GUIDED
63.482096999999996,POS,37.4274999,-122.1693998,35.7599983215332,26.53809334306162,GUIDED
63.58205699999999,POS,37.4274999,-122.1693905,35.7599983215332,27.360226004569267,GUIDED
63.682017,POS,37.4274999,-122.1693812,35.7599983215332,28.18235867142627,GUIDED
63.781977,POS,37.4274999,-122.1693718,35.7599983215332,29.013331479019982,GUIDED
63.88193699999999,POS,37.4274999,-122.1693624,35.7599983215332,29.844304288863913,GUIDED
63.981897000000004,POS,37.4274999,-122.1693531,35.7599983215332,30.666436966125303,GUIDED
64.081857,POS,37.4274999,-122.1693437,35.7599983215332,31.497409782127015,GUIDED
64.181817,POS,37.4274999,-122.1693344,35.7599983215332,32.319542465006855,GUIDED
64.28177699999999,POS,37.4274999,-122.1693251,35.7599983215332,33.141675150369245,GUIDED
64.381737,POS,37.4274999,-122.1693159,35.7599983215332,33.95496770086631,GUIDED
64.481697,POS,37.4274999,-122.1693066,35.77000045776367,34.7771003906478,GUIDED
64.58248999999999,POS,37.4274999,-122.1692974,35.77000045776367,35.59039294521143,GUIDED
64.68245,POS,37.4274999,-122.1692881,35.77000045776367,36.41252563882343,GUIDED
64.78241,POS,37.4274999,-122.1692788,35.77000045776367,37.234658334171144,GUIDED
64.88237,POS,37.4274999,-122.1692694,35.77000045776367,38.06563116715023,GUIDED
64.98232999999999,POS,37.4274999,-122.16926,35.77000045776367,38.8966040029376,GUIDED
65.08229,POS,37.4274999,-122.1692507,35.77000045776367,39.71873670162792,GUIDED
65.18225,POS,37.4274999,-122.1692413,35.77000045776367,40.54970954022103,GUIDED
65.28220999999999,POS,37.4274999,-122.1692319,35.77000045776367,41.38068237884171,GUIDED
65.38217,POS,37.4274999,-122.1692226,35.77000045776367,42.202815082591556,GUIDED
65.48213,POS,37.4274999,-122.1692133,35.77000045776367,43.02494778745601,GUIDED
65.58209,POS,37.4274999,-122.169204,35.77000045776367,43.847080493372395,GUIDED
65.68205,POS,37.4274999,-122.1691947,35.77000045776367,44.66921319902634,GUIDED
65.78201,POS,37.4274999,-122.1691854,35.77000045776367,45.491345906876475,GUIDED
65.88197,POS,37.4274999,-122.1691761,35.77000045776367,46.31347861561649,GUIDED
65.98192999999999,POS,37.4274999,-122.1691669,35.77000045776367,47.12677118906011,GUIDED
66.08189,POS,37.4274999,-122.1691576,35.77000045776367,47.948903898178706,GUIDED
66.18185,POS,37.4274999,-122.1691485,35.779998779296875,48.75335633574537,GUIDED
66.28181,POS,37.4274999,-122.1691393,35.779998779296875,49.566648911423684,GUIDED
66.38177,POS,37.4274999,-122.1691302,35.779998779296875,50.37110135034847,GUIDED
66.48173,POS,37.4274999,-122.1691211,35.779998779296875,51.17555378990076,GUIDED
66.58169,POS,37.4274999,-122.1691121,35.779998779296875,51.97116609261167,GUIDED
66.68248299999999,POS,37.4274999,-122.169103,35.779998779296875,52.77561853332722,GUIDED
66.782443,POS,37.4274999,-122.1690938,35.779998779296875,53.5889111120401,GUIDED
66.882403,POS,37.4274999,-122.1690847,35.779998779296875,54.39336355382817,GUIDED
66.98236299999999,POS,37.4274999,-122.1690754,35.779998779296875,55.21549626978389,GUIDED
67.082323,POS,37.4274999,-122.1690662,35.779998779296875,56.028788848769075,GUIDED
67.182283,POS,37.4274999,-122.1690571,35.779998779296875,56.83324129200355,GUIDED
67.282243,POS,37.4274999,-122.1690479,35.779998779296875,57.646533873152485,GUIDED
67.38220299999999,POS,37.4274999,-122.1690387,35.779998779296875,58.45982645347298,GUIDED
67.482163,POS,37.4274999,-122.1690296,35.779998779296875,59.264278897973355,GUIDED
67.582123,POS,37.4274999,-122.1690204,35.779998779296875,60.07757148034967,GUIDED
67.68208299999999,POS,37.4274999,-122.1690113,35.779998779296875,60.88202392560916,GUIDED
67.782043,POS,37.4274999,-122.1690022,35.790000915527344,61.686476371223925,GUIDED
67.882003,POS,37.4274999,-122.1689931,35.790000915527344,62.49092881718025,GUIDED
67.981963,POS,37.4274999,-122.168984,35.790000915527344,63.2953812634651,GUIDED
68.081923,POS,37.4274999,-122.1689749,35.790000915527344,64.09983371006612,GUIDED
68.181883,POS,37.4274999,-122.1689658,35.790000915527344,64.9042861569715,GUIDED
68.281843,POS,37.4274999,-122.1689567,35.790000915527344,65.7087386041701,GUIDED
68.38180299999999,POS,37.4274999,-122.1689477,35.790000915527344,66.50435091413259,GUIDED
68.481763,POS,37.4274999,-122.1689387,35.790000915527344,67.29996322561789,GUIDED
68.581723,POS,37.4274999,-122.1689297,35.790000915527344,68.09557553610415,GUIDED
68.68168299999999,POS,37.4274999,-122.1689207,35.790000915527344,68.89118784809497,GUIDED
68.782476,POS,37.4274999,-122.1689118,35.790000915527344,69.67796002279592,GUIDED
68.882436,POS,37.4274999,-122.1689028,35.790000915527344,70.47357233525564,GUIDED
68.982396,POS,37.4274999,-122.1688938,35.790000915527344,71.26918464668313,GUIDED
69.08235599999999,POS,37.4274999,-122.1688846,35.790000915527344,72.08247723340122,GUIDED
69.182316,POS,37.4274999,-122.1688755,35.790000915527344,72.88692968279864,GUIDED
69.282276,POS,37.4274999,-122.1688664,35.790000915527344,73.69138213240302,GUIDED
69.38223599999999,POS,37.4274999,-122.1688573,35.790000915527344,74.49583458220768,GUIDED
69.482196,POS,37.4274999,-122.1688482,35.790000915527344,75.30028703220611,GUIDED
69.582156,POS,37.4274999,-122.1688391,35.790000915527344,76.10473948239226,GUIDED
69.682116,POS,37.4274999,-122.16883,35.790000915527344,76.90919193276015,GUIDED
69.782076,POS,37.4274999,-122.1688209,35.790000915527344,77.71364438330419,GUIDED
69.882036,POS,37.4274999,-122.1688119,35.790000915527344,78.50925669772155,GUIDED
69.981996,POS,37.4274999,-122.1688028,35.790000915527344,79.31370914859998,GUIDED
70.08195599999999,POS,37.4274999,-122.1687937,35.790000915527344,80.11816159963898,GUIDED
70.181916,POS,37.4274999,-122.1687846,35.790000915527344,80.92261405083374,GUIDED
70.281876,POS,37.4274999,-122.1687756,35.790000915527344,81.71822636461924,GUIDED
70.38183599999999,POS,37.4274999,-122.1687666,35.79999923706055,82.51383867980454,GUIDED
70.481796,POS,37.4274999,-122.1687576,35.79999923706055,83.30945099387303,GUIDED
70.581756,POS,37.4274999,-122.1687486,35.79999923706055,84.10506330933327,GUIDED
70.681716,POS,37.4274999,-122.1687396,35.79999923706055,84.90067562492521,GUIDED
70.78167599999999,POS,37.4274999,-122.1687307,35.79999923706055,85.68744780307725,GUIDED
70.882469,POS,37.4274999,-122.1687217,35.79999923706055,86.48306011766395,GUIDED
70.982429,POS,37.4274999,-122.1687127,35.79999923706055,87.27867243362806,GUIDED
71.08238899999999,POS,37.4274999,-122.1687037,35.79999923706055,88.07428474970995,GUIDED
71.182349,POS,37.4274999,-122.1686946,35.79999923706055,88.87873720222326,GUIDED
71.282309,POS,37.4274999,-122.1686856,35.79999923706055,89.67434951727631,GUIDED
71.382269,POS,37.4274999,-122.1686765,35.79999923706055,90.47880197001346,GUIDED
71.482229,POS,37.4274999,-122.1686674,35.79999923706055,91.28325442285865,GUIDED
71.582189,POS,37.4274999,-122.1686584,35.79999923706055,92.0788667394875,GUIDED
71.682149,POS,37.4274999,-122.1686495,35.79999923706055,92.86563891863771,GUIDED
71.78210899999999,POS,37.4274999,-122.1686409,35.79999923706055,93.62589068765611,GUIDED
71.882069,POS,37.4274999,-122.1686326,35.79999923706055,94.35962204653134,GUIDED
71.982029,POS,37.4274999,-122.1686248,35.79999923706055,95.04915272008918,GUIDED
72.081989,POS,37.4274999,-122.1686174,35.79999923706055,95.70332284715369,GUIDED
72.181949,POS,37.4274999,-122.1686105,35.790000915527344,96.31329229013029,GUIDED
72.281909,POS,37.4274999,-122.168604,35.790000915527344,96.88790118533456,GUIDED
72.381869,POS,37.4274999,-122.1685979,35.790000915527344,97.4271495340135,GUIDED
72.48182899999999,POS,37.4274999,-122.1685922,35.790000915527344,97.9310373336463,GUIDED
72.581789,POS,37.4274999,-122.1685869,35.779998779296875,98.39956458799405,GUIDED
72.681749,POS,37.4274999,-122.1685821,35.779998779296875,98.82389115695102,GUIDED
72.78170899999999,POS,37.4274999,-122.1685777,35.779998779296875,99.21285717809641,GUIDED
72.882502,POS,37.4274998,-122.1685737,35.779998779296875,99.56646458607622,GUIDED
72.982462,POS,37.4274998,-122.1685701,35.790000915527344,99.88470950710322,GUIDED
73.082422,POS,37.4274998,-122.168567,35.790000915527344,100.15875374479936,GUIDED
73.18238199999999,POS,37.4274997,-122.1685644,35.790000915527344,100.38860045220747,GUIDED
73.282342,POS,37.4274997,-122.1685622,35.790000915527344,100.58308345352832,GUIDED
73.382302,POS,37.4274997,-122.1685604,35.790000915527344,100.74220590872848,GUIDED
73.48226199999999,POS,37.4274996,-122.1685592,35.790000915527344,100.8482919140435,GUIDED
73.582222,POS,37.4274996,-122.1685584,35.79999923706055,100.91901300341068,GUIDED
73.682182,POS,37.4274996,-122.1685581,35.79999923706055,100.94553341129775,GUIDED
73.782142,POS,37.4274995,-122.1685583,35.79999923706055,100.92785873150775,GUIDED
73.882102,POS,37.4274995,-122.1685589,35.79999923706055,100.87481791860657,GUIDED
73.982062,POS,37.4274995,-122.1685601,35.79999923706055,100.76873629157342,GUIDED
74.082022,POS,37.4274995,-122.1685618,35.79999923706055,100.61845398551652,GUIDED
74.18198199999999,POS,37.4274995,-122.1685639,35.79999923706055,100.43281113931762,GUIDED
74.281942,POS,37.4274994,-122.1685665,35.79999923706055,100.20297448295496,GUIDED
74.381902,POS,37.4274994,-122.1685696,35.79999923706055,99.92893029878469,GUIDED
74.48186199999999,POS,37.4274994,-122.1685733,35.79999923706055,99.60184530460687,GUIDED
74.581822,POS,37.4274994,-122.1685773,35.79999923706055,99.24823990766892,GUIDED
74.681782,POS,37.4274994,-122.1685818,35.79999923706055,98.85043383553976,GUIDED
74.781742,POS,37.4274994,-122.1685868,35.79999923706055,98.40842708972664,GUIDED
74.88170199999999,POS,37.4274994,-122.1685922,35.79999923706055,97.93105980487408,GUIDED
74.982495,POS,37.4274994,-122.1685981,35.79999923706055,97.40949184815508,GUIDED
75.082455,POS,37.4274994,-122.1686043,35.79999923706055,96.86140348729289,GUIDED
75.18241499999999,POS,37.4274994,-122.1686109,35.79999923706055,96.27795458823594,GUIDED
75.282375,POS,37.4274994,-122.1686179,35.79999923706055,95.65914515257789,GUIDED
75.382335,POS,37.4274994,-122.1686252,35.79999923706055,95.01381531491889,GUIDED
75.482295,POS,37.4274994,-122.1686328,35.79999923706055,94.34196507431075,GUIDED
75.582255,POS,37.4274995,-122.1686407,35.79999923706055,93.64358709154848,GUIDED
75.682215,POS,37.4274996,-122.1686488,35.79999923706055,92.92753006422102,GUIDED
75.782175,POS,37.4274996,-122.168657,35.79999923706055,92.20263892026159,GUIDED
75.88213499999999,POS,37.4274997,-122.1686654,35.79999923706055,91.46006270238885,GUIDED
75.982095,POS,37.4274997,-122.1686739,35.79999923706055,90.70865111384178,GUIDED
76.082055,POS,37.4274997,-122.1686825,35.79999923706055,89.94839939034955,GUIDED
76.18201499999999,POS,37.4274997,-122.1686911,35.79999923706055,89.18814766774291,GUIDED
76.281975,POS,37.4274998,-122.1686998,35.79999923706055,88.41905224744723,GUIDED
76.381935,POS,37.4274998,-122.1687085,35.79999923706055,87.6499603607053,GUIDED
76.481895,POS,37.4274997,-122.1687173,35.79999923706055,86.87203196123299,GUIDED
76.58185499999999,POS,37.4274997,-122.1687261,35.79999923706055,86.09409996972946,GUIDED
76.681815,POS,37.4274997,-122.1687349,35.79999923706055,85.31616797928348,GUIDED
76.781775,POS,37.4274996,-122.1687436,35.79999923706055,84.54708131329006,GUIDED
76.88173499999999,POS,37.4274996,-122.1687524,35.79999923706055,83.76914937215523,GUIDED
76.981695,POS,37.4274996,-122.1687613,35.79999923706055,82.98237729793026,GUIDED
77.082488,POS,37.4274997,-122.1687702,35.79999923706055,82.19559989426368,GUIDED
77.182448,POS,37.4274998,-122.1687792,35.79999923706055,81.39998377674462,GUIDED
77.282408,POS,37.4274998,-122.1687882,35.79999923706055,80.6043714850263,GUIDED
77.382368,POS,37.4274999,-122.1687974,35.79999923706055,79.79107653641933,GUIDED
77.482328,POS,37.4275,-122.1688066,35.79999923706055,78.97778311187372,GUIDED
77.58228799999999,POS,37.4275002,-122.1688159,35.79999923706055,78.15565344623097,GUIDED
77.682248,POS,37.4275003,-122.1688252,35.79999923706055,77.33352470306383,GUIDED
77.782208,POS,37.4275005,-122.1688345,35.79999923706055,76.51140490468558,GUIDED
77.882168,POS,37.4275006,-122.1688439,35.79999923706055,75.68044121625053,GUIDED
77.982128,POS,37.4275007,-122.1688533,35.79999923706055,74.84947938941612,GUIDED
78.082088,POS,37.4275008,-122.1688627,35.79999923706055,74.01851948558506,GUIDED
78.182048,POS,37.4275009,-122.1688721,35.79999923706055,73.18756157277707,GUIDED
78.28200799999999,POS,37.4275011,-122.1688815,35.79999923706055,72.3566236525665,GUIDED
78.381968,POS,37.4275011,-122.1688909,35.79999923706055,71.52565199370032,GUIDED
78.481928,POS,37.4275011,-122.1689003,35.79999923706055,70.69468036187693,GUIDED
78.58188799999999,POS,37.4275011,-122.1689097,35.79999923706055,69.86370876061864,GUIDED
78.681848,POS,37.4275011,-122.1689191,35.79999923706055,69.03273718972761,GUIDED
78.781808,POS,37.4275011,-122.1689284,35.79999923706055,68.21060577238268,GUIDED
78.881768,POS,37.427501,-122.1689378,35.79999923706055,67.37961499933004,GUIDED
78.981728,POS,37.4275009,-122.1689471,35.80999755859375,66.55746576516677,GUIDED
79.081688,POS,37.4275008,-122.1689564,35.80999755859375,65.73531800102558,GUIDED
79.182481,POS,37.4275007,-122.1689657,35.80999755859375,64.91317176280417,GUIDED
79.28244099999999,POS,37.4275006,-122.1689751,35.80999755859375,64.08218697772146,GUIDED
79.382401,POS,37.4275005,-122.1689845,35.80999755859375,63.25120383637105,GUIDED
79.482361,POS,37.4275004,-122.168994,35.80999755859375,62.41138226908153,GUIDED
79.582321,POS,37.4275004,-122.1690034,35.80999755859375,61.58040961689965,GUIDED
79.682281,POS,37.4275003,-122.1690128,35.80999755859375,60.749429870390536,GUIDED
79.782241,POS,37.4275003,-122.1690222,35.80999755859375,59.91845713061169,GUIDED
79.882201,POS,37.4275002,-122.1690316,35.79999923706055,59.08747919079027,GUIDED
79.98216099999999,POS,37.4275002,-122.169041,35.79999923706055,58.256506381726815,GUIDED
80.082121,POS,37.4275002,-122.1690504,35.79999923706055,57.42553357565102,GUIDED
80.182081,POS,37.4275002,-122.1690598,35.79999923706055,56.594560771382895,GUIDED
80.28204099999999,POS,37.4275003,-122.1690691,35.79999923706055,55.77243362214752,GUIDED
80.382001,POS,37.4275003,-122.1690785,35.79999923706055,54.94146090628915,GUIDED
80.481961,POS,37.4275003,-122.1690878,35.79999923706055,54.11932832975462,GUIDED
80.581921,POS,37.4275003,-122.1690971,35.79999923706055,53.29719575797671,GUIDED
80.68188099999999,POS,37.4275003,-122.1691064,35.79999923706055,52.475063191179025,GUIDED
80.781841,POS,37.4275003,-122.1691155,35.79999923706055,51.67061089988685,GUIDED
80.881801,POS,37.4275003,-122.1691247,35.79999923706055,50.857318479370605,GUIDED
80.98176099999999,POS,37.4275003,-122.1691339,35.79999923706055,50.04402606320755,GUIDED
81.081721,POS,37.4275003,-122.169143,35.79999923706055,49.2395737885173,GUIDED
81.181681,POS,37.4275003,-122.1691521,35.79999923706055,48.43512151987416,GUIDED
81.282474,POS,37.4275003,-122.1691612,35.79999923706055,47.63066925758459,GUIDED
81.382434,POS,37.4275002,-122.1691704,35.79999923706055,46.817370281912666,GUIDED
81.482394,POS,37.4275002,-122.1691796,35.79999923706055,46.00407778059771,GUIDED
81.582354,POS,37.4275002,-122.1691889,35.79999923706055,45.18194514861193,GUIDED
81.68231399999999,POS,37.4275001,-122.1691981,35.79999923706055,44.368648494437046,GUIDED
81.782274,POS,37.4275001,-122.1692073,35.79999923706055,43.555355926323806,GUIDED
81.882234,POS,37.4275,-122.1692165,35.79999923706055,42.742061936863244,GUIDED
81.98219399999999,POS,37.4275,-122.1692257,35.79999923706055,41.9287693421306,GUIDED
82.082154,POS,37.4275,-122.1692349,35.79999923706055,41.115476746141596,GUIDED
82.182114,POS,37.4275,-122.169244,35.79999923706055,40.31102428778914,GUIDED
82.282074,POS,37.4274999,-122.1692532,35.79999923706055,39.49773328813675,GUIDED
82.38203399999999,POS,37.4274999,-122.1692623,35.79999923706055,38.69328086186093,GUIDED
82.481994,POS,37.4274999,-122.1692715,35.79999923706055,37.87998830096526,GUIDED
82.581954,POS,37.4274999,-122.1692806,35.79999923706055,37.07553587756595,GUIDED
82.68191399999999,POS,37.4274999,-122.1692898,35.79999923706055,36.26224331851474,GUIDED
82.781874,POS,37.4274999,-122.1692989,35.79999923706055,35.45779089839007,GUIDED
82.881834,POS,37.4274999,-122.169308,35.79999923706055,34.653338480065145,GUIDED
82.981794,POS,37.4274999,-122.169317,35.79999923706055,33.85772619957666,GUIDED
83.081754,POS,37.4274999,-122.1693261,35.79999923706055,33.05327378522516,GUIDED
83.181714,POS,37.4274999,-122.1693351,35.79999923706055,32.25766151021168,GUIDED
83.281674,POS,37.4274999,-122.1693441,35.79999923706055,31.46204923628022,GUIDED
83.38246699999999,POS,37.4274999,-122.1693531,35.79999923706055,30.666436966125303,GUIDED
83.482427,POS,37.4274999,-122.1693621,35.79999923706055,29.870824697435804,GUIDED
83.582387,POS,37.4274999,-122.1693712,35.79999923706055,29.066372295953254,GUIDED
83.682347,POS,37.4274999,-122.1693803,35.79999923706055,28.261919897738785,GUIDED
83.782307,POS,37.4274999,-122.1693894,35.79999923706055,27.457467503079673,GUIDED
83.882267,POS,37.4274999,-122.1693985,35.79999923706055,26.65301511229784,GUIDED
83.982227,POS,37.4274999,-122.1694077,35.79999923706055,25.839722590189073,GUIDED
84.08218699999999,POS,37.4274999,-122.1694168,35.79999923706055,25.035270208347885,GUIDED
84.182147,POS,37.4274999,-122.1694259,35.79999923706055,24.230817831622698,GUIDED
84.282107,POS,37.4274999,-122.169435,35.79999923706055,23.426365460540566,GUIDED
84.38206699999999,POS,37.4274999,-122.1694441,35.79999923706055,22.621913094447233,GUIDED
84.482027,POS,37.4274999,-122.1694533,35.79999923706055,21.808620601310903,GUIDED
84.581987,POS,37.4274999,-122.1694624,35.79999923706055,21.004168251232034,GUIDED
84.681947,POS,37.4274999,-122.1694715,35.79999923706055,20.199715909820025,GUIDED
84.781907,POS,37.4274999,-122.1694806,35.79999923706055,19.3952635781533,GUIDED
84.881867,POS,37.4274999,-122.1694896,35.79999923706055,18.59965139229921,GUIDED
84.981827,POS,37.4274999,-122.1694986,35.79999923706055,17.80403921991445,GUIDED
85.08178699999999,POS,37.4274999,-122.1695077,35.79999923706055,16.99958692570849,GUIDED
85.181747,POS,37.4274999,-122.1695166,35.79999923706055,16.21281491771991,GUIDED
85.281707,POS,37.4274999,-122.1695256,35.79999923706055,15.417202792434006,GUIDED
85.3825,POS,37.4274999,-122.1695346,35.79999923706055,14.621590688610894,GUIDED
85.48246,POS,37.4274999,-122.1695436,35.79999923706055,13.825978611212044,GUIDED
85.58242,POS,37.4274999,-122.1695526,35.79999923706055,13.03036656233509,GUIDED
85.68238,POS,37.4274999,-122.1695617,35.79999923706055,12.225914416321118,GUIDED
85.78233999999999,POS,37.4274999,-122.1695707,35.79999923706055,11.430302447828206,GUIDED
85.8823,POS,37.4274999,-122.1695798,35.79999923706055,10.625850399321289,GUIDED
85.98226,POS,37.4274999,-122.1695889,35.79999923706055,9.821398418042072,GUIDED
86.08221999999999,POS,37.4274999,-122.1695979,35.79999923706055,9.025786651639972,LAND
86.18218,POS,37.4274999,-122.169607,35.79999923706055,8.22133486446381,LAND
86.28214,POS,37.4274999,-122.169616,35.79999923706055,7.425723349440465,LAND
86.3821,POS,37.4274999,-122.1696249,35.790000915527344,6.638952153411323,LAND
86.48205999999999,POS,37.4274999,-122.1696335,35.77000045776367,5.878701585913311,LAND
86.58202,POS,37.4274999,-122.1696417,35.73999786376953,5.153811841958389,LAND
86.68198,POS,37.4274999,-122.1696496,35.70000076293945,4.455442910411864,LAND
86.78193999999999,POS,37.4274999,-122.169657,35.64999771118164,3.80127517210717,LAND
86.8819,POS,37.4274999,-122.1696639,35.59000015258789,3.191308840489822,LAND
86.98186,POS,37.4274999,-122.1696705,35.5099983215332,2.6078641488085625,LAND
87.08182,POS,37.4274999,-122.1696767,35.43000030517578,2.059781982268103,LAND
87.18178,POS,37.4274999,-122.1696824,35.32999801635742,1.5559039200681015,LAND
87.28174,POS,37.4274999,-122.1696878,35.21999740600586,1.0785541521428554,LAND
87.3817,POS,37.4274999,-122.1696927,35.11000061035156,0.64542600112382,LAND
87.48249299999999,POS,37.4274999,-122.1696973,34.97999954223633,0.23894314752279108,LAND
87.582453,POS,37.4275,-122.1697014,34.84000015258789,0.12376191560699028,LAND
87.682413,POS,37.4275,-122.1697051,34.70000076293945,0.450846981782186,LAND
87.78237299999999,POS,37.4275,-122.1697083,34.54999923706055,0.7337313622865705,LAND
87.882333,POS,37.4275001,-122.169711,34.38999938964844,0.9724787746940996,LAND
87.982293,POS,37.4275001,-122.1697133,34.23999786376953,1.175790904653097,LAND
88.082253,POS,37.4275001,-122.1697151,34.07999801635742,1.3349070878264089,LAND
88.18221299999999,POS,37.4275002,-122.1697166,33.91999816894531,1.467631604689465,LAND
88.282173,POS,37.4275002,-122.1697177,33.77000045776367,1.5648626167045618,LAND
88.382133,POS,37.4275003,-122.1697186,33.61000061035156,1.644604568329479,LAND
88.48209299999999,POS,37.4275003,-122.1697192,33.45000076293945,1.6976347952287751,LAND
88.582053,POS,37.4275003,-122.1697198,33.29999923706055,1.7506656628151789,LAND
88.682013,POS,37.4275003,-122.1697202,33.13999938964844,1.7860199037738134,LAND
88.781973,POS,37.4275003,-122.1697204,32.98999786376953,1.803697116979033,LAND
88.881933,POS,37.4275004,-122.1697206,32.84000015258789,1.8216125012477227,LAND
88.981893,POS,37.4275004,-122.1697207,32.68000030517578,1.830450008898161,LAND
89.081853,POS,37.4275004,-122.1697207,32.529998779296875,1.830450008898161,LAND
89.18181299999999,POS,37.4275004,-122.1697207,32.380001068115234,1.830450008898161,LAND
89.281773,POS,37.4275003,-122.1697206,32.22999954223633,1.821374389601672,LAND
89.381733,POS,37.4275004,-122.1697205,32.07999801635742,1.812775017975769,LAND
89.48169299999999,POS,37.4275004,-122.1697203,31.92999839782715,1.7951001311052588,LAND
89.582486,POS,37.4275004,-122.1697201,31.779998779296875,1.777425352646601,LAND
89.682446,POS,37.4275004,-122.1697198,31.6299991607666,1.7509133904629899,LAND
89.782406,POS,37.4275003,-122.1697195,31.479999542236328,1.7241501524812,LAND
89.88236599999999,POS,37.4275003,-122.1697192,31.329999923706055,1.6976347952287751,LAND
89.982326,POS,37.4275003,-122.1697188,31.17999839782715,1.6622812355097474,LAND
90.082286,POS,37.4275003,-122.1697184,31.029998779296875,1.6269279795334233,LAND
90.18224599999999,POS,37.4275002,-122.1697181,30.8799991607666,1.600219663523786,LAND
90.282206,POS,37.4275002,-122.1697177,30.729999542236328,1.5648626167045618,LAND
90.382166,POS,37.4275001,-122.1697173,30.579999923706055,1.5293841969100326,LAND
90.482126,POS,37.4275001,-122.1697169,30.42999839782715,1.4940246077766468,LAND
90.582086,POS,37.4275001,-122.1697165,30.279998779296875,1.458665066388513,LAND
90.682046,POS,37.4275,-122.1697161,30.1299991607666,1.4232620414148471,LAND
90.782006,POS,37.4275,-122.1697157,29.979999542236328,1.387901493380702,LAND
90.88196599999999,POS,37.4274999,-122.1697154,29.829999923706055,1.361426595844728,LAND
90.981926,POS,37.4274999,-122.169715,29.67999839782715,1.3260672613968336,LAND
91.081886,POS,37.4274999,-122.1697147,29.529998779296875,1.299547804529896,LAND
91.181846,POS,37.4274998,-122.1697143,29.3799991607666,1.2643356177691358,LAND
91.281806,POS,37.4274998,-122.169714,29.229999542236328,1.237819407511528,LAND
91.381766,POS,37.4274997,-122.1697137,29.079999923706055,1.211559113138514,LAND
91.481726,POS,37.4274997,-122.1697134,28.93000030517578,1.1850490050942044,LAND
91.58168599999999,POS,37.4274997,-122.1697131,28.779998779296875,1.1585393673724869,LAND
91.682479,POS,37.4274997,-122.1697128,28.6299991607666,1.132030235614815,LAND
91.782439,POS,37.4274997,-122.1697126,28.479999542236328,1.1143577788718526,LAND
91.88239899999999,POS,37.4274996,-122.1697124,28.329999923706055,1.0970809870546736,LAND
91.982359,POS,37.4274996,-122.1697121,28.18000030517578,1.0705829708688483,LAND
92.082319,POS,37.4274996,-122.1697119,28.029998779296875,1.0529182527917964,LAND
92.182279,POS,37.4274996,-122.1697118,27.8799991607666,1.0440860918596222,LAND
92.28223899999999,POS,37.4274996,-122.1697116,27.729999542236328,1.0264221806903897,LAND
92.382199,POS,37.4274994,-122.1697114,27.579999923706055,1.0099865402396406,LAND
92.482159,POS,37.4274994,-122.1697113,27.43000030517578,1.001165926173708,LAND
92.58211899999999,POS,37.4274994,-122.1697112,27.279998779296875,0.9923456582931909,LAND
92.682079,POS,37.4274994,-122.169711,27.149999618530273,0.9747062050835172,LAND
92.782039,POS,37.4274994,-122.1697109,27.01999855041504,0.9658870369718948,LAND
92.881999,POS,37.4274994,-122.1697109,26.899999618530273,0.9658870369718948,LAND
92.981959,POS,37.4274994,-122.1697108,26.78999900817871,0.9570682570325341,LAND
93.081919,POS,37.4274994,-122.1697107,26.69999885559082,0.9482498735540978,LAND
93.181879,POS,37.4274994,-122.1697106,26.60999870300293,0.939431900242866,LAND
93.28183899999999,POS,37.4274994,-122.1697106,26.53999900817871,0.939431900242866,LAND
93.381799,POS,37.4274994,-122.1697105,26.479999542236328,0.9306143462165339,LAND
93.481759,POS,37.4274994,-122.1697105,26.420000076293945,0.9306143462165339,LAND
93.58171899999999,POS,37.4274994,-122.1697104,26.3799991607666,0.921797226049308,LAND
93.681679,POS,37.4274994,-122.1697104,26.329999923706055,0.921797226049308,LAND
93.782472,POS,37.4274994,-122.1697103,26.28999900817871,0.9129805510218016,LAND
93.882432,POS,37.4274994,-122.1697103,26.25,0.9129805510218016,LAND
93.98239199999999,POS,37.4274994,-122.1697103,26.209999084472656,0.9129805510218016,LAND
94.082352,POS,37.4274994,-122.1697102,26.170000076293945,0.9041643329031088,LAND
94.182312,POS,37.4274994,-122.1697102,26.1299991607666,0.9041643329031088,LAND
94.28227199999999,POS,37.4274994,-122.1697102,26.079999923706055,0.9041643329031088,LAND
94.382232,POS,37.4274994,-122.1697102,26.03999900817871,0.9041643329031088,LAND
94.482192,POS,37.4274995,-122.1697101,25.989999771118164,0.8945870384055309,LAND
94.582152,POS,37.4274995,-122.1697101,25.94999885559082,0.8945870384055309,LAND
94.682112,POS,37.4274995,-122.1697101,25.899999618530273,0.8945870384055309,LAND
94.782072,POS,37.4274995,-122.1697101,25.849998474121094,0.8945870384055309,LAND
94.882032,POS,37.4274995,-122.1697101,25.799999237060547,0.8945870384055309,LAND
94.98199199999999,POS,37.4274995,-122.16971,25.75,0.885764198739285,LAND
95.081952,POS,37.4274995,-122.16971,25.69999885559082,0.885764198739285,LAND
95.181912,POS,37.4274995,-122.16971,25.649999618530273,0.885764198739285,LAND
95.28187199999999,POS,37.4274995,-122.16971,25.599998474121094,0.885764198739285,LAND
95.381832,POS,37.4274995,-122.16971,25.549999237060547,0.885764198739285,LAND
95.481792,POS,37.4274995,-122.1697099,25.5,0.876941708735603,LAND
95.581752,POS,37.4274996,-122.1697099,25.44999885559082,0.8763055842263499,LAND
95.68171199999999,POS,37.4274996,-122.1697099,25.399999618530273,0.8763055842263499,LAND
95.782505,POS,37.4274996,-122.1697099,25.350000381469727,0.8763055842263499,LAND
95.882465,POS,37.4274996,-122.1697099,25.299999237060547,0.8763055842263499,LAND
95.98242499999999,POS,37.4274996,-122.1697098,25.25,0.8674769839841355,LAND
96.082385,POS,37.4274996,-122.1697098,25.19999885559082,0.8674769839841355,LAND
96.182345,POS,37.4274996,-122.1697098,25.149999618530273,0.8674769839841355,LAND
96.282305,POS,37.4274996,-122.1697098,25.09000015258789,0.8674769839841355,LAND
96.382265,POS,37.4274996,-122.1697098,25.03999900817871,0.8674769839841355,LAND
96.482225,POS,37.4274996,-122.1697097,24.989999771118164,0.8586486198713397,LAND
96.582185,POS,37.4274996,-122.1697097,24.939998626708984,0.8586486198713397,LAND
96.68214499999999,POS,37.4274996,-122.1697097,24.889999389648438,0.8586486198713397,LAND
96.782105,POS,37.4274996,-122.1697097,24.84000015258789,0.8586486198713397,LAND
96.882065,POS,37.4274996,-122.1697097,24.78999900817871,0.8586486198713397,LAND
96.982025,POS,37.4274997,-122.1697097,24.739999771118164,0.8581433501300304,LAND
97.081985,POS,37.4274997,-122.1697097,24.689998626708984,0.8581433501300304,LAND
97.181945,POS,37.4274997,-122.1697096,24.639999389648438,0.8493099800763229,LAND
97.281905,POS,37.4274997,-122.1697096,24.59000015258789,0.8493099800763229,LAND
97.38186499999999,POS,37.4274997,-122.1697096,24.53999900817871,0.8493099800763229,LAND
97.481825,POS,37.4274997,-122.1697096,24.489999771118164,0.8493099800763229,LAND
97.581785,POS,37.4274997,-122.1697096,24.439998626708984,0.8493099800763229,LAND
97.68174499999999,POS,37.4274997,-122.1697096,24.389999389648438,0.8493099800763229,LAND
97.781705,POS,37.4274997,-122.1697096,24.34000015258789,0.8493099800763229,LAND
97.882498,POS,37.4274997,-122.1697096,24.28999900817871,0.8493099800763229,LAND
97.982458,POS,37.4274997,-122.1697096,24.239999771118164,0.8493099800763229,LAND
98.08241799999999,POS,37.4274997,-122.1697095,24.189998626708984,0.8404767510497392,LAND
98.182378,POS,37.4274998,-122.1697095,24.139999389648438,0.8401080684334884,LAND
98.282338,POS,37.4274998,-122.1697095,24.09000015258789,0.8401080684334884,LAND
98.38229799999999,POS,37.4274998,-122.1697095,24.03999900817871,0.8401080684334884,LAND
98.482258,POS,37.4274998,-122.1697095,23.989999771118164,0.8401080684334884,LAND
98.582218,POS,37.4274998,-122.1697095,23.939998626708984,0.8401080684334884,LAND
98.682178,POS,37.4274998,-122.1697095,23.889999389648438,0.8401080684334884,LAND
98.782138,POS,37.4274998,-122.1697095,23.84000015258789,0.8401080684334884,LAND
98.882098,POS,37.4274998,-122.1697095,23.779998779296875,0.8401080684334884,LAND
98.982058,POS,37.4274998,-122.1697095,23.729999542236328,0.8401080684334884,LAND
99.08201799999999,POS,37.4274998,-122.1697095,23.68000030517578,0.8401080684334884,LAND
99.181978,POS,37.4274998,-122.1697095,23.6299991607666,0.8401080684334884,LAND
99.281938,POS,37.4274998,-122.1697095,23.579999923706055,0.8401080684334884,LAND
99.38189799999999,POS,37.4274998,-122.1697094,23.529998779296875,0.8312710698803295,LAND
99.481858,POS,37.4274998,-122.1697094,23.479999542236328,0.8312710698803295,LAND
99.581818,POS,37.4274998,-122.1697094,23.43000030517578,0.8312710698803295,LAND
99.681778,POS,37.4274998,-122.1697094,23.3799991607666,0.8312710698803295,LAND
99.78173799999999,POS,37.4274998,-122.1697094,23.329999923706055,0.8312710698803295,LAND
99.881698,POS,37.4274998,-122.1697094,23.279998779296875,0.8312710698803295,LAND
99.982491,POS,37.4274998,-122.1697094,23.229999542236328,0.8312710698803295,LAND
100.08245099999999,POS,37.4274998,-122.1697094,23.18000030517578,0.8312710698803295,LAND
100.182411,POS,37.4274998,-122.1697094,23.1299991607666,0.8312710698803295,LAND
100.282371,POS,37.4274998,-122.1697094,23.079999923706055,0.8312710698803295,LAND
100.382331,POS,37.4274998,-122.1697094,23.029998779296875,0.8312710698803295,LAND
100.482291,POS,37.4274998,-122.1697094,22.979999542236328,0.8312710698803295,LAND
100.582251,POS,37.4274998,-122.1697094,22.93000030517578,0.8312710698803295,LAND
100.682211,POS,37.4274998,-122.1697094,22.8799991607666,0.8312710698803295,LAND
100.78217099999999,POS,37.4274998,-122.1697094,22.829999923706055,0.8312710698803295,LAND
100.882131,POS,37.4274998,-122.1697094,22.779998779296875,0.8312710698803295,LAND
100.982091,POS,37.4274998,-122.1697094,22.729999542236328,0.8312710698803295,LAND
101.08205099999999,POS,37.4274998,-122.1697094,22.68000030517578,0.8312710698803295,LAND
101.182011,POS,37.4274998,-122.1697094,22.6299991607666,0.8312710698803295,LAND
101.281971,POS,37.4274998,-122.1697094,22.579999923706055,0.8312710698803295,LAND
101.381931,POS,37.4274998,-122.1697094,22.529998779296875,0.8312710698803295,LAND
101.48189099999999,POS,37.4274998,-122.1697094,22.479999542236328,0.8312710698803295,LAND
101.581851,POS,37.4274998,-122.1697094,22.43000030517578,0.8312710698803295,LAND
101.681811,POS,37.4274998,-122.1697094,22.3799991607666,0.8312710698803295,LAND
101.78177099999999,POS,37.4274998,-122.1697094,22.329999923706055,0.8312710698803295,LAND
101.881731,POS,37.4274998,-122.1697094,22.279998779296875,0.8312710698803295,LAND
101.981691,POS,37.4274998,-122.1697094,22.229999542236328,0.8312710698803295,LAND
102.082484,POS,37.4274998,-122.1697094,22.18000030517578,0.8312710698803295,LAND
102.182444,POS,37.4274998,-122.1697094,22.1299991607666,0.8312710698803295,LAND
102.282404,POS,37.4274998,-122.1697094,22.079999923706055,0.8312710698803295,LAND
102.382364,POS,37.4274998,-122.1697094,22.029998779296875,0.8312710698803295,LAND
102.48232399999999,POS,37.4274998,-122.1697094,21.979999542236328,0.8312710698803295,LAND
102.582284,POS,37.4274998,-122.1697094,21.93000030517578,0.8312710698803295,LAND
102.682244,POS,37.4274998,-122.1697094,21.8799991607666,0.8312710698803295,LAND
102.782204,POS,37.4274998,-122.1697094,21.829999923706055,0.8312710698803295,LAND
102.882164,POS,37.4274998,-122.1697094,21.779998779296875,0.8312710698803295,LAND
102.982124,POS,37.4274998,-122.1697094,21.729999542236328,0.8312710698803295,LAND
103.082084,POS,37.4274998,-122.1697094,21.68000030517578,0.8312710698803295,LAND
103.18204399999999,POS,37.4274998,-122.1697094,21.6299991607666,0.8312710698803295,LAND
103.282004,POS,37.4274998,-122.1697094,21.579999923706055,0.8312710698803295,LAND
103.381964,POS,37.4274998,-122.1697094,21.529998779296875,0.8312710698803295,LAND
103.48192399999999,POS,37.4274998,-122.1697094,21.479999542236328,0.8312710698803295,LAND
103.581884,POS,37.4274998,-122.1697094,21.43000030517578,0.8312710698803295,LAND
103.681844,POS,37.4274998,-122.1697094,21.3799991607666,0.8312710698803295,LAND
103.781804,POS,37.4274998,-122.1697094,21.329999923706055,0.8312710698803295,LAND
103.88176399999999,POS,37.4274998,-122.1697094,21.279998779296875,0.8312710698803295,LAND
103.981724,POS,37.4274998,-122.1697094,21.229999542236328,0.8312710698803295,LAND
104.081684,POS,37.4274998,-122.1697094,21.18000030517578,0.8312710698803295,LAND
104.18247699999999,POS,37.4274998,-122.1697094,21.1299991607666,0.8312710698803295,LAND
104.282437,POS,37.4274998,-122.1697094,21.079999923706055,0.8312710698803295,LAND
104.382397,POS,37.4274998,-122.1697094,21.029998779296875,0.8312710698803295,LAND
104.482357,POS,37.4274998,-122.1697094,20.969999313354492,0.8312710698803295,LAND
104.582317,POS,37.4274998,-122.1697094,20.920000076293945,0.8312710698803295,LAND
104.682277,POS,37.4274998,-122.1697094,20.869998931884766,0.8312710698803295,LAND
104.782237,POS,37.4274998,-122.1697094,20.81999969482422,0.8312710698803295,LAND
104.88219699999999,POS,37.4274998,-122.1697094,20.770000457763672,0.8312710698803295,LAND
104.982157,POS,37.4274998,-122.1697094,20.719999313354492,0.8312710698803295,LAND
105.082117,POS,37.4274998,-122.1697094,20.670000076293945,0.8312710698803295,LAND
105.18207699999999,POS,37.4274998,-122.1697094,20.619998931884766,0.8312710698803295,LAND
105.282037,POS,37.4274998,-122.1697094,20.56999969482422,0.8312710698803295,LAND
105.381997,POS,37.4274998,-122.1697094,20.520000457763672,0.8312710698803295,LAND
105.481957,POS,37.4274998,-122.1697094,20.469999313354492,0.8312710698803295,LAND
105.58191699999999,POS,37.4274998,-122.1697094,20.420000076293945,0.8312710698803295,LAND
105.681877,POS,37.4274998,-122.1697094,20.369998931884766,0.8312710698803295,LAND
105.781837,POS,37.4274998,-122.1697094,20.31999969482422,0.8312710698803295,LAND
105.88179699999999,POS,37.4274998,-122.1697093,20.270000457763672,0.8224341375150789,LAND
105.981757,POS,37.4274998,-122.1697094,20.219999313354492,0.8312710698803295,LAND
106.081717,POS,37.4274998,-122.1697093,20.170000076293945,0.8224341375150789,LAND
106.181677,POS,37.4274998,-122.1697093,20.119998931884766,0.8224341375150789,LAND
106.28247,POS,37.4274998,-122.1697093,20.06999969482422,0.8224341375150789,LAND
106.38243,POS,37.4274998,-122.1697093,20.020000457763672,0.8224341375150789,LAND
106.48239,POS,37.4274998,-122.1697093,19.969999313354492,0.8224341375150789,LAND
106.58234999999999,POS,37.4274998,-122.1697093,19.920000076293945,0.8224341375150789,LAND
106.68231,POS,37.4274998,-122.1697093,19.869998931884766,0.8224341375150789,LAND
106.78227,POS,37.4274998,-122.1697093,19.81999969482422,0.8224341375150789,LAND
106.88222999999999,POS,37.4274998,-122.1697093,19.770000457763672,0.8224341375150789,LAND
106.98219,POS,37.4274998,-122.1697093,19.719999313354492,0.8224341375150789,LAND
107.08215,POS,37.4274998,-122.1697093,19.670000076293945,0.8224341375150789,LAND
107.18211,POS,37.4274998,-122.1697093,19.619998931884766,0.8224341375150789,LAND
107.28206999999999,POS,37.4274998,-122.1697093,19.56999969482422,0.8224341375150789,LAND
107.38203,POS,37.4274998,-122.1697093,19.520000457763672,0.8224341375150789,LAND
107.48199,POS,37.4274998,-122.1697093,19.469999313354492,0.8224341375150789,LAND
107.58194999999999,POS,37.4274998,-122.1697093,19.420000076293945,0.8224341375150789,LAND
107.68191,POS,37.4274998,-122.1697093,19.369998931884766,0.8224341375150789,LAND
107.78187,POS,37.4274998,-122.1697093,19.31999969482422,0.8224341375150789,LAND
107.88183,POS,37.4274998,-122.1697093,19.270000457763672,0.8224341375150789,LAND
107.98179,POS,37.4274998,-122.1697093,19.219999313354492,0.8224341375150789,LAND
108.08175,POS,37.4274998,-122.1697093,19.170000076293945,0.8224341375150789,LAND
108.18171,POS,37.4274998,-122.1697093,19.119998931884766,0.8224341375150789,LAND
108.28250299999999,POS,37.4274998,-122.1697093,19.06999969482422,0.8224341375150789,LAND
108.382463,POS,37.4274998,-122.1697093,19.020000457763672,0.8224341375150789,LAND
108.482423,POS,37.4274998,-122.1697093,18.969999313354492,0.8224341375150789,LAND
108.582383,POS,37.4274998,-122.1697093,18.920000076293945,0.8224341375150789,LAND
108.682343,POS,37.4274998,-122.1697093,18.869998931884766,0.8224341375150789,LAND
108.782303,POS,37.4274998,-122.1697093,18.81999969482422,0.8224341375150789,LAND
108.882263,POS,37.4274998,-122.1697093,18.770000457763672,0.8224341375150789,LAND
108.98222299999999,POS,37.4274998,-122.1697093,18.719999313354492,0.8224341375150789,LAND
109.082183,POS,37.4274998,-122.1697093,18.670000076293945,0.8224341375150789,LAND
109.182143,POS,37.4274998,-122.1697093,18.619998931884766,0.8224341375150789,LAND
109.28210299999999,POS,37.4274998,-122.1697093,18.56999969482422,0.8224341375150789,LAND
109.382063,POS,37.4274998,-122.1697093,18.520000457763672,0.8224341375150789,LAND
109.482023,POS,37.4274998,-122.1697093,18.469999313354492,0.8224341375150789,LAND
109.581983,POS,37.4274998,-122.1697093,18.420000076293945,0.8224341375150789,LAND
109.68194299999999,POS,37.4274998,-122.1697093,18.369998931884766,0.8224341375150789,LAND
109.781903,POS,37.4274998,-122.1697093,18.31999969482422,0.8224341375150789,LAND
109.881863,POS,37.4274998,-122.1697093,18.270000457763672,0.8224341375150789,LAND
109.98182299999999,POS,37.4274998,-122.1697093,18.219999313354492,0.8224341375150789,LAND
110.081783,POS,37.4274998,-122.1697093,18.170000076293945,0.8224341375150789,LAND
110.181743,POS,37.4274998,-122.1697093,18.119998931884766,0.8224341375150789,LAND
110.281703,POS,37.4274998,-122.1697093,18.06999969482422,0.8224341375150789,LAND
110.382496,POS,37.4274998,-122.1697093,18.020000457763672,0.8224341375150789,LAND
110.482456,POS,37.4274998,-122.1697093,17.969999313354492,0.8224341375150789,LAND
110.582416,POS,37.4274998,-122.1697093,17.920000076293945,0.8224341375150789,LAND
110.68237599999999,POS,37.4274998,-122.1697093,17.869998931884766,0.8224341375150789,LAND
110.782336,POS,37.4274998,-122.1697093,17.81999969482422,0.8224341375150789,LAND
110.882296,POS,37.4274998,-122.1697093,17.770000457763672,0.8224341375150789,LAND
110.98225599999999,POS,37.4274998,-122.1697093,17.719999313354492,0.8224341375150789,LAND
111.082216,POS,37.4274998,-122.1697093,17.670000076293945,0.8224341375150789,LAND
111.182176,POS,37.4274998,-122.1697093,17.619998931884766,0.8224341375150789,LAND
111.282136,POS,37.4274998,-122.1697093,17.56999969482422,0.8224341375150789,LAND
111.38209599999999,POS,37.4274998,-122.1697093,17.520000457763672,0.8224341375150789,LAND
111.482056,POS,37.4274998,-122.1697093,17.469999313354492,0.8224341375150789,LAND
111.582016,POS,37.4274998,-122.1697093,17.420000076293945,0.8224341375150789,LAND
111.68197599999999,POS,37.4274998,-122.1697093,17.369998931884766,0.8224341375150789,LAND
111.781936,POS,37.4274998,-122.1697093,17.31999969482422,0.8224341375150789,LAND
111.881896,POS,37.4274998,-122.1697093,17.270000457763672,0.8224341375150789,LAND
111.981856,POS,37.4274998,-122.1697093,17.219999313354492,0.8224341375150789,LAND
112.081816,POS,37.4274998,-122.1697093,17.170000076293945,0.8224341375150789,LAND
112.181776,POS,37.4274998,-122.1697093,17.119998931884766,0.8224341375150789,LAND
112.281736,POS,37.4274998,-122.1697093,17.06999969482422,0.8224341375150789,LAND
112.38169599999999,POS,37.4274998,-122.1697093,17.020000457763672,0.8224341375150789,LAND
112.482489,POS,37.4274998,-122.1697093,16.969999313354492,0.8224341375150789,LAND
112.582449,POS,37.4274998,-122.1697093,16.920000076293945,0.8224341375150789,LAND
112.68240899999999,POS,37.4274998,-122.1697093,16.869998931884766,0.8224341375150789,LAND
112.782369,POS,37.4274998,-122.1697093,16.81999969482422,0.8224341375150789,LAND
112.882329,POS,37.4274998,-122.1697093,16.770000457763672,0.8224341375150789,LAND
112.982289,POS,37.4274998,-122.1697093,16.719999313354492,0.8224341375150789,LAND
113.08224899999999,POS,37.4274998,-122.1697093,16.670000076293945,0.8224341375150789,LAND
113.182209,POS,37.4274998,-122.1697093,16.619998931884766,0.8224341375150789,LAND
113.282169,POS,37.4274998,-122.1697093,16.56999969482422,0.8224341375150789,LAND
113.38212899999999,POS,37.4274998,-122.1697093,16.520000457763672,0.8224341375150789,LAND
113.482089,POS,37.4274998,-122.1697093,16.469999313354492,0.8224341375150789,LAND
113.582049,POS,37.4274998,-122.1697093,16.420000076293945,0.8224341375150789,LAND
113.682009,POS,37.4274998,-122.1697093,16.369998931884766,0.8224341375150789,LAND
113.781969,POS,37.4274998,-122.1697093,16.31999969482422,0.8224341375150789,LAND
113.881929,POS,37.4274998,-122.1697093,16.270000457763672,0.8224341375150789,LAND
113.981889,POS,37.4274998,-122.1697093,16.219999313354492,0.8224341375150789,LAND
114.08184899999999,POS,37.4274998,-122.1697093,16.170000076293945,0.8224341375150789,LAND
114.181809,POS,37.4274998,-122.1697093,16.149999618530273,0.8224341375150789,LAND
114.281769,POS,37.4274998,-122.1697093,16.149999618530273,0.8224341375150789,LAND
114.38172899999999,POS,37.4274998,-122.1697093,16.149999618530273,0.8224341375150789,LAND
114.481689,POS,37.4274998,-122.1697093,16.15999984741211,0.8224341375150789,LAND
114.582482,POS,37.4274998,-122.1697093,16.149999618530273,0.8224341375150789,LAND
114.682442,POS,37.4274998,-122.1697093,16.149999618530273,0.8224341375150789,LAND
114.78240199999999,POS,37.4274998,-122.1697093,16.139999389648438,0.8224341375150789,LAND
114.882362,POS,37.4274998,-122.1697093,16.139999389648438,0.8224341375150789,LAND
114.982322,POS,37.4274998,-122.1697093,16.1299991607666,0.8224341375150789,LAND
115.08228199999999,POS,37.4274998,-122.1697093,16.1299991607666,0.8224341375150789,LAND
115.182242,POS,37.4274998,-122.1697093,16.1299991607666,0.8224341375150789,LAND
115.282202,POS,37.4274998,-122.1697093,16.1299991607666,0.8224341375150789,LAND
115.382162,POS,37.4274998,-122.1697093,16.1299991607666,0.8224341375150789,LAND
115.482122,POS,37.4274998,-122.1697093,16.1299991607666,0.8224341375150789,LAND
115.582082,POS,37.4274998,-122.1697093,16.119998931884766,0.8224341375150789,LAND
115.682042,POS,37.4274998,-122.1697093,16.119998931884766,0.8224341375150789,LAND
115.78200199999999,POS,37.4274998,-122.1697093,16.119998931884766,0.8224341375150789,LAND
115.881962,POS,37.4274998,-122.1697093,16.119998931884766,0.8224341375150789,LAND
115.981922,POS,37.4274998,-122.1697093,16.119998931884766,0.8224341375150789,LAND
116.081882,POS,37.4274998,-122.1697093,16.119998931884766,0.8224341375150789,LAND
116.181842,POS,37.4274998,-122.1697093,16.119998931884766,0.8224341375150789,LAND
116.281802,POS,37.4274998,-122.1697093,16.10999870300293,0.8224341375150789,LAND
116.381762,POS,37.4274998,-122.1697093,16.10999870300293,0.8224341375150789,LAND
116.48172199999999,POS,37.4274998,-122.1697093,16.10999870300293,0.8224341375150789,LAND
116.581682,POS,37.4274998,-122.1697093,16.10999870300293,0.8224341375150789,LAND
