group_id,channel,window_id,t_start,t_end,condition_index,v_max,boundary_method,boundary_theta_hash,sign,repeat_idx,delta,projection_linf,theta_hash,rho_xy_velocity
0,roll,0,0.0,0.5,3,0.8,warm,b3b2b82e2a4b1ef6,+,0,0.2,0.03829270601272583,dd2f60a9acee871b,0.0062671230307741466
0,roll,0,0.0,0.5,3,0.8,warm,b3b2b82e2a4b1ef6,+,1,0.2,0.03829270601272583,dd2f60a9acee871b,-0.04194953425729886
0,roll,0,0.0,0.5,3,0.8,warm,b3b2b82e2a4b1ef6,+,2,0.2,0.03829270601272583,dd2f60a9acee871b,0.06816277191519193
0,roll,0,0.0,0.5,3,0.8,warm,b3b2b82e2a4b1ef6,+,3,0.2,0.03829270601272583,dd2f60a9acee871b,-0.015012802737180753
0,roll,0,0.0,0.5,3,0.8,warm,b3b2b82e2a4b1ef6,+,4,0.2,0.03829270601272583,dd2f60a9acee871b,-0.022101041381701103
0,roll,0,0.0,0.5,3,0.8,warm,b3b2b82e2a4b1ef6,-,0,0.2,0.03829270601272586,67d52b38d53bb890,-0.02850582276423863
0,roll,0,0.0,0.5,3,0.8,warm,b3b2b82e2a4b1ef6,-,1,0.2,0.03829270601272586,67d52b38d53bb890,-0.04323161868333669
0,roll,0,0.0,0.5,3,0.8,warm,b3b2b82e2a4b1ef6,-,2,0.2,0.03829270601272586,67d52b38d53bb890,-0.04166396285178786
0,roll,0,0.0,0.5,3,0.8,warm,b3b2b82e2a4b1ef6,-,3,0.2,0.03829270601272586,67d52b38d53bb890,-0.020989592718326566
0,roll,0,0.0,0.5,3,0.8,warm,b3b2b82e2a4b1ef6,-,4,0.2,0.03829270601272586,67d52b38d53bb890,0.02316113510646778
1,pitch,0,0.0,0.5,3,0.8,warm,b3b2b82e2a4b1ef6,+,0,0.2,0.03829270601272586,3a47977a0d0df478,-0.03633313774653346
1,pitch,0,0.0,0.5,3,0.8,warm,b3b2b82e2a4b1ef6,+,1,0.2,0.03829270601272586,3a47977a0d0df478,-0.029934531565752875
1,pitch,0,0.0,0.5,3,0.8,warm,b3b2b82e2a4b1ef6,+,2,0.2,0.03829270601272586,3a47977a0d0df478,-0.022669994379043157
1,pitch,0,0.0,0.5,3,0.8,warm,b3b2b82e2a4b1ef6,+,3,0.2,0.03829270601272586,3a47977a0d0df478,-0.02553147328844374
1,pitch,0,0.0,0.5,3,0.8,warm,b3b2b82e2a4b1ef6,+,4,0.2,0.03829270601272586,3a47977a0d0df478,-0.019127892162967286
1,pitch,0,0.0,0.5,3,0.8,warm,b3b2b82e2a4b1ef6,-,0,0.2,0.03829270601272583,cab55091e532d1c5,-0.012019765718537134
1,pitch,0,0.0,0.5,3,0.8,warm,b3b2b82e2a4b1ef6,-,1,0.2,0.03829270601272583,cab55091e532d1c5,-0.01909710984077917
1,pitch,0,0.0,0.5,3,0.8,warm,b3b2b82e2a4b1ef6,-,2,0.2,0.03829270601272583,cab55091e532d1c5,-0.04581207692793865
1,pitch,0,0.0,0.5,3,0.8,warm,b3b2b82e2a4b1ef6,-,3,0.2,0.03829270601272583,cab55091e532d1c5,-0.017773749019721397
1,pitch,0,0.0,0.5,3,0.8,warm,b3b2b82e2a4b1ef6,-,4,0.2,0.03829270601272583,cab55091e532d1c5,-0.04642846444211435
2,yaw,0,0.0,0.5,3,0.8,warm,b3b2b82e2a4b1ef6,+,0,0.2,0.06230468750000001,60716090faf98b8c,-0.007147889146554842
2,yaw,0,0.0,0.5,3,0.8,warm,b3b2b82e2a4b1ef6,+,1,0.2,0.06230468750000001,60716090faf98b8c,0.06288800981528153
2,yaw,0,0.0,0.5,3,0.8,warm,b3b2b82e2a4b1ef6,+,2,0.2,0.06230468750000001,60716090faf98b8c,0.002857238004527418
2,yaw,0,0.0,0.5,3,0.8,warm,b3b2b82e2a4b1ef6,+,3,0.2,0.06230468750000001,60716090faf98b8c,0.005473399560190106
2,yaw,0,0.0,0.5,3,0.8,warm,b3b2b82e2a4b1ef6,+,4,0.2,0.06230468750000001,60716090faf98b8c,0.008723104075026189
2,yaw,0,0.0,0.5,3,0.8,warm,b3b2b82e2a4b1ef6,-,0,0.2,0.06230468750000001,249d26a084ce52bd,0.02609024695574036
2,yaw,0,0.0,0.5,3,0.8,warm,b3b2b82e2a4b1ef6,-,1,0.2,0.06230468750000001,249d26a084ce52bd,-0.02423249429107288
2,yaw,0,0.0,0.5,3,0.8,warm,b3b2b82e2a4b1ef6,-,2,0.2,0.06230468750000001,249d26a084ce52bd,-0.006100756656930328
2,yaw,0,0.0,0.5,3,0.8,warm,b3b2b82e2a4b1ef6,-,3,0.2,0.06230468750000001,249d26a084ce52bd,-0.010118032155692402
2,yaw,0,0.0,0.5,3,0.8,warm,b3b2b82e2a4b1ef6,-,4,0.2,0.06230468750000001,249d26a084ce52bd,0.00796305710658085
3,throttle,0,0.0,0.5,3,0.8,warm,b3b2b82e2a4b1ef6,+,0,0.2,0.06230468750000001,5e759007995c8191,0.016145599167072255
3,throttle,0,0.0,0.5,3,0.8,warm,b3b2b82e2a4b1ef6,+,1,0.2,0.06230468750000001,5e759007995c8191,-0.008175687689807365
3,throttle,0,0.0,0.5,3,0.8,warm,b3b2b82e2a4b1ef6,+,2,0.2,0.06230468750000001,5e759007995c8191,-0.004271786746530171
3,throttle,0,0.0,0.5,3,0.8,warm,b3b2b82e2a4b1ef6,+,3,0.2,0.06230468750000001,5e759007995c8191,-0.015732564371274904
3,throttle,0,0.0,0.5,3,0.8,warm,b3b2b82e2a4b1ef6,+,4,0.2,0.06230468750000001,5e759007995c8191,-0.017263601636972048
3,throttle,0,0.0,0.5,3,0.8,warm,b3b2b82e2a4b1ef6,-,0,0.2,0.008211582483107022,a34d1f484dd7e6ed,0.024739232906207165
3,throttle,0,0.0,0.5,3,0.8,warm,b3b2b82e2a4b1ef6,-,1,0.2,0.008211582483107022,a34d1f484dd7e6ed,0.009257577996334976
3,throttle,0,0.0,0.5,3,0.8,warm,b3b2b82e2a4b1ef6,-,2,0.2,0.008211582483107022,a34d1f484dd7e6ed,-0.0143723439474569
3,throttle,0,0.0,0.5,3,0.8,warm,b3b2b82e2a4b1ef6,-,3,0.2,0.008211582483107022,a34d1f484dd7e6ed,0.004430336429766979
3,throttle,0,0.0,0.5,3,0.8,warm,b3b2b82e2a4b1ef6,-,4,0.2,0.008211582483107022,a34d1f484dd7e6ed,0.03013522012217751
4,roll,1,0.5,1.0,3,0.8,warm,b3b2b82e2a4b1ef6,+,0,0.2,0.038292706012725886,fea113cfed1041d6,0.045902329509952544
4,roll,1,0.5,1.0,3,0.8,warm,b3b2b82e2a4b1ef6,+,1,0.2,0.038292706012725886,fea113cfed1041d6,0.030121433200411607
4,roll,1,0.5,1.0,3,0.8,warm,b3b2b82e2a4b1ef6,+,2,0.2,0.038292706012725886,fea113cfed1041d6,0.006872978602455615
4,roll,1,0.5,1.0,3,0.8,warm,b3b2b82e2a4b1ef6,+,3,0.2,0.038292706012725886,fea113cfed1041d6,0.009384952591087736
4,roll,1,0.5,1.0,3,0.8,warm,b3b2b82e2a4b1ef6,+,4,0.2,0.038292706012725886,fea113cfed1041d6,1.8565895467448357e-05
4,roll,1,0.5,1.0,3,0.8,warm,b3b2b82e2a4b1ef6,-,0,0.2,0.02063416481018071,9137f38ffd555961,0.02062184275740231
4,roll,1,0.5,1.0,3,0.8,warm,b3b2b82e2a4b1ef6,-,1,0.2,0.02063416481018071,9137f38ffd555961,0.00035714579482037934
4,roll,1,0.5,1.0,3,0.8,warm,b3b2b82e2a4b1ef6,-,2,0.2,0.02063416481018071,9137f38ffd555961,-0.001201665141819852
4,roll,1,0.5,1.0,3,0.8,warm,b3b2b82e2a4b1ef6,-,3,0.2,0.02063416481018071,9137f38ffd555961,0.008579292995494425
4,roll,1,0.5,1.0,3,0.8,warm,b3b2b82e2a4b1ef6,-,4,0.2,0.02063416481018071,9137f38ffd555961,-0.005430767088772104
5,pitch,1,0.5,1.0,3,0.8,warm,b3b2b82e2a4b1ef6,+,0,0.2,0.02063416481018071,2b91a8ee47ae2ddd,0.013513502846824621
5,pitch,1,0.5,1.0,3,0.8,warm,b3b2b82e2a4b1ef6,+,1,0.2,0.02063416481018071,2b91a8ee47ae2ddd,0.026294862843868838
5,pitch,1,0.5,1.0,3,0.8,warm,b3b2b82e2a4b1ef6,+,2,0.2,0.02063416481018071,2b91a8ee47ae2ddd,-0.008082619482846498
5,pitch,1,0.5,1.0,3,0.8,warm,b3b2b82e2a4b1ef6,+,3,0.2,0.02063416481018071,2b91a8ee47ae2ddd,-0.0127183543560766
5,pitch,1,0.5,1.0,3,0.8,warm,b3b2b82e2a4b1ef6,+,4,0.2,0.02063416481018071,2b91a8ee47ae2ddd,0.02708436471837461
5,pitch,1,0.5,1.0,3,0.8,warm,b3b2b82e2a4b1ef6,-,0,0.2,0.038292706012725886,b5d207434950ed22,-0.0013055691190912988
5,pitch,1,0.5,1.0,3,0.8,warm,b3b2b82e2a4b1ef6,-,1,0.2,0.038292706012725886,b5d207434950ed22,0.012089860607938374
5,pitch,1,0.5,1.0,3,0.8,warm,b3b2b82e2a4b1ef6,-,2,0.2,0.038292706012725886,b5d207434950ed22,0.035586017613174814
5,pitch,1,0.5,1.0,3,0.8,warm,b3b2b82e2a4b1ef6,-,3,0.2,0.038292706012725886,b5d207434950ed22,-0.003018194261910745
5,pitch,1,0.5,1.0,3,0.8,warm,b3b2b82e2a4b1ef6,-,4,0.2,0.038292706012725886,b5d207434950ed22,-0.026865872620174147
6,yaw,1,0.5,1.0,3,0.8,warm,b3b2b82e2a4b1ef6,+,0,0.2,0.03984375000000001,5ce70624463fe589,0.01332271068485369
6,yaw,1,0.5,1.0,3,0.8,warm,b3b2b82e2a4b1ef6,+,1,0.2,0.03984375000000001,5ce70624463fe589,0.01045078244751263
6,yaw,1,0.5,1.0,3,0.8,warm,b3b2b82e2a4b1ef6,+,2,0.2,0.03984375000000001,5ce70624463fe589,0.020974460470655876
6,yaw,1,0.5,1.0,3,0.8,warm,b3b2b82e2a4b1ef6,+,3,0.2,0.03984375000000001,5ce70624463fe589,0.006951971289422598
6,yaw,1,0.5,1.0,3,0.8,warm,b3b2b82e2a4b1ef6,+,4,0.2,0.03984375000000001,5ce70624463fe589,0.03416048229311541
6,yaw,1,0.5,1.0,3,0.8,warm,b3b2b82e2a4b1ef6,-,0,0.2,0.06230468750000001,235d6f6c91a9844c,0.022256392283442783
6,yaw,1,0.5,1.0,3,0.8,warm,b3b2b82e2a4b1ef6,-,1,0.2,0.06230468750000001,235d6f6c91a9844c,0.00561487556850504
6,yaw,1,0.5,1.0,3,0.8,warm,b3b2b82e2a4b1ef6,-,2,0.2,0.06230468750000001,235d6f6c91a9844c,-0.009928240080488093
6,yaw,1,0.5,1.0,3,0.8,warm,b3b2b82e2a4b1ef6,-,3,0.2,0.06230468750000001,235d6f6c91a9844c,0.033569832010146516
6,yaw,1,0.5,1.0,3,0.8,warm,b3b2b82e2a4b1ef6,-,4,0.2,0.06230468750000001,235d6f6c91a9844c,0.0018846527271964009
7,throttle,1,0.5,1.0,3,0.8,warm,b3b2b82e2a4b1ef6,+,0,0.2,0.00821158248310705,cbd4e9f2236f628c,0.007907483181849195
7,throttle,1,0.5,1.0,3,0.8,warm,b3b2b82e2a4b1ef6,+,1,0.2,0.00821158248310705,cbd4e9f2236f628c,0.05173732220585303
7,throttle,1,0.5,1.0,3,0.8,warm,b3b2b82e2a4b1ef6,+,2,0.2,0.00821158248310705,cbd4e9f2236f628c,0.006704082562041691
7,throttle,1,0.5,1.0,3,0.8,warm,b3b2b82e2a4b1ef6,+,3,0.2,0.00821158248310705,cbd4e9f2236f628c,0.01226036729402491
7,throttle,1,0.5,1.0,3,0.8,warm,b3b2b82e2a4b1ef6,+,4,0.2,0.00821158248310705,cbd4e9f2236f628c,0.0023901787364112304
7,throttle,1,0.5,1.0,3,0.8,warm,b3b2b82e2a4b1ef6,-,0,0.2,0.06230468749999998,2cbbf963d9418625,-0.0238200711756974
7,throttle,1,0.5,1.0,3,0.8,warm,b3b2b82e2a4b1ef6,-,1,0.2,0.06230468749999998,2cbbf963d9418625,0.014804017023856253
7,throttle,1,0.5,1.0,3,0.8,warm,b3b2b82e2a4b1ef6,-,2,0.2,0.06230468749999998,2cbbf963d9418625,-0.002148137354625934
7,throttle,1,0.5,1.0,3,0.8,warm,b3b2b82e2a4b1ef6,-,3,0.2,0.06230468749999998,2cbbf963d9418625,-0.005840370939292683
7,throttle,1,0.5,1.0,3,0.8,warm,b3b2b82e2a4b1ef6,-,4,0.2,0.06230468749999998,2cbbf963d9418625,0.022157875734777233
8,roll,2,1.0,1.5,3,0.8,warm,b3b2b82e2a4b1ef6,+,0,0.2,0.020634164810180766,22d234d67099833d,0.003371784696140079
8,roll,2,1.0,1.5,3,0.8,warm,b3b2b82e2a4b1ef6,+,1,0.2,0.020634164810180766,22d234d67099833d,-0.004253301283125621
8,roll,2,1.0,1.5,3,0.8,warm,b3b2b82e2a4b1ef6,+,2,0.2,0.020634164810180766,22d234d67099833d,-0.018912754852569824
8,roll,2,1.0,1.5,3,0.8,warm,b3b2b82e2a4b1ef6,+,3,0.2,0.020634164810180766,22d234d67099833d,-0.010314073736195195
8,roll,2,1.0,1.5,3,0.8,warm,b3b2b82e2a4b1ef6,+,4,0.2,0.020634164810180766,22d234d67099833d,-0.00911608935885655
8,roll,2,1.0,1.5,3,0.8,warm,b3b2b82e2a4b1ef6,-,0,0.2,0.0,b9cf314695ef31d1,0.010943656587054318
8,roll,2,1.0,1.5,3,0.8,warm,b3b2b82e2a4b1ef6,-,1,0.2,0.0,b9cf314695ef31d1,-0.002189837157314023
8,roll,2,1.0,1.5,3,0.8,warm,b3b2b82e2a4b1ef6,-,2,0.2,0.0,b9cf314695ef31d1,0.004944730972547773
8,roll,2,1.0,1.5,3,0.8,warm,b3b2b82e2a4b1ef6,-,3,0.2,0.0,b9cf314695ef31d1,0.021182640803566577
8,roll,2,1.0,1.5,3,0.8,warm,b3b2b82e2a4b1ef6,-,4,0.2,0.0,b9cf314695ef31d1,-0.004562708168927898
9,pitch,2,1.0,1.5,3,0.8,warm,b3b2b82e2a4b1ef6,+,0,0.2,0.0,af42ad1e318b6c27,0.004104465874489538
9,pitch,2,1.0,1.5,3,0.8,warm,b3b2b82e2a4b1ef6,+,1,0.2,0.0,af42ad1e318b6c27,0.031206122299287986
9,pitch,2,1.0,1.5,3,0.8,warm,b3b2b82e2a4b1ef6,+,2,0.2,0.0,af42ad1e318b6c27,0.025605784123833075
9,pitch,2,1.0,1.5,3,0.8,warm,b3b2b82e2a4b1ef6,+,3,0.2,0.0,af42ad1e318b6c27,0.00971371905397056
9,pitch,2,1.0,1.5,3,0.8,warm,b3b2b82e2a4b1ef6,+,4,0.2,0.0,af42ad1e318b6c27,0.03577080673406707
9,pitch,2,1.0,1.5,3,0.8,warm,b3b2b82e2a4b1ef6,-,0,0.2,0.020634164810180766,bfd4c67a841bc75e,0.03253050519130496
9,pitch,2,1.0,1.5,3,0.8,warm,b3b2b82e2a4b1ef6,-,1,0.2,0.020634164810180766,bfd4c67a841bc75e,-0.006263554302752605
9,pitch,2,1.0,1.5,3,0.8,warm,b3b2b82e2a4b1ef6,-,2,0.2,0.020634164810180766,bfd4c67a841bc75e,-0.02802348081185213
9,pitch,2,1.0,1.5,3,0.8,warm,b3b2b82e2a4b1ef6,-,3,0.2,0.020634164810180766,bfd4c67a841bc75e,0.004699862171732128
9,pitch,2,1.0,1.5,3,0.8,warm,b3b2b82e2a4b1ef6,-,4,0.2,0.020634164810180766,bfd4c67a841bc75e,-0.024138551429019883
10,yaw,2,1.0,1.5,3,0.8,warm,b3b2b82e2a4b1ef6,+,0,0.2,0.0,252978cb195ab182,0.07085866743827607
10,yaw,2,1.0,1.5,3,0.8,warm,b3b2b82e2a4b1ef6,+,1,0.2,0.0,252978cb195ab182,-0.005115054333282076
10,yaw,2,1.0,1.5,3,0.8,warm,b3b2b82e2a4b1ef6,+,2,0.2,0.0,252978cb195ab182,0.00865229615554075
10,yaw,2,1.0,1.5,3,0.8,warm,b3b2b82e2a4b1ef6,+,3,0.2,0.0,252978cb195ab182,0.006637857886795051
10,yaw,2,1.0,1.5,3,0.8,warm,b3b2b82e2a4b1ef6,+,4,0.2,0.0,252978cb195ab182,0.0008595866491429849
10,yaw,2,1.0,1.5,3,0.8,warm,b3b2b82e2a4b1ef6,-,0,0.2,0.039843749999999956,5c1e1a15a57a62ef,0.0015773564916117255
10,yaw,2,1.0,1.5,3,0.8,warm,b3b2b82e2a4b1ef6,-,1,0.2,0.039843749999999956,5c1e1a15a57a62ef,0.014433068405719451
10,yaw,2,1.0,1.5,3,0.8,warm,b3b2b82e2a4b1ef6,-,2,0.2,0.039843749999999956,5c1e1a15a57a62ef,0.006305020690015928
10,yaw,2,1.0,1.5,3,0.8,warm,b3b2b82e2a4b1ef6,-,3,0.2,0.039843749999999956,5c1e1a15a57a62ef,0.02804387106977302
10,yaw,2,1.0,1.5,3,0.8,warm,b3b2b82e2a4b1ef6,-,4,0.2,0.039843749999999956,5c1e1a15a57a62ef,0.029391546496787546
11,throttle,2,1.0,1.5,3,0.8,warm,b3b2b82e2a4b1ef6,+,0,0.2,0.06230468750000001,614711243372fd08,0.01398980090435431
11,throttle,2,1.0,1.5,3,0.8,warm,b3b2b82e2a4b1ef6,+,1,0.2,0.06230468750000001,614711243372fd08,0.02291612086626993
11,throttle,2,1.0,1.5,3,0.8,warm,b3b2b82e2a4b1ef6,+,2,0.2,0.06230468750000001,614711243372fd08,0.015755992322799783
11,throttle,2,1.0,1.5,3,0.8,warm,b3b2b82e2a4b1ef6,+,3,0.2,0.06230468750000001,614711243372fd08,0.026942449988466732
11,throttle,2,1.0,1.5,3,0.8,warm,b3b2b82e2a4b1ef6,+,4,0.2,0.06230468750000001,614711243372fd08,-0.0005975354100640207
11,throttle,2,1.0,1.5,3,0.8,warm,b3b2b82e2a4b1ef6,-,0,0.2,0.0,b5e6f67033fc65e4,0.037960185229445775
11,throttle,2,1.0,1.5,3,0.8,warm,b3b2b82e2a4b1ef6,-,1,0.2,0.0,b5e6f67033fc65e4,0.015867498555863113
11,throttle,2,1.0,1.5,3,0.8,warm,b3b2b82e2a4b1ef6,-,2,0.2,0.0,b5e6f67033fc65e4,0.00885241012169058
11,throttle,2,1.0,1.5,3,0.8,warm,b3b2b82e2a4b1ef6,-,3,0.2,0.0,b5e6f67033fc65e4,0.027511994511987048
11,throttle,2,1.0,1.5,3,0.8,warm,b3b2b82e2a4b1ef6,-,4,0.2,0.0,b5e6f67033fc65e4,0.0013627435067318228
12,roll,3,1.5,2.0,3,0.8,warm,b3b2b82e2a4b1ef6,+,0,0.2,0.0,0cc61dc3901058e9,-0.042423818713161254
12,roll,3,1.5,2.0,3,0.8,warm,b3b2b82e2a4b1ef6,+,1,0.2,0.0,0cc61dc3901058e9,-0.01011051415069697
12,roll,3,1.5,2.0,3,0.8,warm,b3b2b82e2a4b1ef6,+,2,0.2,0.0,0cc61dc3901058e9,-0.023051950886973982
12,roll,3,1.5,2.0,3,0.8,warm,b3b2b82e2a4b1ef6,+,3,0.2,0.0,0cc61dc3901058e9,-0.043964174598541406
12,roll,3,1.5,2.0,3,0.8,warm,b3b2b82e2a4b1ef6,+,4,0.2,0.0,0cc61dc3901058e9,-0.051496134366703195
12,roll,3,1.5,2.0,3,0.8,warm,b3b2b82e2a4b1ef6,-,0,0.2,0.0,5cf1dca2292b3c0f,0.026415627924772922
12,roll,3,1.5,2.0,3,0.8,warm,b3b2b82e2a4b1ef6,-,1,0.2,0.0,5cf1dca2292b3c0f,0.006949305985996412
12,roll,3,1.5,2.0,3,0.8,warm,b3b2b82e2a4b1ef6,-,2,0.2,0.0,5cf1dca2292b3c0f,0.034888867471992935
12,roll,3,1.5,2.0,3,0.8,warm,b3b2b82e2a4b1ef6,-,3,0.2,0.0,5cf1dca2292b3c0f,0.012755913549682307
12,roll,3,1.5,2.0,3,0.8,warm,b3b2b82e2a4b1ef6,-,4,0.2,0.0,5cf1dca2292b3c0f,0.008388300970720741
13,pitch,3,1.5,2.0,3,0.8,warm,b3b2b82e2a4b1ef6,+,0,0.2,0.0,eb028661dff62139,0.019843853934804034
13,pitch,3,1.5,2.0,3,0.8,warm,b3b2b82e2a4b1ef6,+,1,0.2,0.0,eb028661dff62139,0.01434124988055363
13,pitch,3,1.5,2.0,3,0.8,warm,b3b2b82e2a4b1ef6,+,2,0.2,0.0,eb028661dff62139,0.03272209420762229
13,pitch,3,1.5,2.0,3,0.8,warm,b3b2b82e2a4b1ef6,+,3,0.2,0.0,eb028661dff62139,0.021241529049589536
13,pitch,3,1.5,2.0,3,0.8,warm,b3b2b82e2a4b1ef6,+,4,0.2,0.0,eb028661dff62139,0.06167438547668258
13,pitch,3,1.5,2.0,3,0.8,warm,b3b2b82e2a4b1ef6,-,0,0.2,0.0,1057ab72af1b7427,-0.04968505216245567
13,pitch,3,1.5,2.0,3,0.8,warm,b3b2b82e2a4b1ef6,-,1,0.2,0.0,1057ab72af1b7427,-0.023610554132206585
13,pitch,3,1.5,2.0,3,0.8,warm,b3b2b82e2a4b1ef6,-,2,0.2,0.0,1057ab72af1b7427,-0.04976732792433092
13,pitch,3,1.5,2.0,3,0.8,warm,b3b2b82e2a4b1ef6,-,3,0.2,0.0,1057ab72af1b7427,-0.012747184227803632
13,pitch,3,1.5,2.0,3,0.8,warm,b3b2b82e2a4b1ef6,-,4,0.2,0.0,1057ab72af1b7427,-0.028823405647995903
14,yaw,3,1.5,2.0,3,0.8,warm,b3b2b82e2a4b1ef6,+,0,0.2,0.06230468750000004,3a5d2a958dbbc99a,-0.0022977079381960586
14,yaw,3,1.5,2.0,3,0.8,warm,b3b2b82e2a4b1ef6,+,1,0.2,0.06230468750000004,3a5d2a958dbbc99a,0.001683965716569702
14,yaw,3,1.5,2.0,3,0.8,warm,b3b2b82e2a4b1ef6,+,2,0.2,0.06230468750000004,3a5d2a958dbbc99a,-0.018664045871511825
14,yaw,3,1.5,2.0,3,0.8,warm,b3b2b82e2a4b1ef6,+,3,0.2,0.06230468750000004,3a5d2a958dbbc99a,0.005951088608116328
14,yaw,3,1.5,2.0,3,0.8,warm,b3b2b82e2a4b1ef6,+,4,0.2,0.06230468750000004,3a5d2a958dbbc99a,0.022721058653522475
14,yaw,3,1.5,2.0,3,0.8,warm,b3b2b82e2a4b1ef6,-,0,0.2,0.06230468749999997,1f3596b1284268c7,0.01512001279822961
14,yaw,3,1.5,2.0,3,0.8,warm,b3b2b82e2a4b1ef6,-,1,0.2,0.06230468749999997,1f3596b1284268c7,-0.01018280949174355
14,yaw,3,1.5,2.0,3,0.8,warm,b3b2b82e2a4b1ef6,-,2,0.2,0.06230468749999997,1f3596b1284268c7,-0.001063348175978751
14,yaw,3,1.5,2.0,3,0.8,warm,b3b2b82e2a4b1ef6,-,3,0.2,0.06230468749999997,1f3596b1284268c7,0.0018938485061865684
14,yaw,3,1.5,2.0,3,0.8,warm,b3b2b82e2a4b1ef6,-,4,0.2,0.06230468749999997,1f3596b1284268c7,0.04211189280274508
15,throttle,3,1.5,2.0,3,0.8,warm,b3b2b82e2a4b1ef6,+,0,0.2,0.0,885bae456568a5c9,0.003947669050431868
15,throttle,3,1.5,2.0,3,0.8,warm,b3b2b82e2a4b1ef6,+,1,0.2,0.0,885bae456568a5c9,-0.0011039453710610658
15,throttle,3,1.5,2.0,3,0.8,warm,b3b2b82e2a4b1ef6,+,2,0.2,0.0,885bae456568a5c9,0.00537496896737244
15,throttle,3,1.5,2.0,3,0.8,warm,b3b2b82e2a4b1ef6,+,3,0.2,0.0,885bae456568a5c9,0.05120181000984492
15,throttle,3,1.5,2.0,3,0.8,warm,b3b2b82e2a4b1ef6,+,4,0.2,0.0,885bae456568a5c9,0.009525173619884031
15,throttle,3,1.5,2.0,3,0.8,warm,b3b2b82e2a4b1ef6,-,0,0.2,0.0,3756272957f19f26,0.03208813309699343
15,throttle,3,1.5,2.0,3,0.8,warm,b3b2b82e2a4b1ef6,-,1,0.2,0.0,3756272957f19f26,0.013513152583974564
15,throttle,3,1.5,2.0,3,0.8,warm,b3b2b82e2a4b1ef6,-,2,0.2,0.0,3756272957f19f26,0.015937335067487846
15,throttle,3,1.5,2.0,3,0.8,warm,b3b2b82e2a4b1ef6,-,3,0.2,0.0,3756272957f19f26,0.016737706948829922
15,throttle,3,1.5,2.0,3,0.8,warm,b3b2b82e2a4b1ef6,-,4,0.2,0.0,3756272957f19f26,0.04563432411607338
16,roll,4,2.0,2.5,3,0.8,warm,b3b2b82e2a4b1ef6,+,0,0.2,0.0,4bb0fae3527ab777,-0.026821506024303332
16,roll,4,2.0,2.5,3,0.8,warm,b3b2b82e2a4b1ef6,+,1,0.2,0.0,4bb0fae3527ab777,-0.07427182199014437
16,roll,4,2.0,2.5,3,0.8,warm,b3b2b82e2a4b1ef6,+,2,0.2,0.0,4bb0fae3527ab777,-0.06854086420538363
16,roll,4,2.0,2.5,3,0.8,warm,b3b2b82e2a4b1ef6,+,3,0.2,0.0,4bb0fae3527ab777,-0.056974063937498154
16,roll,4,2.0,2.5,3,0.8,warm,b3b2b82e2a4b1ef6,+,4,0.2,0.0,4bb0fae3527ab777,-0.053929939210502265
16,roll,4,2.0,2.5,3,0.8,warm,b3b2b82e2a4b1ef6,-,0,0.2,0.0,452953c0450f3f8f,0.07664835649248047
16,roll,4,2.0,2.5,3,0.8,warm,b3b2b82e2a4b1ef6,-,1,0.2,0.0,452953c0450f3f8f,0.07584884248312296
16,roll,4,2.0,2.5,3,0.8,warm,b3b2b82e2a4b1ef6,-,2,0.2,0.0,452953c0450f3f8f,0.03903919692207802
16,roll,4,2.0,2.5,3,0.8,warm,b3b2b82e2a4b1ef6,-,3,0.2,0.0,452953c0450f3f8f,0.06472384461157088
16,roll,4,2.0,2.5,3,0.8,warm,b3b2b82e2a4b1ef6,-,4,0.2,0.0,452953c0450f3f8f,0.033071825657504994
17,pitch,4,2.0,2.5,3,0.8,warm,b3b2b82e2a4b1ef6,+,0,0.2,0.0,bfc6c3cda21460f5,0.09361545560807638
17,pitch,4,2.0,2.5,3,0.8,warm,b3b2b82e2a4b1ef6,+,1,0.2,0.0,bfc6c3cda21460f5,0.014430374152687442
17,pitch,4,2.0,2.5,3,0.8,warm,b3b2b82e2a4b1ef6,+,2,0.2,0.0,bfc6c3cda21460f5,0.013144274553500201
17,pitch,4,2.0,2.5,3,0.8,warm,b3b2b82e2a4b1ef6,+,3,0.2,0.0,bfc6c3cda21460f5,0.025917026846421942
17,pitch,4,2.0,2.5,3,0.8,warm,b3b2b82e2a4b1ef6,+,4,0.2,0.0,bfc6c3cda21460f5,0.02762351623895809
17,pitch,4,2.0,2.5,3,0.8,warm,b3b2b82e2a4b1ef6,-,0,0.2,0.0,a24cac65e3b75304,-0.023020189712438355
17,pitch,4,2.0,2.5,3,0.8,warm,b3b2b82e2a4b1ef6,-,1,0.2,0.0,a24cac65e3b75304,-0.02599782615758972
17,pitch,4,2.0,2.5,3,0.8,warm,b3b2b82e2a4b1ef6,-,2,0.2,0.0,a24cac65e3b75304,-0.019074101276130295
17,pitch,4,2.0,2.5,3,0.8,warm,b3b2b82e2a4b1ef6,-,3,0.2,0.0,a24cac65e3b75304,-0.005387855332011804
17,pitch,4,2.0,2.5,3,0.8,warm,b3b2b82e2a4b1ef6,-,4,0.2,0.0,a24cac65e3b75304,-0.0664943540756292
18,yaw,4,2.0,2.5,3,0.8,warm,b3b2b82e2a4b1ef6,+,0,0.2,0.0623046875,73c3749f10ebb0ee,0.016753246013380463
18,yaw,4,2.0,2.5,3,0.8,warm,b3b2b82e2a4b1ef6,+,1,0.2,0.0623046875,73c3749f10ebb0ee,0.031503482828990625
18,yaw,4,2.0,2.5,3,0.8,warm,b3b2b82e2a4b1ef6,+,2,0.2,0.0623046875,73c3749f10ebb0ee,-0.011612129535352178
18,yaw,4,2.0,2.5,3,0.8,warm,b3b2b82e2a4b1ef6,+,3,0.2,0.0623046875,73c3749f10ebb0ee,0.01181606502644883
18,yaw,4,2.0,2.5,3,0.8,warm,b3b2b82e2a4b1ef6,+,4,0.2,0.0623046875,73c3749f10ebb0ee,0.0014221562097554985
18,yaw,4,2.0,2.5,3,0.8,warm,b3b2b82e2a4b1ef6,-,0,0.2,0.06230468750000003,ab9d7b6ab76fc607,0.021050201387824652
18,yaw,4,2.0,2.5,3,0.8,warm,b3b2b82e2a4b1ef6,-,1,0.2,0.06230468750000003,ab9d7b6ab76fc607,-0.031273127339211726
18,yaw,4,2.0,2.5,3,0.8,warm,b3b2b82e2a4b1ef6,-,2,0.2,0.06230468750000003,ab9d7b6ab76fc607,-0.010666447395234813
18,yaw,4,2.0,2.5,3,0.8,warm,b3b2b82e2a4b1ef6,-,3,0.2,0.06230468750000003,ab9d7b6ab76fc607,0.07694617497795786
18,yaw,4,2.0,2.5,3,0.8,warm,b3b2b82e2a4b1ef6,-,4,0.2,0.06230468750000003,ab9d7b6ab76fc607,0.007469765478596901
19,throttle,4,2.0,2.5,3,0.8,warm,b3b2b82e2a4b1ef6,+,0,0.2,0.0,053a31e85c58170e,0.03363357851140181
19,throttle,4,2.0,2.5,3,0.8,warm,b3b2b82e2a4b1ef6,+,1,0.2,0.0,053a31e85c58170e,0.0030421271737954836
19,throttle,4,2.0,2.5,3,0.8,warm,b3b2b82e2a4b1ef6,+,2,0.2,0.0,053a31e85c58170e,-0.012875744917627219
19,throttle,4,2.0,2.5,3,0.8,warm,b3b2b82e2a4b1ef6,+,3,0.2,0.0,053a31e85c58170e,0.0038753439455135874
19,throttle,4,2.0,2.5,3,0.8,warm,b3b2b82e2a4b1ef6,+,4,0.2,0.0,053a31e85c58170e,-0.0009352380638306679
19,throttle,4,2.0,2.5,3,0.8,warm,b3b2b82e2a4b1ef6,-,0,0.2,0.0,071bcc9aeffc8b9b,0.06144105009912426
19,throttle,4,2.0,2.5,3,0.8,warm,b3b2b82e2a4b1ef6,-,1,0.2,0.0,071bcc9aeffc8b9b,-0.008226015826012567
19,throttle,4,2.0,2.5,3,0.8,warm,b3b2b82e2a4b1ef6,-,2,0.2,0.0,071bcc9aeffc8b9b,-0.021297681423337878
19,throttle,4,2.0,2.5,3,0.8,warm,b3b2b82e2a4b1ef6,-,3,0.2,0.0,071bcc9aeffc8b9b,-0.0015753987051844165
19,throttle,4,2.0,2.5,3,0.8,warm,b3b2b82e2a4b1ef6,-,4,0.2,0.0,071bcc9aeffc8b9b,-0.0009944214814854302
20,roll,5,2.5,3.0,3,0.8,warm,b3b2b82e2a4b1ef6,+,0,0.2,0.0,d389c46c0cdfa803,-0.05075875239127159
20,roll,5,2.5,3.0,3,0.8,warm,b3b2b82e2a4b1ef6,+,1,0.2,0.0,d389c46c0cdfa803,-0.07091609646514407
20,roll,5,2.5,3.0,3,0.8,warm,b3b2b82e2a4b1ef6,+,2,0.2,0.0,d389c46c0cdfa803,-0.07136048135638828
20,roll,5,2.5,3.0,3,0.8,warm,b3b2b82e2a4b1ef6,+,3,0.2,0.0,d389c46c0cdfa803,-0.08876632172535259
20,roll,5,2.5,3.0,3,0.8,warm,b3b2b82e2a4b1ef6,+,4,0.2,0.0,d389c46c0cdfa803,-0.05521822283212374
20,roll,5,2.5,3.0,3,0.8,warm,b3b2b82e2a4b1ef6,-,0,0.2,0.0,abc4cc70e56eb511,0.08598929026248014
20,roll,5,2.5,3.0,3,0.8,warm,b3b2b82e2a4b1ef6,-,1,0.2,0.0,abc4cc70e56eb511,0.09641015748162252
20,roll,5,2.5,3.0,3,0.8,warm,b3b2b82e2a4b1ef6,-,2,0.2,0.0,abc4cc70e56eb511,0.0398074193873027
20,roll,5,2.5,3.0,3,0.8,warm,b3b2b82e2a4b1ef6,-,3,0.2,0.0,abc4cc70e56eb511,0.017103354628345002
20,roll,5,2.5,3.0,3,0.8,warm,b3b2b82e2a4b1ef6,-,4,0.2,0.0,abc4cc70e56eb511,0.035129583936749476
21,pitch,5,2.5,3.0,3,0.8,warm,b3b2b82e2a4b1ef6,+,0,0.2,0.0,784d78eb94eaf96c,0.034041472494338865
21,pitch,5,2.5,3.0,3,0.8,warm,b3b2b82e2a4b1ef6,+,1,0.2,0.0,784d78eb94eaf96c,0.04090684877577311
21,pitch,5,2.5,3.0,3,0.8,warm,b3b2b82e2a4b1ef6,+,2,0.2,0.0,784d78eb94eaf96c,0.06445514016234521
21,pitch,5,2.5,3.0,3,0.8,warm,b3b2b82e2a4b1ef6,+,3,0.2,0.0,784d78eb94eaf96c,0.09308668051766
21,pitch,5,2.5,3.0,3,0.8,warm,b3b2b82e2a4b1ef6,+,4,0.2,0.0,784d78eb94eaf96c,0.0686315950199764
21,pitch,5,2.5,3.0,3,0.8,warm,b3b2b82e2a4b1ef6,-,0,0.2,0.0,7f9259730f0c9e87,-0.08385521509134375
21,pitch,5,2.5,3.0,3,0.8,warm,b3b2b82e2a4b1ef6,-,1,0.2,0.0,7f9259730f0c9e87,-0.05669518084151459
21,pitch,5,2.5,3.0,3,0.8,warm,b3b2b82e2a4b1ef6,-,2,0.2,0.0,7f9259730f0c9e87,-0.09969928356653956
21,pitch,5,2.5,3.0,3,0.8,warm,b3b2b82e2a4b1ef6,-,3,0.2,0.0,7f9259730f0c9e87,-0.05682047370451648
21,pitch,5,2.5,3.0,3,0.8,warm,b3b2b82e2a4b1ef6,-,4,0.2,0.0,7f9259730f0c9e87,-0.06737851748974244
22,yaw,5,2.5,3.0,3,0.8,warm,b3b2b82e2a4b1ef6,+,0,0.2,0.06230468750000004,cacc6532ed73977d,0.0019415101220009445
22,yaw,5,2.5,3.0,3,0.8,warm,b3b2b82e2a4b1ef6,+,1,0.2,0.06230468750000004,cacc6532ed73977d,0.037319899734636675
22,yaw,5,2.5,3.0,3,0.8,warm,b3b2b82e2a4b1ef6,+,2,0.2,0.06230468750000004,cacc6532ed73977d,0.041172604951490555
22,yaw,5,2.5,3.0,3,0.8,warm,b3b2b82e2a4b1ef6,+,3,0.2,0.06230468750000004,cacc6532ed73977d,-0.0017364316187344908
22,yaw,5,2.5,3.0,3,0.8,warm,b3b2b82e2a4b1ef6,+,4,0.2,0.06230468750000004,cacc6532ed73977d,-0.001066589893478631
22,yaw,5,2.5,3.0,3,0.8,warm,b3b2b82e2a4b1ef6,-,0,0.2,0.06230468750000001,6810c3e1a7932abd,0.008957637041851485
22,yaw,5,2.5,3.0,3,0.8,warm,b3b2b82e2a4b1ef6,-,1,0.2,0.06230468750000001,6810c3e1a7932abd,0.008517272205713189
22,yaw,5,2.5,3.0,3,0.8,warm,b3b2b82e2a4b1ef6,-,2,0.2,0.06230468750000001,6810c3e1a7932abd,-0.008187042747550888
22,yaw,5,2.5,3.0,3,0.8,warm,b3b2b82e2a4b1ef6,-,3,0.2,0.06230468750000001,6810c3e1a7932abd,-0.019700430329111396
22,yaw,5,2.5,3.0,3,0.8,warm,b3b2b82e2a4b1ef6,-,4,0.2,0.06230468750000001,6810c3e1a7932abd,0.011920062870414028
23,throttle,5,2.5,3.0,3,0.8,warm,b3b2b82e2a4b1ef6,+,0,0.2,0.0,230034dceab60788,-0.0029835433378661014
23,throttle,5,2.5,3.0,3,0.8,warm,b3b2b82e2a4b1ef6,+,1,0.2,0.0,230034dceab60788,-0.026783781698083264
23,throttle,5,2.5,3.0,3,0.8,warm,b3b2b82e2a4b1ef6,+,2,0.2,0.0,230034dceab60788,0.052614313480407016
23,throttle,5,2.5,3.0,3,0.8,warm,b3b2b82e2a4b1ef6,+,3,0.2,0.0,230034dceab60788,-0.0006103061827421596
23,throttle,5,2.5,3.0,3,0.8,warm,b3b2b82e2a4b1ef6,+,4,0.2,0.0,230034dceab60788,0.040603726502050685
23,throttle,5,2.5,3.0,3,0.8,warm,b3b2b82e2a4b1ef6,-,0,0.2,0.0,1980dde21ddf0708,0.0003481221498060627
23,throttle,5,2.5,3.0,3,0.8,warm,b3b2b82e2a4b1ef6,-,1,0.2,0.0,1980dde21ddf0708,0.06660332528302926
23,throttle,5,2.5,3.0,3,0.8,warm,b3b2b82e2a4b1ef6,-,2,0.2,0.0,1980dde21ddf0708,0.022048592503252307
23,throttle,5,2.5,3.0,3,0.8,warm,b3b2b82e2a4b1ef6,-,3,0.2,0.0,1980dde21ddf0708,0.017163583439847474
23,throttle,5,2.5,3.0,3,0.8,warm,b3b2b82e2a4b1ef6,-,4,0.2,0.0,1980dde21ddf0708,-0.0055651720754317235
24,roll,6,3.0,3.5,3,0.8,warm,b3b2b82e2a4b1ef6,+,0,0.2,0.0,d3d40601d105b8b4,-0.11856121757528537
24,roll,6,3.0,3.5,3,0.8,warm,b3b2b82e2a4b1ef6,+,1,0.2,0.0,d3d40601d105b8b4,-0.04998400384094226
24,roll,6,3.0,3.5,3,0.8,warm,b3b2b82e2a4b1ef6,+,2,0.2,0.0,d3d40601d105b8b4,-0.09837288539437095
24,roll,6,3.0,3.5,3,0.8,warm,b3b2b82e2a4b1ef6,+,3,0.2,0.0,d3d40601d105b8b4,-0.08495108279455121
24,roll,6,3.0,3.5,3,0.8,warm,b3b2b82e2a4b1ef6,+,4,0.2,0.0,d3d40601d105b8b4,-0.09118476833681954
24,roll,6,3.0,3.5,3,0.8,warm,b3b2b82e2a4b1ef6,-,0,0.2,0.0,6f54ce9748f7d013,0.06332552482282938
24,roll,6,3.0,3.5,3,0.8,warm,b3b2b82e2a4b1ef6,-,1,0.2,0.0,6f54ce9748f7d013,0.027370961141020778
24,roll,6,3.0,3.5,3,0.8,warm,b3b2b82e2a4b1ef6,-,2,0.2,0.0,6f54ce9748f7d013,0.03495792601230785
24,roll,6,3.0,3.5,3,0.8,warm,b3b2b82e2a4b1ef6,-,3,0.2,0.0,6f54ce9748f7d013,0.0449591502840635
24,roll,6,3.0,3.5,3,0.8,warm,b3b2b82e2a4b1ef6,-,4,0.2,0.0,6f54ce9748f7d013,0.058707154210156154
25,pitch,6,3.0,3.5,3,0.8,warm,b3b2b82e2a4b1ef6,+,0,0.2,0.0,fac861067ff61f49,0.05129434026970281
25,pitch,6,3.0,3.5,3,0.8,warm,b3b2b82e2a4b1ef6,+,1,0.2,0.0,fac861067ff61f49,0.05203725307085372
25,pitch,6,3.0,3.5,3,0.8,warm,b3b2b82e2a4b1ef6,+,2,0.2,0.0,fac861067ff61f49,0.04561359176112301
25,pitch,6,3.0,3.5,3,0.8,warm,b3b2b82e2a4b1ef6,+,3,0.2,0.0,fac861067ff61f49,0.06557824724043304
25,pitch,6,3.0,3.5,3,0.8,warm,b3b2b82e2a4b1ef6,+,4,0.2,0.0,fac861067ff61f49,0.048673893602131924
25,pitch,6,3.0,3.5,3,0.8,warm,b3b2b82e2a4b1ef6,-,0,0.2,0.0,e3faf227f6f91cc1,-0.11669211066108875
25,pitch,6,3.0,3.5,3,0.8,warm,b3b2b82e2a4b1ef6,-,1,0.2,0.0,e3faf227f6f91cc1,-0.09948574111171249
25,pitch,6,3.0,3.5,3,0.8,warm,b3b2b82e2a4b1ef6,-,2,0.2,0.0,e3faf227f6f91cc1,-0.08654130556281525
25,pitch,6,3.0,3.5,3,0.8,warm,b3b2b82e2a4b1ef6,-,3,0.2,0.0,e3faf227f6f91cc1,-0.06727417548444126
25,pitch,6,3.0,3.5,3,0.8,warm,b3b2b82e2a4b1ef6,-,4,0.2,0.0,e3faf227f6f91cc1,-0.12406359293471203
26,yaw,6,3.0,3.5,3,0.8,warm,b3b2b82e2a4b1ef6,+,0,0.2,0.06230468750000007,5b5ea5089e7cd321,-0.01837347578639592
26,yaw,6,3.0,3.5,3,0.8,warm,b3b2b82e2a4b1ef6,+,1,0.2,0.06230468750000007,5b5ea5089e7cd321,0.020043117487365647
26,yaw,6,3.0,3.5,3,0.8,warm,b3b2b82e2a4b1ef6,+,2,0.2,0.06230468750000007,5b5ea5089e7cd321,0.011399086661599389
26,yaw,6,3.0,3.5,3,0.8,warm,b3b2b82e2a4b1ef6,+,3,0.2,0.06230468750000007,5b5ea5089e7cd321,-0.0002519670608182034
26,yaw,6,3.0,3.5,3,0.8,warm,b3b2b82e2a4b1ef6,+,4,0.2,0.06230468750000007,5b5ea5089e7cd321,-0.0007642981744961919
26,yaw,6,3.0,3.5,3,0.8,warm,b3b2b82e2a4b1ef6,-,0,0.2,0.0,258a3f9307761b21,0.03765646709485959
26,yaw,6,3.0,3.5,3,0.8,warm,b3b2b82e2a4b1ef6,-,1,0.2,0.0,258a3f9307761b21,0.027288855247926458
26,yaw,6,3.0,3.5,3,0.8,warm,b3b2b82e2a4b1ef6,-,2,0.2,0.0,258a3f9307761b21,0.020463307877220394
26,yaw,6,3.0,3.5,3,0.8,warm,b3b2b82e2a4b1ef6,-,3,0.2,0.0,258a3f9307761b21,0.00456739369451542
26,yaw,6,3.0,3.5,3,0.8,warm,b3b2b82e2a4b1ef6,-,4,0.2,0.0,258a3f9307761b21,-0.0103263326336126
27,throttle,6,3.0,3.5,3,0.8,warm,b3b2b82e2a4b1ef6,+,0,0.2,0.0,4566ce0bf7ca7241,0.04387430117063296
27,throttle,6,3.0,3.5,3,0.8,warm,b3b2b82e2a4b1ef6,+,1,0.2,0.0,4566ce0bf7ca7241,0.012277336177857201
27,throttle,6,3.0,3.5,3,0.8,warm,b3b2b82e2a4b1ef6,+,2,0.2,0.0,4566ce0bf7ca7241,0.013616843661187428
27,throttle,6,3.0,3.5,3,0.8,warm,b3b2b82e2a4b1ef6,+,3,0.2,0.0,4566ce0bf7ca7241,0.006986794159740017
27,throttle,6,3.0,3.5,3,0.8,warm,b3b2b82e2a4b1ef6,+,4,0.2,0.0,4566ce0bf7ca7241,0.02221207908235956
27,throttle,6,3.0,3.5,3,0.8,warm,b3b2b82e2a4b1ef6,-,0,0.2,0.0,241bb9586cc40ab9,0.011632553964496473
27,throttle,6,3.0,3.5,3,0.8,warm,b3b2b82e2a4b1ef6,-,1,0.2,0.0,241bb9586cc40ab9,0.034681967220376864
27,throttle,6,3.0,3.5,3,0.8,warm,b3b2b82e2a4b1ef6,-,2,0.2,0.0,241bb9586cc40ab9,0.04237813639613863
27,throttle,6,3.0,3.5,3,0.8,warm,b3b2b82e2a4b1ef6,-,3,0.2,0.0,241bb9586cc40ab9,0.004685836962076029
27,throttle,6,3.0,3.5,3,0.8,warm,b3b2b82e2a4b1ef6,-,4,0.2,0.0,241bb9586cc40ab9,-0.0008465136639481674
28,roll,7,3.5,4.0,3,0.8,warm,b3b2b82e2a4b1ef6,+,0,0.2,0.0,fef9ac9b88f569bc,-0.13480136365900564
28,roll,7,3.5,4.0,3,0.8,warm,b3b2b82e2a4b1ef6,+,1,0.2,0.0,fef9ac9b88f569bc,-0.12506515070607527
28,roll,7,3.5,4.0,3,0.8,warm,b3b2b82e2a4b1ef6,+,2,0.2,0.0,fef9ac9b88f569bc,-0.10043721493901814
28,roll,7,3.5,4.0,3,0.8,warm,b3b2b82e2a4b1ef6,+,3,0.2,0.0,fef9ac9b88f569bc,-0.1415162415806046
28,roll,7,3.5,4.0,3,0.8,warm,b3b2b82e2a4b1ef6,+,4,0.2,0.0,fef9ac9b88f569bc,-0.13884668972233516
28,roll,7,3.5,4.0,3,0.8,warm,b3b2b82e2a4b1ef6,-,0,0.2,0.0,8c63c3bdc06db3ff,0.06873701245557007
28,roll,7,3.5,4.0,3,0.8,warm,b3b2b82e2a4b1ef6,-,1,0.2,0.0,8c63c3bdc06db3ff,0.06462120193332954
28,roll,7,3.5,4.0,3,0.8,warm,b3b2b82e2a4b1ef6,-,2,0.2,0.0,8c63c3bdc06db3ff,0.0801026852122404
28,roll,7,3.5,4.0,3,0.8,warm,b3b2b82e2a4b1ef6,-,3,0.2,0.0,8c63c3bdc06db3ff,0.07036843442852303
28,roll,7,3.5,4.0,3,0.8,warm,b3b2b82e2a4b1ef6,-,4,0.2,0.0,8c63c3bdc06db3ff,0.05345633953076534
29,pitch,7,3.5,4.0,3,0.8,warm,b3b2b82e2a4b1ef6,+,0,0.2,0.0,78216431778bc4fa,0.07128570060465977
29,pitch,7,3.5,4.0,3,0.8,warm,b3b2b82e2a4b1ef6,+,1,0.2,0.0,78216431778bc4fa,0.07273584546620726
29,pitch,7,3.5,4.0,3,0.8,warm,b3b2b82e2a4b1ef6,+,2,0.2,0.0,78216431778bc4fa,0.10770029384574398
29,pitch,7,3.5,4.0,3,0.8,warm,b3b2b82e2a4b1ef6,+,3,0.2,0.0,78216431778bc4fa,0.0722342228185886
29,pitch,7,3.5,4.0,3,0.8,warm,b3b2b82e2a4b1ef6,+,4,0.2,0.0,78216431778bc4fa,0.07718898159774878
29,pitch,7,3.5,4.0,3,0.8,warm,b3b2b82e2a4b1ef6,-,0,0.2,0.0,566b911984f29131,-0.0940012201285273
29,pitch,7,3.5,4.0,3,0.8,warm,b3b2b82e2a4b1ef6,-,1,0.2,0.0,566b911984f29131,-0.13110690830836913
29,pitch,7,3.5,4.0,3,0.8,warm,b3b2b82e2a4b1ef6,-,2,0.2,0.0,566b911984f29131,-0.10939361445884521
29,pitch,7,3.5,4.0,3,0.8,warm,b3b2b82e2a4b1ef6,-,3,0.2,0.0,566b911984f29131,-0.1770471556601907
29,pitch,7,3.5,4.0,3,0.8,warm,b3b2b82e2a4b1ef6,-,4,0.2,0.0,566b911984f29131,-0.1432191933139193
30,yaw,7,3.5,4.0,3,0.8,warm,b3b2b82e2a4b1ef6,+,0,0.2,0.043990893572239426,0336bc5b40cfe2b9,-0.03147465014550488
30,yaw,7,3.5,4.0,3,0.8,warm,b3b2b82e2a4b1ef6,+,1,0.2,0.043990893572239426,0336bc5b40cfe2b9,0.02291912573760002
30,yaw,7,3.5,4.0,3,0.8,warm,b3b2b82e2a4b1ef6,+,2,0.2,0.043990893572239426,0336bc5b40cfe2b9,0.03769088066427406
30,yaw,7,3.5,4.0,3,0.8,warm,b3b2b82e2a4b1ef6,+,3,0.2,0.043990893572239426,0336bc5b40cfe2b9,0.023717356640547638
30,yaw,7,3.5,4.0,3,0.8,warm,b3b2b82e2a4b1ef6,+,4,0.2,0.043990893572239426,0336bc5b40cfe2b9,0.004457452925135552
30,yaw,7,3.5,4.0,3,0.8,warm,b3b2b82e2a4b1ef6,-,0,0.2,0.06230468750000001,13f79e5b3cf449f3,-0.008439643912097727
30,yaw,7,3.5,4.0,3,0.8,warm,b3b2b82e2a4b1ef6,-,1,0.2,0.06230468750000001,13f79e5b3cf449f3,0.01044233842596587
30,yaw,7,3.5,4.0,3,0.8,warm,b3b2b82e2a4b1ef6,-,2,0.2,0.06230468750000001,13f79e5b3cf449f3,-0.0008780689363844241
30,yaw,7,3.5,4.0,3,0.8,warm,b3b2b82e2a4b1ef6,-,3,0.2,0.06230468750000001,13f79e5b3cf449f3,0.043769640782483465
30,yaw,7,3.5,4.0,3,0.8,warm,b3b2b82e2a4b1ef6,-,4,0.2,0.06230468750000001,13f79e5b3cf449f3,0.08871417378932411
31,throttle,7,3.5,4.0,3,0.8,warm,b3b2b82e2a4b1ef6,+,0,0.2,0.0,9eb2cb5f0e3b4040,0.04452226058972786
31,throttle,7,3.5,4.0,3,0.8,warm,b3b2b82e2a4b1ef6,+,1,0.2,0.0,9eb2cb5f0e3b4040,-0.01584148339150626
31,throttle,7,3.5,4.0,3,0.8,warm,b3b2b82e2a4b1ef6,+,2,0.2,0.0,9eb2cb5f0e3b4040,0.0009418329354716759
31,throttle,7,3.5,4.0,3,0.8,warm,b3b2b82e2a4b1ef6,+,3,0.2,0.0,9eb2cb5f0e3b4040,-0.014801769786011887
31,throttle,7,3.5,4.0,3,0.8,warm,b3b2b82e2a4b1ef6,+,4,0.2,0.0,9eb2cb5f0e3b4040,0.03148655636536868
31,throttle,7,3.5,4.0,3,0.8,warm,b3b2b82e2a4b1ef6,-,0,0.2,0.0,30ae9766d97faa15,0.009538190854352036
31,throttle,7,3.5,4.0,3,0.8,warm,b3b2b82e2a4b1ef6,-,1,0.2,0.0,30ae9766d97faa15,-0.015044280290790746
31,throttle,7,3.5,4.0,3,0.8,warm,b3b2b82e2a4b1ef6,-,2,0.2,0.0,30ae9766d97faa15,-0.009187097065370908
31,throttle,7,3.5,4.0,3,0.8,warm,b3b2b82e2a4b1ef6,-,3,0.2,0.0,30ae9766d97faa15,0.012914454349183035
31,throttle,7,3.5,4.0,3,0.8,warm,b3b2b82e2a4b1ef6,-,4,0.2,0.0,30ae9766d97faa15,-0.0030502536429779514
32,roll,8,4.0,4.5,3,0.8,warm,b3b2b82e2a4b1ef6,+,0,0.2,0.0,cbe6503b44c98503,-0.18216126564815072
32,roll,8,4.0,4.5,3,0.8,warm,b3b2b82e2a4b1ef6,+,1,0.2,0.0,cbe6503b44c98503,-0.16821800232461692
32,roll,8,4.0,4.5,3,0.8,warm,b3b2b82e2a4b1ef6,+,2,0.2,0.0,cbe6503b44c98503,-0.1537173649471515
32,roll,8,4.0,4.5,3,0.8,warm,b3b2b82e2a4b1ef6,+,3,0.2,0.0,cbe6503b44c98503,-0.1740559025219376
32,roll,8,4.0,4.5,3,0.8,warm,b3b2b82e2a4b1ef6,+,4,0.2,0.0,cbe6503b44c98503,-0.21105464455447498
32,roll,8,4.0,4.5,3,0.8,warm,b3b2b82e2a4b1ef6,-,0,0.2,0.0,e2bd9cf357317962,0.07193586673311492
32,roll,8,4.0,4.5,3,0.8,warm,b3b2b82e2a4b1ef6,-,1,0.2,0.0,e2bd9cf357317962,0.07653643514063602
32,roll,8,4.0,4.5,3,0.8,warm,b3b2b82e2a4b1ef6,-,2,0.2,0.0,e2bd9cf357317962,0.06071541537791825
32,roll,8,4.0,4.5,3,0.8,warm,b3b2b82e2a4b1ef6,-,3,0.2,0.0,e2bd9cf357317962,0.06109767082214823
32,roll,8,4.0,4.5,3,0.8,warm,b3b2b82e2a4b1ef6,-,4,0.2,0.0,e2bd9cf357317962,0.08608860420988662
33,pitch,8,4.0,4.5,3,0.8,warm,b3b2b82e2a4b1ef6,+,0,0.2,0.0,384eb59f84403502,0.06588832294206526
33,pitch,8,4.0,4.5,3,0.8,warm,b3b2b82e2a4b1ef6,+,1,0.2,0.0,384eb59f84403502,0.08806273109712948
33,pitch,8,4.0,4.5,3,0.8,warm,b3b2b82e2a4b1ef6,+,2,0.2,0.0,384eb59f84403502,0.10945069277135322
33,pitch,8,4.0,4.5,3,0.8,warm,b3b2b82e2a4b1ef6,+,3,0.2,0.0,384eb59f84403502,0.09406623130918701
33,pitch,8,4.0,4.5,3,0.8,warm,b3b2b82e2a4b1ef6,+,4,0.2,0.0,384eb59f84403502,0.1172977408550463
33,pitch,8,4.0,4.5,3,0.8,warm,b3b2b82e2a4b1ef6,-,0,0.2,0.0,3cf1a5f7b966b15b,-0.12615841271975758
33,pitch,8,4.0,4.5,3,0.8,warm,b3b2b82e2a4b1ef6,-,1,0.2,0.0,3cf1a5f7b966b15b,-0.1957815439827486
33,pitch,8,4.0,4.5,3,0.8,warm,b3b2b82e2a4b1ef6,-,2,0.2,0.0,3cf1a5f7b966b15b,-0.13350867358765672
33,pitch,8,4.0,4.5,3,0.8,warm,b3b2b82e2a4b1ef6,-,3,0.2,0.0,3cf1a5f7b966b15b,-0.1515491362099105
33,pitch,8,4.0,4.5,3,0.8,warm,b3b2b82e2a4b1ef6,-,4,0.2,0.0,3cf1a5f7b966b15b,-0.20426448233674788
34,yaw,8,4.0,4.5,3,0.8,warm,b3b2b82e2a4b1ef6,+,0,0.2,0.06230468750000001,95cf15f61c655585,-0.02455856321046712
34,yaw,8,4.0,4.5,3,0.8,warm,b3b2b82e2a4b1ef6,+,1,0.2,0.06230468750000001,95cf15f61c655585,0.02435128958434607
34,yaw,8,4.0,4.5,3,0.8,warm,b3b2b82e2a4b1ef6,+,2,0.2,0.06230468750000001,95cf15f61c655585,0.01187307884871458
34,yaw,8,4.0,4.5,3,0.8,warm,b3b2b82e2a4b1ef6,+,3,0.2,0.06230468750000001,95cf15f61c655585,0.0011990445414064022
34,yaw,8,4.0,4.5,3,0.8,warm,b3b2b82e2a4b1ef6,+,4,0.2,0.06230468750000001,95cf15f61c655585,0.012690455747819906
34,yaw,8,4.0,4.5,3,0.8,warm,b3b2b82e2a4b1ef6,-,0,0.2,0.043990893572239426,847779ae030fc79e,0.009786361787162856
34,yaw,8,4.0,4.5,3,0.8,warm,b3b2b82e2a4b1ef6,-,1,0.2,0.043990893572239426,847779ae030fc79e,0.028246339916521035
34,yaw,8,4.0,4.5,3,0.8,warm,b3b2b82e2a4b1ef6,-,2,0.2,0.043990893572239426,847779ae030fc79e,-0.0012861010235223347
34,yaw,8,4.0,4.5,3,0.8,warm,b3b2b82e2a4b1ef6,-,3,0.2,0.043990893572239426,847779ae030fc79e,0.030550655937970572
34,yaw,8,4.0,4.5,3,0.8,warm,b3b2b82e2a4b1ef6,-,4,0.2,0.043990893572239426,847779ae030fc79e,0.0021291199033584007
35,throttle,8,4.0,4.5,3,0.8,warm,b3b2b82e2a4b1ef6,+,0,0.2,0.0,74eff048681a776d,0.012413952251896343
35,throttle,8,4.0,4.5,3,0.8,warm,b3b2b82e2a4b1ef6,+,1,0.2,0.0,74eff048681a776d,0.05594367901923725
35,throttle,8,4.0,4.5,3,0.8,warm,b3b2b82e2a4b1ef6,+,2,0.2,0.0,74eff048681a776d,0.048487750681329045
35,throttle,8,4.0,4.5,3,0.8,warm,b3b2b82e2a4b1ef6,+,3,0.2,0.0,74eff048681a776d,0.027185841989331383
35,throttle,8,4.0,4.5,3,0.8,warm,b3b2b82e2a4b1ef6,+,4,0.2,0.0,74eff048681a776d,0.018516734383681177
35,throttle,8,4.0,4.5,3,0.8,warm,b3b2b82e2a4b1ef6,-,0,0.2,0.0,f07fb03eb8a27c0e,-0.012769328845998906
35,throttle,8,4.0,4.5,3,0.8,warm,b3b2b82e2a4b1ef6,-,1,0.2,0.0,f07fb03eb8a27c0e,0.033878493345263605
35,throttle,8,4.0,4.5,3,0.8,warm,b3b2b82e2a4b1ef6,-,2,0.2,0.0,f07fb03eb8a27c0e,0.008539871837935253
35,throttle,8,4.0,4.5,3,0.8,warm,b3b2b82e2a4b1ef6,-,3,0.2,0.0,f07fb03eb8a27c0e,0.020751131080363083
35,throttle,8,4.0,4.5,3,0.8,warm,b3b2b82e2a4b1ef6,-,4,0.2,0.0,f07fb03eb8a27c0e,-0.005094215715270467
36,roll,9,4.5,5.0,3,0.8,warm,b3b2b82e2a4b1ef6,+,0,0.2,0.0,6da579646aebda8f,-0.20895787234158258
36,roll,9,4.5,5.0,3,0.8,warm,b3b2b82e2a4b1ef6,+,1,0.2,0.0,6da579646aebda8f,-0.19520764798378465
36,roll,9,4.5,5.0,3,0.8,warm,b3b2b82e2a4b1ef6,+,2,0.2,0.0,6da579646aebda8f,-0.20889570424827175
36,roll,9,4.5,5.0,3,0.8,warm,b3b2b82e2a4b1ef6,+,3,0.2,0.0,6da579646aebda8f,-0.1769582693551498
36,roll,9,4.5,5.0,3,0.8,warm,b3b2b82e2a4b1ef6,+,4,0.2,0.0,6da579646aebda8f,-0.21016895245070466
36,roll,9,4.5,5.0,3,0.8,warm,b3b2b82e2a4b1ef6,-,0,0.2,0.0,87c23d8e5a9f0829,0.08748628185440122
36,roll,9,4.5,5.0,3,0.8,warm,b3b2b82e2a4b1ef6,-,1,0.2,0.0,87c23d8e5a9f0829,0.09838833861061302
36,roll,9,4.5,5.0,3,0.8,warm,b3b2b82e2a4b1ef6,-,2,0.2,0.0,87c23d8e5a9f0829,0.0929720499573603
36,roll,9,4.5,5.0,3,0.8,warm,b3b2b82e2a4b1ef6,-,3,0.2,0.0,87c23d8e5a9f0829,0.07405973278370004
36,roll,9,4.5,5.0,3,0.8,warm,b3b2b82e2a4b1ef6,-,4,0.2,0.0,87c23d8e5a9f0829,0.09383485693623916
37,pitch,9,4.5,5.0,3,0.8,warm,b3b2b82e2a4b1ef6,+,0,0.2,0.0,bd932fe34b62a7e0,0.07260618074357239
37,pitch,9,4.5,5.0,3,0.8,warm,b3b2b82e2a4b1ef6,+,1,0.2,0.0,bd932fe34b62a7e0,0.08182706971425413
37,pitch,9,4.5,5.0,3,0.8,warm,b3b2b82e2a4b1ef6,+,2,0.2,0.0,bd932fe34b62a7e0,0.07035879317130544
37,pitch,9,4.5,5.0,3,0.8,warm,b3b2b82e2a4b1ef6,+,3,0.2,0.0,bd932fe34b62a7e0,0.11166876262900671
37,pitch,9,4.5,5.0,3,0.8,warm,b3b2b82e2a4b1ef6,+,4,0.2,0.0,bd932fe34b62a7e0,0.09085271171538234
37,pitch,9,4.5,5.0,3,0.8,warm,b3b2b82e2a4b1ef6,-,0,0.2,0.0,74076a6e823627d1,-0.2223923170569171
37,pitch,9,4.5,5.0,3,0.8,warm,b3b2b82e2a4b1ef6,-,1,0.2,0.0,74076a6e823627d1,-0.1907478741121985
37,pitch,9,4.5,5.0,3,0.8,warm,b3b2b82e2a4b1ef6,-,2,0.2,0.0,74076a6e823627d1,-0.23781731283312513
37,pitch,9,4.5,5.0,3,0.8,warm,b3b2b82e2a4b1ef6,-,3,0.2,0.0,74076a6e823627d1,-0.22250085469594194
37,pitch,9,4.5,5.0,3,0.8,warm,b3b2b82e2a4b1ef6,-,4,0.2,0.0,74076a6e823627d1,-0.23118918558939838
38,yaw,9,4.5,5.0,3,0.8,warm,b3b2b82e2a4b1ef6,+,0,0.2,0.0,936f0945afa497bd,-0.005184932595474145
38,yaw,9,4.5,5.0,3,0.8,warm,b3b2b82e2a4b1ef6,+,1,0.2,0.0,936f0945afa497bd,-0.02109045990247982
38,yaw,9,4.5,5.0,3,0.8,warm,b3b2b82e2a4b1ef6,+,2,0.2,0.0,936f0945afa497bd,0.019980025443112504
38,yaw,9,4.5,5.0,3,0.8,warm,b3b2b82e2a4b1ef6,+,3,0.2,0.0,936f0945afa497bd,0.031240946398243263
38,yaw,9,4.5,5.0,3,0.8,warm,b3b2b82e2a4b1ef6,+,4,0.2,0.0,936f0945afa497bd,0.04960660641916281
38,yaw,9,4.5,5.0,3,0.8,warm,b3b2b82e2a4b1ef6,-,0,0.2,0.06230468750000001,19b69a009e1a75ea,0.035157177098050996
38,yaw,9,4.5,5.0,3,0.8,warm,b3b2b82e2a4b1ef6,-,1,0.2,0.06230468750000001,19b69a009e1a75ea,-0.02013327848228752
38,yaw,9,4.5,5.0,3,0.8,warm,b3b2b82e2a4b1ef6,-,2,0.2,0.06230468750000001,19b69a009e1a75ea,0.012005879909268158
38,yaw,9,4.5,5.0,3,0.8,warm,b3b2b82e2a4b1ef6,-,3,0.2,0.06230468750000001,19b69a009e1a75ea,0.00042819379297909244
38,yaw,9,4.5,5.0,3,0.8,warm,b3b2b82e2a4b1ef6,-,4,0.2,0.06230468750000001,19b69a009e1a75ea,0.013162345452233715
39,throttle,9,4.5,5.0,3,0.8,warm,b3b2b82e2a4b1ef6,+,0,0.2,0.0,db19ac5f1033f7c1,0.009051186531276123
39,throttle,9,4.5,5.0,3,0.8,warm,b3b2b82e2a4b1ef6,+,1,0.2,0.0,db19ac5f1033f7c1,-0.0032674854236941497
39,throttle,9,4.5,5.0,3,0.8,warm,b3b2b82e2a4b1ef6,+,2,0.2,0.0,db19ac5f1033f7c1,-0.011934445548061001
39,throttle,9,4.5,5.0,3,0.8,warm,b3b2b82e2a4b1ef6,+,3,0.2,0.0,db19ac5f1033f7c1,-0.006382953124329016
39,throttle,9,4.5,5.0,3,0.8,warm,b3b2b82e2a4b1ef6,+,4,0.2,0.0,db19ac5f1033f7c1,0.00782460105510363
39,throttle,9,4.5,5.0,3,0.8,warm,b3b2b82e2a4b1ef6,-,0,0.2,0.0,3ee9591445074e51,0.008645034776549654
39,throttle,9,4.5,5.0,3,0.8,warm,b3b2b82e2a4b1ef6,-,1,0.2,0.0,3ee9591445074e51,0.017626453218069105
39,throttle,9,4.5,5.0,3,0.8,warm,b3b2b82e2a4b1ef6,-,2,0.2,0.0,3ee9591445074e51,-0.023273999152371383
39,throttle,9,4.5,5.0,3,0.8,warm,b3b2b82e2a4b1ef6,-,3,0.2,0.0,3ee9591445074e51,-0.018303158102248918
39,throttle,9,4.5,5.0,3,0.8,warm,b3b2b82e2a4b1ef6,-,4,0.2,0.0,3ee9591445074e51,0.009013167306836434
