group_id,channel,window_id,t_start,t_end,alpha,sign,repeat_idx,delta_probe,projection_linf,theta_hash,query_id,rho_xy_velocity,rho_xy_drift,rho_alt_drift
0,roll,0,0.0,0.5,0.44921875,+,0,0.2,0.06230468750000001,e05f07a50e9d23a3,e05f07a50e9d23a3_px4_position_0_stage1_redo_delta020_pointV_g00_plus_repeat0,0.0596530685345541,1.0950498478822395,0.9083833694458008
0,roll,0,0.0,0.5,0.44921875,-,0,0.2,0.06230468750000001,f99d2bce26bd3e1d,f99d2bce26bd3e1d_px4_position_0_stage1_redo_delta020_pointV_g00_minus_repeat0,0.008007868195334833,1.103592102641942,0.916165828704834
0,roll,0,0.0,0.5,0.44921875,+,1,0.2,0.06230468750000001,e05f07a50e9d23a3,e05f07a50e9d23a3_px4_position_0_stage1_redo_delta020_pointV_g00_plus_repeat1,0.051189735433156525,1.101009236105349,0.908205509185791
0,roll,0,0.0,0.5,0.44921875,-,1,0.2,0.06230468750000001,f99d2bce26bd3e1d,f99d2bce26bd3e1d_px4_position_0_stage1_redo_delta020_pointV_g00_minus_repeat1,-0.002781748187274724,1.0525268506101622,0.9067020416259766
0,roll,0,0.0,0.5,0.44921875,+,2,0.2,0.06230468750000001,e05f07a50e9d23a3,e05f07a50e9d23a3_px4_position_0_stage1_redo_delta020_pointV_g00_plus_repeat2,0.010366287600893864,0.9991995915088039,0.9069838523864746
0,roll,0,0.0,0.5,0.44921875,-,2,0.2,0.06230468750000001,f99d2bce26bd3e1d,f99d2bce26bd3e1d_px4_position_0_stage1_redo_delta020_pointV_g00_minus_repeat2,0.017953425579524174,1.0024159425775387,0.905189037322998
1,pitch,0,0.0,0.5,0.44921875,+,0,0.2,0.06230468750000001,714e30b797b29e35,714e30b797b29e35_px4_position_0_stage1_redo_delta020_pointV_g01_plus_repeat0,0.03313652551973034,1.0761930952319174,0.9202632904052734
1,pitch,0,0.0,0.5,0.44921875,-,0,0.2,0.06230468750000001,370a7ffa865bf721,370a7ffa865bf721_px4_position_0_stage1_redo_delta020_pointV_g01_minus_repeat0,-0.02148996958759275,1.0429619386616777,0.9100914001464844
1,pitch,0,0.0,0.5,0.44921875,+,1,0.2,0.06230468750000001,714e30b797b29e35,714e30b797b29e35_px4_position_0_stage1_redo_delta020_pointV_g01_plus_repeat1,-0.03372334118469844,1.0160429563196998,0.9186210632324219
1,pitch,0,0.0,0.5,0.44921875,-,1,0.2,0.06230468750000001,370a7ffa865bf721,370a7ffa865bf721_px4_position_0_stage1_redo_delta020_pointV_g01_minus_repeat1,-0.02191562361478483,0.9850307309885156,0.9158473014831543
1,pitch,0,0.0,0.5,0.44921875,+,2,0.2,0.06230468750000001,714e30b797b29e35,714e30b797b29e35_px4_position_0_stage1_redo_delta020_pointV_g01_plus_repeat2,-0.01762240320370645,1.0146060991541002,0.9078989028930664
1,pitch,0,0.0,0.5,0.44921875,-,2,0.2,0.06230468750000001,370a7ffa865bf721,370a7ffa865bf721_px4_position_0_stage1_redo_delta020_pointV_g01_minus_repeat2,0.05703525863521641,1.1298082024177596,0.9141554832458496
2,yaw,0,0.0,0.5,0.44921875,+,0,0.2,0.06230468750000001,36bd23bf3dc30e1a,36bd23bf3dc30e1a_px4_position_0_stage1_redo_delta020_pointV_g02_plus_repeat0,0.018527584975309153,1.098006111583982,0.908043384552002
2,yaw,0,0.0,0.5,0.44921875,-,0,0.2,0.06230468750000001,86efa49d33163398,86efa49d33163398_px4_position_0_stage1_redo_delta020_pointV_g02_minus_repeat0,-0.06887917446907244,0.9721009136923284,0.9130086898803711
2,yaw,0,0.0,0.5,0.44921875,+,1,0.2,0.06230468750000001,36bd23bf3dc30e1a,36bd23bf3dc30e1a_px4_position_0_stage1_redo_delta020_pointV_g02_plus_repeat1,0.06631237495931108,1.1176264123832116,0.9105567932128906
2,yaw,0,0.0,0.5,0.44921875,-,1,0.2,0.06230468750000001,86efa49d33163398,86efa49d33163398_px4_position_0_stage1_redo_delta020_pointV_g02_minus_repeat1,0.10123309235335276,1.1645241206791435,0.9080314636230469
2,yaw,0,0.0,0.5,0.44921875,+,2,0.2,0.06230468750000001,36bd23bf3dc30e1a,36bd23bf3dc30e1a_px4_position_0_stage1_redo_delta020_pointV_g02_plus_repeat2,0.018913045754780256,1.1346786765620749,0.9155154228210449
2,yaw,0,0.0,0.5,0.44921875,-,2,0.2,0.06230468750000001,86efa49d33163398,86efa49d33163398_px4_position_0_stage1_redo_delta020_pointV_g02_minus_repeat2,0.08509580469675782,1.1493135288279763,0.9157295227050781
3,throttle,0,0.0,0.5,0.44921875,+,0,0.2,0.06230468750000001,1e46417d874a8808,1e46417d874a8808_px4_position_0_stage1_redo_delta020_pointV_g03_plus_repeat0,-0.010617748397087956,1.0240346155942674,0.9103250503540039
3,throttle,0,0.0,0.5,0.44921875,-,0,0.2,0.008211582483107022,d93bcc2de72c36c6,d93bcc2de72c36c6_px4_position_0_stage1_redo_delta020_pointV_g03_minus_repeat0,0.02125888635694584,1.1345206091757403,0.9085354804992676
3,throttle,0,0.0,0.5,0.44921875,+,1,0.2,0.06230468750000001,1e46417d874a8808,1e46417d874a8808_px4_position_0_stage1_redo_delta020_pointV_g03_plus_repeat1,-0.06915314162541719,0.9298896242638426,0.9087615013122559
3,throttle,0,0.0,0.5,0.44921875,-,1,0.2,0.008211582483107022,d93bcc2de72c36c6,d93bcc2de72c36c6_px4_position_0_stage1_redo_delta020_pointV_g03_minus_repeat1,0.046695484738704995,1.1045180363570157,0.9138031005859375
3,throttle,0,0.0,0.5,0.44921875,+,2,0.2,0.06230468750000001,1e46417d874a8808,1e46417d874a8808_px4_position_0_stage1_redo_delta020_pointV_g03_plus_repeat2,0.05909132136864903,1.101863016664071,0.9058613777160645
3,throttle,0,0.0,0.5,0.44921875,-,2,0.2,0.008211582483107022,d93bcc2de72c36c6,d93bcc2de72c36c6_px4_position_0_stage1_redo_delta020_pointV_g03_minus_repeat2,0.022363128068415006,1.0823388539383887,0.9194331169128418
4,roll,1,0.5,1.0,0.44921875,+,0,0.2,0.06230468750000001,7249aa30f60683ea,7249aa30f60683ea_px4_position_0_stage1_redo_delta020_pointV_g04_plus_repeat0,-0.044273835360557845,0.9913111683590534,0.9108052253723145
4,roll,1,0.5,1.0,0.44921875,-,0,0.2,0.03984375000000001,de6bc3b55c0591e3,de6bc3b55c0591e3_px4_position_0_stage1_redo_delta020_pointV_g04_minus_repeat0,-0.021504058172556517,1.0216402403811624,0.9188270568847656
4,roll,1,0.5,1.0,0.44921875,+,1,0.2,0.06230468750000001,7249aa30f60683ea,7249aa30f60683ea_px4_position_0_stage1_redo_delta020_pointV_g04_plus_repeat1,-0.02042342216507209,1.0255595320017272,0.912602424621582
4,roll,1,0.5,1.0,0.44921875,-,1,0.2,0.03984375000000001,de6bc3b55c0591e3,de6bc3b55c0591e3_px4_position_0_stage1_redo_delta020_pointV_g04_minus_repeat1,0.05461108308228635,1.1148217825858806,0.9201440811157227
4,roll,1,0.5,1.0,0.44921875,+,2,0.2,0.06230468750000001,7249aa30f60683ea,7249aa30f60683ea_px4_position_0_stage1_redo_delta020_pointV_g04_plus_repeat2,-0.002999227366915269,1.0678790544444516,0.9091739654541016
4,roll,1,0.5,1.0,0.44921875,-,2,0.2,0.03984375000000001,de6bc3b55c0591e3,de6bc3b55c0591e3_px4_position_0_stage1_redo_delta020_pointV_g04_minus_repeat2,0.03086243424958368,1.0260093388963405,0.9106135368347168
5,pitch,1,0.5,1.0,0.44921875,+,0,0.2,0.03984375000000001,4172217170f0bb5d,4172217170f0bb5d_px4_position_0_stage1_redo_delta020_pointV_g05_plus_repeat0,0.06918624761584324,1.1103649125373827,0.9011263847351074
5,pitch,1,0.5,1.0,0.44921875,-,0,0.2,0.06230468750000001,569f82804ae40c90,569f82804ae40c90_px4_position_0_stage1_redo_delta020_pointV_g05_minus_repeat0,-0.04514446222028856,0.9762419236226865,0.9019331932067871
5,pitch,1,0.5,1.0,0.44921875,+,1,0.2,0.03984375000000001,4172217170f0bb5d,4172217170f0bb5d_px4_position_0_stage1_redo_delta020_pointV_g05_plus_repeat1,0.01777919832185826,1.056086835894137,0.9075174331665039
5,pitch,1,0.5,1.0,0.44921875,-,1,0.2,0.06230468750000001,569f82804ae40c90,569f82804ae40c90_px4_position_0_stage1_redo_delta020_pointV_g05_minus_repeat1,0.04349620925234565,1.0549420062323431,0.9077115058898926
5,pitch,1,0.5,1.0,0.44921875,+,2,0.2,0.03984375000000001,4172217170f0bb5d,4172217170f0bb5d_px4_position_0_stage1_redo_delta020_pointV_g05_plus_repeat2,-0.025025105756222743,1.0417214205296184,0.9069614410400391
5,pitch,1,0.5,1.0,0.44921875,-,2,0.2,0.06230468750000001,569f82804ae40c90,569f82804ae40c90_px4_position_0_stage1_redo_delta020_pointV_g05_minus_repeat2,0.005394765119535738,1.062381469069312,0.9019327163696289
6,yaw,1,0.5,1.0,0.44921875,+,0,0.2,0.03984375000000001,2aebe650d1d4bf1a,2aebe650d1d4bf1a_px4_position_0_stage1_redo_delta020_pointV_g06_plus_repeat0,0.05307648459362646,1.0466043611401197,0.8992428779602051
6,yaw,1,0.5,1.0,0.44921875,-,0,0.2,0.06230468750000001,e26b7da989dfb556,e26b7da989dfb556_px4_position_0_stage1_redo_delta020_pointV_g06_minus_repeat0,-0.03699082721760827,0.9760671500908376,0.9101653099060059
6,yaw,1,0.5,1.0,0.44921875,+,1,0.2,0.03984375000000001,2aebe650d1d4bf1a,2aebe650d1d4bf1a_px4_position_0_stage1_redo_delta020_pointV_g06_plus_repeat1,-0.037088941856584956,1.0105873143619375,0.9173974990844727
6,yaw,1,0.5,1.0,0.44921875,-,1,0.2,0.06230468750000001,e26b7da989dfb556,e26b7da989dfb556_px4_position_0_stage1_redo_delta020_pointV_g06_minus_repeat1,0.08740868498832643,1.1190939104244377,0.9190754890441895
6,yaw,1,0.5,1.0,0.44921875,+,2,0.2,0.03984375000000001,2aebe650d1d4bf1a,2aebe650d1d4bf1a_px4_position_0_stage1_redo_delta020_pointV_g06_plus_repeat2,0.061409658954031277,1.105883158233108,0.9139461517333984
6,yaw,1,0.5,1.0,0.44921875,-,2,0.2,0.06230468750000001,e26b7da989dfb556,e26b7da989dfb556_px4_position_0_stage1_redo_delta020_pointV_g06_minus_repeat2,-0.032619178051151554,0.9688473998217733,0.9077401161193848
7,throttle,1,0.5,1.0,0.44921875,+,0,0.2,0.00821158248310705,29612fdc66e4c1ba,29612fdc66e4c1ba_px4_position_0_stage1_redo_delta020_pointV_g07_plus_repeat0,-0.07411951485815438,0.9828419416166498,0.9087557792663574
7,throttle,1,0.5,1.0,0.44921875,-,0,0.2,0.06230468749999998,bf2d2e12e4c1356d,bf2d2e12e4c1356d_px4_position_0_stage1_redo_delta020_pointV_g07_minus_repeat0,0.03912547503408459,1.0794068358817948,0.9104657173156738
7,throttle,1,0.5,1.0,0.44921875,+,1,0.2,0.00821158248310705,29612fdc66e4c1ba,29612fdc66e4c1ba_px4_position_0_stage1_redo_delta020_pointV_g07_plus_repeat1,-0.005626097261109297,1.0385282389393744,0.9125514030456543
7,throttle,1,0.5,1.0,0.44921875,-,1,0.2,0.06230468749999998,bf2d2e12e4c1356d,bf2d2e12e4c1356d_px4_position_0_stage1_redo_delta020_pointV_g07_minus_repeat1,0.017746339521818477,1.0900137941513468,0.9061355590820312
7,throttle,1,0.5,1.0,0.44921875,+,2,0.2,0.00821158248310705,29612fdc66e4c1ba,29612fdc66e4c1ba_px4_position_0_stage1_redo_delta020_pointV_g07_plus_repeat2,-0.03902735371416255,0.9848356457574288,0.9004254341125488
7,throttle,1,0.5,1.0,0.44921875,-,2,0.2,0.06230468749999998,bf2d2e12e4c1356d,bf2d2e12e4c1356d_px4_position_0_stage1_redo_delta020_pointV_g07_minus_repeat2,-0.02831746493833176,1.0375728789632623,0.9075136184692383
8,roll,2,1.0,1.5,0.44921875,+,0,0.2,0.039843749999999956,180b356317f929f4,180b356317f929f4_px4_position_0_stage1_redo_delta020_pointV_g08_plus_repeat0,-0.06910784759985056,0.9865828743457628,0.9074921607971191
8,roll,2,1.0,1.5,0.44921875,-,0,0.2,0.0,87ffaee4c5de1773,87ffaee4c5de1773_px4_position_0_stage1_redo_delta020_pointV_g08_minus_repeat0,0.013358689873225194,1.0703472063683246,0.907188892364502
8,roll,2,1.0,1.5,0.44921875,+,1,0.2,0.039843749999999956,180b356317f929f4,180b356317f929f4_px4_position_0_stage1_redo_delta020_pointV_g08_plus_repeat1,-0.019644366409803826,0.9606791535762293,0.9078450202941895
8,roll,2,1.0,1.5,0.44921875,-,1,0.2,0.0,87ffaee4c5de1773,87ffaee4c5de1773_px4_position_0_stage1_redo_delta020_pointV_g08_minus_repeat1,0.08081948875778044,1.1221663889175337,0.920478343963623
8,roll,2,1.0,1.5,0.44921875,+,2,0.2,0.039843749999999956,180b356317f929f4,180b356317f929f4_px4_position_0_stage1_redo_delta020_pointV_g08_plus_repeat2,-0.0613619921262043,0.9916034147521566,0.9110274314880371
8,roll,2,1.0,1.5,0.44921875,-,2,0.2,0.0,87ffaee4c5de1773,87ffaee4c5de1773_px4_position_0_stage1_redo_delta020_pointV_g08_minus_repeat2,0.08374216368760212,1.15204181994888,0.9056077003479004
9,pitch,2,1.0,1.5,0.44921875,+,0,0.2,0.0,1733f5c553d942fa,1733f5c553d942fa_px4_position_0_stage1_redo_delta020_pointV_g09_plus_repeat0,0.04076492430340761,1.067101294025921,0.9089784622192383
9,pitch,2,1.0,1.5,0.44921875,-,0,0.2,0.039843749999999956,9b1c4d18407b314e,9b1c4d18407b314e_px4_position_0_stage1_redo_delta020_pointV_g09_minus_repeat0,-0.03457616579214462,1.0071382256845087,0.9026899337768555
9,pitch,2,1.0,1.5,0.44921875,+,1,0.2,0.0,1733f5c553d942fa,1733f5c553d942fa_px4_position_0_stage1_redo_delta020_pointV_g09_plus_repeat1,0.06903673247333597,1.0949881938217687,0.9113655090332031
9,pitch,2,1.0,1.5,0.44921875,-,1,0.2,0.039843749999999956,9b1c4d18407b314e,9b1c4d18407b314e_px4_position_0_stage1_redo_delta020_pointV_g09_minus_repeat1,0.030892627463851352,1.0776197172144508,0.920567512512207
9,pitch,2,1.0,1.5,0.44921875,+,2,0.2,0.0,1733f5c553d942fa,1733f5c553d942fa_px4_position_0_stage1_redo_delta020_pointV_g09_plus_repeat2,0.1194104683660755,1.1767707142407224,0.9184198379516602
9,pitch,2,1.0,1.5,0.44921875,-,2,0.2,0.039843749999999956,9b1c4d18407b314e,9b1c4d18407b314e_px4_position_0_stage1_redo_delta020_pointV_g09_minus_repeat2,0.017311016064391116,1.0376427211929031,0.9018411636352539
10,yaw,2,1.0,1.5,0.44921875,+,0,0.2,0.0,7f9ba77519e436bc,7f9ba77519e436bc_px4_position_0_stage1_redo_delta020_pointV_g10_plus_repeat0,-0.03562845112343083,0.9991185683916297,0.9149117469787598
10,yaw,2,1.0,1.5,0.44921875,-,0,0.2,0.039843749999999956,5c9f7870c51075fe,5c9f7870c51075fe_px4_position_0_stage1_redo_delta020_pointV_g10_minus_repeat0,-0.03159290215702981,1.003715810735087,0.8986921310424805
10,yaw,2,1.0,1.5,0.44921875,+,1,0.2,0.0,7f9ba77519e436bc,7f9ba77519e436bc_px4_position_0_stage1_redo_delta020_pointV_g10_plus_repeat1,0.035432510268960105,1.0601752541046798,0.9057459831237793
10,yaw,2,1.0,1.5,0.44921875,-,1,0.2,0.039843749999999956,5c9f7870c51075fe,5c9f7870c51075fe_px4_position_0_stage1_redo_delta020_pointV_g10_minus_repeat1,0.05159745498924673,1.1470947299425513,0.9091787338256836
10,yaw,2,1.0,1.5,0.44921875,+,2,0.2,0.0,7f9ba77519e436bc,7f9ba77519e436bc_px4_position_0_stage1_redo_delta020_pointV_g10_plus_repeat2,0.0478707651807444,1.0565195107204002,0.9039220809936523
10,yaw,2,1.0,1.5,0.44921875,-,2,0.2,0.039843749999999956,5c9f7870c51075fe,5c9f7870c51075fe_px4_position_0_stage1_redo_delta020_pointV_g10_minus_repeat2,-0.0361276970445783,1.009641962249245,0.9091415405273438
11,throttle,2,1.0,1.5,0.44921875,+,0,0.2,0.06230468750000001,e4f3cf83092a5245,e4f3cf83092a5245_px4_position_0_stage1_redo_delta020_pointV_g11_plus_repeat0,0.08320329391451164,1.167540554644399,0.9069809913635254
11,throttle,2,1.0,1.5,0.44921875,-,0,0.2,0.0,5b2ef5b6af5081c6,5b2ef5b6af5081c6_px4_position_0_stage1_redo_delta020_pointV_g11_minus_repeat0,-0.033148968018207325,1.0361851516730205,0.9056730270385742
11,throttle,2,1.0,1.5,0.44921875,+,1,0.2,0.06230468750000001,e4f3cf83092a5245,e4f3cf83092a5245_px4_position_0_stage1_redo_delta020_pointV_g11_plus_repeat1,0.00735730758056985,1.0726024465600552,0.9118266105651855
11,throttle,2,1.0,1.5,0.44921875,-,1,0.2,0.0,5b2ef5b6af5081c6,5b2ef5b6af5081c6_px4_position_0_stage1_redo_delta020_pointV_g11_minus_repeat1,0.05124651258874413,1.092574595309893,0.905329704284668
11,throttle,2,1.0,1.5,0.44921875,+,2,0.2,0.06230468750000001,e4f3cf83092a5245,e4f3cf83092a5245_px4_position_0_stage1_redo_delta020_pointV_g11_plus_repeat2,-0.017573480100685712,0.9868494744205822,0.9103431701660156
11,throttle,2,1.0,1.5,0.44921875,-,2,0.2,0.0,5b2ef5b6af5081c6,5b2ef5b6af5081c6_px4_position_0_stage1_redo_delta020_pointV_g11_minus_repeat2,-0.011594869000697505,1.0510232082322977,0.9125790596008301
12,roll,3,1.5,2.0,0.44921875,+,0,0.2,0.0,d53ae468287f7dba,d53ae468287f7dba_px4_position_0_stage1_redo_delta020_pointV_g12_plus_repeat0,-0.037694480261593055,0.9729359914161624,0.9143390655517578
12,roll,3,1.5,2.0,0.44921875,-,0,0.2,0.0,89a9e09cb2e41ec2,89a9e09cb2e41ec2_px4_position_0_stage1_redo_delta020_pointV_g12_minus_repeat0,0.039003644283633454,1.0440464676926002,0.9116044044494629
12,roll,3,1.5,2.0,0.44921875,+,1,0.2,0.0,d53ae468287f7dba,d53ae468287f7dba_px4_position_0_stage1_redo_delta020_pointV_g12_plus_repeat1,-0.05819402413623398,0.9924211172467121,0.9034185409545898
12,roll,3,1.5,2.0,0.44921875,-,1,0.2,0.0,89a9e09cb2e41ec2,89a9e09cb2e41ec2_px4_position_0_stage1_redo_delta020_pointV_g12_minus_repeat1,0.0011816970551051798,1.0840695897902526,0.9076886177062988
12,roll,3,1.5,2.0,0.44921875,+,2,0.2,0.0,d53ae468287f7dba,d53ae468287f7dba_px4_position_0_stage1_redo_delta020_pointV_g12_plus_repeat2,-0.013205254922010301,1.072183353679219,0.9031844139099121
12,roll,3,1.5,2.0,0.44921875,-,2,0.2,0.0,89a9e09cb2e41ec2,89a9e09cb2e41ec2_px4_position_0_stage1_redo_delta020_pointV_g12_minus_repeat2,-0.006648279800492318,1.0401476371778875,0.9053125381469727
13,pitch,3,1.5,2.0,0.44921875,+,0,0.2,0.0,22b3e01081df0c2d,22b3e01081df0c2d_px4_position_0_stage1_redo_delta020_pointV_g13_plus_repeat0,0.041870656583628985,1.0944548438065986,0.9172358512878418
13,pitch,3,1.5,2.0,0.44921875,-,0,0.2,0.0,b49778e4f0958172,b49778e4f0958172_px4_position_0_stage1_redo_delta020_pointV_g13_minus_repeat0,0.019698624145751742,1.0894020827368311,0.9190139770507812
13,pitch,3,1.5,2.0,0.44921875,+,1,0.2,0.0,22b3e01081df0c2d,22b3e01081df0c2d_px4_position_0_stage1_redo_delta020_pointV_g13_plus_repeat1,0.09465780559485948,1.1217906355277945,0.9117345809936523
13,pitch,3,1.5,2.0,0.44921875,-,1,0.2,0.0,b49778e4f0958172,b49778e4f0958172_px4_position_0_stage1_redo_delta020_pointV_g13_minus_repeat1,-0.12451362135550315,0.8913301922507202,0.9165735244750977
13,pitch,3,1.5,2.0,0.44921875,+,2,0.2,0.0,22b3e01081df0c2d,22b3e01081df0c2d_px4_position_0_stage1_redo_delta020_pointV_g13_plus_repeat2,0.036546231177768784,1.0921338715936642,0.911043643951416
13,pitch,3,1.5,2.0,0.44921875,-,2,0.2,0.0,b49778e4f0958172,b49778e4f0958172_px4_position_0_stage1_redo_delta020_pointV_g13_minus_repeat2,-0.058305930908717496,1.0001371435419046,0.9121494293212891
14,yaw,3,1.5,2.0,0.44921875,+,0,0.2,0.06230468750000004,1038d31d62c6715b,1038d31d62c6715b_px4_position_0_stage1_redo_delta020_pointV_g14_plus_repeat0,-0.009331038525568713,0.9881702109993475,0.9023571014404297
14,yaw,3,1.5,2.0,0.44921875,-,0,0.2,0.06230468749999997,0f4239018ffe129d,0f4239018ffe129d_px4_position_0_stage1_redo_delta020_pointV_g14_minus_repeat0,0.057704911725925956,1.0951289114832772,0.9026198387145996
14,yaw,3,1.5,2.0,0.44921875,+,1,0.2,0.06230468750000004,1038d31d62c6715b,1038d31d62c6715b_px4_position_0_stage1_redo_delta020_pointV_g14_plus_repeat1,0.04372414643787481,1.0934438973094545,0.916130542755127
14,yaw,3,1.5,2.0,0.44921875,-,1,0.2,0.06230468749999997,0f4239018ffe129d,0f4239018ffe129d_px4_position_0_stage1_redo_delta020_pointV_g14_minus_repeat1,0.023234378943982947,1.0824790412632754,0.9021387100219727
14,yaw,3,1.5,2.0,0.44921875,+,2,0.2,0.06230468750000004,1038d31d62c6715b,1038d31d62c6715b_px4_position_0_stage1_redo_delta020_pointV_g14_plus_repeat2,0.07016960515908266,1.1572017473204586,0.9122843742370605
14,yaw,3,1.5,2.0,0.44921875,-,2,0.2,0.06230468749999997,0f4239018ffe129d,0f4239018ffe129d_px4_position_0_stage1_redo_delta020_pointV_g14_minus_repeat2,-0.05082001918480872,1.0186467253668594,0.9124503135681152
15,throttle,3,1.5,2.0,0.44921875,+,0,0.2,0.0,2dd21f8b8441ee39,2dd21f8b8441ee39_px4_position_0_stage1_redo_delta020_pointV_g15_plus_repeat0,-0.0008402219180296822,1.0510489785545425,0.8972153663635254
15,throttle,3,1.5,2.0,0.44921875,-,0,0.2,0.0,ef0fa7a4c22d9fc7,ef0fa7a4c22d9fc7_px4_position_0_stage1_redo_delta020_pointV_g15_minus_repeat0,0.042220364570800695,1.0749174073823837,0.9017333984375
15,throttle,3,1.5,2.0,0.44921875,+,1,0.2,0.0,2dd21f8b8441ee39,2dd21f8b8441ee39_px4_position_0_stage1_redo_delta020_pointV_g15_plus_repeat1,-0.0226692314964676,1.0492985756175057,0.9127559661865234
15,throttle,3,1.5,2.0,0.44921875,-,1,0.2,0.0,ef0fa7a4c22d9fc7,ef0fa7a4c22d9fc7_px4_position_0_stage1_redo_delta020_pointV_g15_minus_repeat1,0.03515621917957423,1.0393491482244737,0.906125545501709
15,throttle,3,1.5,2.0,0.44921875,+,2,0.2,0.0,2dd21f8b8441ee39,2dd21f8b8441ee39_px4_position_0_stage1_redo_delta020_pointV_g15_plus_repeat2,0.061195544419515135,1.0947284201846323,0.9016094207763672
15,throttle,3,1.5,2.0,0.44921875,-,2,0.2,0.0,ef0fa7a4c22d9fc7,ef0fa7a4c22d9fc7_px4_position_0_stage1_redo_delta020_pointV_g15_minus_repeat2,0.037354566440783055,1.0732810157654353,0.9087862968444824
16,roll,4,2.0,2.5,0.44921875,+,0,0.2,0.0,cba036529e75a704,cba036529e75a704_px4_position_0_stage1_redo_delta020_pointV_g16_plus_repeat0,-0.031181924370133673,0.9624092520423706,0.9130735397338867
16,roll,4,2.0,2.5,0.44921875,-,0,0.2,0.0,d87cd3d0d4fbee1b,d87cd3d0d4fbee1b_px4_position_0_stage1_redo_delta020_pointV_g16_minus_repeat0,0.015287073743452728,1.0198173734727143,0.9112391471862793
16,roll,4,2.0,2.5,0.44921875,+,1,0.2,0.0,cba036529e75a704,cba036529e75a704_px4_position_0_stage1_redo_delta020_pointV_g16_plus_repeat1,-0.1268314003980806,0.9060166905018654,0.9084606170654297
16,roll,4,2.0,2.5,0.44921875,-,1,0.2,0.0,d87cd3d0d4fbee1b,d87cd3d0d4fbee1b_px4_position_0_stage1_redo_delta020_pointV_g16_minus_repeat1,0.04772605843406319,1.1042650767600461,0.9095911979675293
16,roll,4,2.0,2.5,0.44921875,+,2,0.2,0.0,cba036529e75a704,cba036529e75a704_px4_position_0_stage1_redo_delta020_pointV_g16_plus_repeat2,-0.06852669861698524,0.9632711387659825,0.9205970764160156
16,roll,4,2.0,2.5,0.44921875,-,2,0.2,0.0,d87cd3d0d4fbee1b,d87cd3d0d4fbee1b_px4_position_0_stage1_redo_delta020_pointV_g16_minus_repeat2,0.03482605407423889,1.099744779588406,0.9172978401184082
17,pitch,4,2.0,2.5,0.44921875,+,0,0.2,0.0,4b6a08f1aaf61f64,4b6a08f1aaf61f64_px4_position_0_stage1_redo_delta020_pointV_g17_plus_repeat0,0.09613078721892787,1.15440151867536,0.9092679023742676
17,pitch,4,2.0,2.5,0.44921875,-,0,0.2,0.0,82b9871810dece4b,82b9871810dece4b_px4_position_0_stage1_redo_delta020_pointV_g17_minus_repeat0,-0.08960871004445092,0.900815238430678,0.9105958938598633
17,pitch,4,2.0,2.5,0.44921875,+,1,0.2,0.0,4b6a08f1aaf61f64,4b6a08f1aaf61f64_px4_position_0_stage1_redo_delta020_pointV_g17_plus_repeat1,0.016495015569219396,1.020491866720433,0.9127097129821777
17,pitch,4,2.0,2.5,0.44921875,-,1,0.2,0.0,82b9871810dece4b,82b9871810dece4b_px4_position_0_stage1_redo_delta020_pointV_g17_minus_repeat1,-0.0701481319973476,0.9911177139466663,0.9086227416992188
17,pitch,4,2.0,2.5,0.44921875,+,2,0.2,0.0,4b6a08f1aaf61f64,4b6a08f1aaf61f64_px4_position_0_stage1_redo_delta020_pointV_g17_plus_repeat2,0.1081690395836632,1.146562084885403,0.912299633026123
17,pitch,4,2.0,2.5,0.44921875,-,2,0.2,0.0,82b9871810dece4b,82b9871810dece4b_px4_position_0_stage1_redo_delta020_pointV_g17_minus_repeat2,-0.0519377757121009,1.0018408885888297,0.9101648330688477
18,yaw,4,2.0,2.5,0.44921875,+,0,0.2,0.0623046875,fd880e91cb127df7,fd880e91cb127df7_px4_position_0_stage1_redo_delta020_pointV_g18_plus_repeat0,-0.05469903200183768,0.9856459445272137,0.9146356582641602
18,yaw,4,2.0,2.5,0.44921875,-,0,0.2,0.06230468750000003,0477d8b32a11e8a3,0477d8b32a11e8a3_px4_position_0_stage1_redo_delta020_pointV_g18_minus_repeat0,0.0328936100086239,1.110072723035257,0.9045472145080566
18,yaw,4,2.0,2.5,0.44921875,+,1,0.2,0.0623046875,fd880e91cb127df7,fd880e91cb127df7_px4_position_0_stage1_redo_delta020_pointV_g18_plus_repeat1,-0.0015409223906366343,1.0209026168583897,0.9140181541442871
18,yaw,4,2.0,2.5,0.44921875,-,1,0.2,0.06230468750000003,0477d8b32a11e8a3,0477d8b32a11e8a3_px4_position_0_stage1_redo_delta020_pointV_g18_minus_repeat1,-0.005931637932161671,1.0206369367752384,0.9060006141662598
18,yaw,4,2.0,2.5,0.44921875,+,2,0.2,0.0623046875,fd880e91cb127df7,fd880e91cb127df7_px4_position_0_stage1_redo_delta020_pointV_g18_plus_repeat2,-0.060614549568889675,0.9607999148720046,0.9075469970703125
18,yaw,4,2.0,2.5,0.44921875,-,2,0.2,0.06230468750000003,0477d8b32a11e8a3,0477d8b32a11e8a3_px4_position_0_stage1_redo_delta020_pointV_g18_minus_repeat2,0.025473699595684796,1.101765057145682,0.9020414352416992
19,throttle,4,2.0,2.5,0.44921875,+,0,0.2,0.0,1b68d8b730fa1b16,1b68d8b730fa1b16_px4_position_0_stage1_redo_delta020_pointV_g19_plus_repeat0,0.008372997705133223,0.9976910628751503,0.9011030197143555
19,throttle,4,2.0,2.5,0.44921875,-,0,0.2,0.0,0ec2640dd0461953,0ec2640dd0461953_px4_position_0_stage1_redo_delta020_pointV_g19_minus_repeat0,0.02368498737234981,1.0584531798416628,0.907005786895752
19,throttle,4,2.0,2.5,0.44921875,+,1,0.2,0.0,1b68d8b730fa1b16,1b68d8b730fa1b16_px4_position_0_stage1_redo_delta020_pointV_g19_plus_repeat1,0.08216701561381912,1.1187099182001927,0.9025106430053711
19,throttle,4,2.0,2.5,0.44921875,-,1,0.2,0.0,0ec2640dd0461953,0ec2640dd0461953_px4_position_0_stage1_redo_delta020_pointV_g19_minus_repeat1,0.051887358431714325,1.0928262598055918,0.9138326644897461
19,throttle,4,2.0,2.5,0.44921875,+,2,0.2,0.0,1b68d8b730fa1b16,1b68d8b730fa1b16_px4_position_0_stage1_redo_delta020_pointV_g19_plus_repeat2,0.041508944814258486,1.0800043344641548,0.9063224792480469
19,throttle,4,2.0,2.5,0.44921875,-,2,0.2,0.0,0ec2640dd0461953,0ec2640dd0461953_px4_position_0_stage1_redo_delta020_pointV_g19_minus_repeat2,-0.013054052990081999,1.0273430575615963,0.9094719886779785
20,roll,5,2.5,3.0,0.44921875,+,0,0.2,0.0,bcc61360e09ca541,bcc61360e09ca541_px4_position_0_stage1_redo_delta020_pointV_g20_plus_repeat0,-0.14291130233061966,0.8710572626634046,0.9152350425720215
20,roll,5,2.5,3.0,0.44921875,-,0,0.2,0.0,9b67f4ba9afba53d,9b67f4ba9afba53d_px4_position_0_stage1_redo_delta020_pointV_g20_minus_repeat0,0.045328802121495926,1.0821192063348222,0.914517879486084
20,roll,5,2.5,3.0,0.44921875,+,1,0.2,0.0,bcc61360e09ca541,bcc61360e09ca541_px4_position_0_stage1_redo_delta020_pointV_g20_plus_repeat1,-0.11604108762186582,0.8749780931414928,0.9158463478088379
20,roll,5,2.5,3.0,0.44921875,-,1,0.2,0.0,9b67f4ba9afba53d,9b67f4ba9afba53d_px4_position_0_stage1_redo_delta020_pointV_g20_minus_repeat1,0.16917488541070236,1.2416819389549434,0.9108986854553223
20,roll,5,2.5,3.0,0.44921875,+,2,0.2,0.0,bcc61360e09ca541,bcc61360e09ca541_px4_position_0_stage1_redo_delta020_pointV_g20_plus_repeat2,-0.11716553745859448,0.9102391692433116,0.8978123664855957
20,roll,5,2.5,3.0,0.44921875,-,2,0.2,0.0,9b67f4ba9afba53d,9b67f4ba9afba53d_px4_position_0_stage1_redo_delta020_pointV_g20_minus_repeat2,0.02726114569170135,1.1024105910131885,0.9005513191223145
21,pitch,5,2.5,3.0,0.44921875,+,0,0.2,0.0,2fc31c49484bfdfa,2fc31c49484bfdfa_px4_position_0_stage1_redo_delta020_pointV_g21_plus_repeat0,0.14159100904922484,1.209468167022996,0.9091238975524902
21,pitch,5,2.5,3.0,0.44921875,-,0,0.2,0.0,36aac01f880e03a0,36aac01f880e03a0_px4_position_0_stage1_redo_delta020_pointV_g21_minus_repeat0,0.01044479313404123,1.0591491321340927,0.9070892333984375
21,pitch,5,2.5,3.0,0.44921875,+,1,0.2,0.0,2fc31c49484bfdfa,2fc31c49484bfdfa_px4_position_0_stage1_redo_delta020_pointV_g21_plus_repeat1,0.03487230114971174,1.090865087757892,0.9102873802185059
21,pitch,5,2.5,3.0,0.44921875,-,1,0.2,0.0,36aac01f880e03a0,36aac01f880e03a0_px4_position_0_stage1_redo_delta020_pointV_g21_minus_repeat1,-0.07872184294035511,0.9337570531621824,0.9036831855773926
21,pitch,5,2.5,3.0,0.44921875,+,2,0.2,0.0,2fc31c49484bfdfa,2fc31c49484bfdfa_px4_position_0_stage1_redo_delta020_pointV_g21_plus_repeat2,0.05081597705270602,1.0869171744361021,0.9155254364013672
21,pitch,5,2.5,3.0,0.44921875,-,2,0.2,0.0,36aac01f880e03a0,36aac01f880e03a0_px4_position_0_stage1_redo_delta020_pointV_g21_minus_repeat2,-0.10261723666537148,0.9323319085942365,0.9068403244018555
22,yaw,5,2.5,3.0,0.44921875,+,0,0.2,0.06230468750000004,3e2076f1268bdd28,3e2076f1268bdd28_px4_position_0_stage1_redo_delta020_pointV_g22_plus_repeat0,-0.023979786186066443,1.0414043578924521,0.9084386825561523
22,yaw,5,2.5,3.0,0.44921875,-,0,0.2,0.06230468750000001,3bb3eaf1f09f9d67,3bb3eaf1f09f9d67_px4_position_0_stage1_redo_delta020_pointV_g22_minus_repeat0,-0.0543456064236012,0.929451447390665,0.9103035926818848
22,yaw,5,2.5,3.0,0.44921875,+,1,0.2,0.06230468750000004,3e2076f1268bdd28,3e2076f1268bdd28_px4_position_0_stage1_redo_delta020_pointV_g22_plus_repeat1,-0.0345890826143076,1.024657321027781,0.9112663269042969
22,yaw,5,2.5,3.0,0.44921875,-,1,0.2,0.06230468750000001,3bb3eaf1f09f9d67,3bb3eaf1f09f9d67_px4_position_0_stage1_redo_delta020_pointV_g22_minus_repeat1,-0.03183671916857267,1.0072784120416436,0.9152412414550781
22,yaw,5,2.5,3.0,0.44921875,+,2,0.2,0.06230468750000004,3e2076f1268bdd28,3e2076f1268bdd28_px4_position_0_stage1_redo_delta020_pointV_g22_plus_repeat2,0.06163752065510175,1.1505038029680912,0.9110040664672852
22,yaw,5,2.5,3.0,0.44921875,-,2,0.2,0.06230468750000001,3bb3eaf1f09f9d67,3bb3eaf1f09f9d67_px4_position_0_stage1_redo_delta020_pointV_g22_minus_repeat2,-0.03152376681506186,1.0142094897939256,0.9050483703613281
23,throttle,5,2.5,3.0,0.44921875,+,0,0.2,0.0,229dcabbb4e2ffa1,229dcabbb4e2ffa1_px4_position_0_stage1_redo_delta020_pointV_g23_plus_repeat0,-0.01863812878593918,1.029435127218695,0.9058642387390137
23,throttle,5,2.5,3.0,0.44921875,-,0,0.2,0.0,4c89180c59502091,4c89180c59502091_px4_position_0_stage1_redo_delta020_pointV_g23_minus_repeat0,-0.05174551204858102,0.9935841492670672,0.9112324714660645
23,throttle,5,2.5,3.0,0.44921875,+,1,0.2,0.0,229dcabbb4e2ffa1,229dcabbb4e2ffa1_px4_position_0_stage1_redo_delta020_pointV_g23_plus_repeat1,0.004537488386719413,1.0801426005195454,0.9021096229553223
23,throttle,5,2.5,3.0,0.44921875,-,1,0.2,0.0,4c89180c59502091,4c89180c59502091_px4_position_0_stage1_redo_delta020_pointV_g23_minus_repeat1,0.03135599283033241,1.113374028985493,0.9110727310180664
23,throttle,5,2.5,3.0,0.44921875,+,2,0.2,0.0,229dcabbb4e2ffa1,229dcabbb4e2ffa1_px4_position_0_stage1_redo_delta020_pointV_g23_plus_repeat2,-0.013913254026368893,0.9949837475580157,0.8970298767089844
23,throttle,5,2.5,3.0,0.44921875,-,2,0.2,0.0,4c89180c59502091,4c89180c59502091_px4_position_0_stage1_redo_delta020_pointV_g23_minus_repeat2,-0.0037944971575223363,1.0736910249747844,0.9245781898498535
24,roll,6,3.0,3.5,0.44921875,+,0,0.2,0.0,d4ed247ddf59fd05,d4ed247ddf59fd05_px4_position_0_stage1_redo_delta020_pointV_g24_plus_repeat0,-0.0813953025759453,0.9244466611121829,0.9189157485961914
24,roll,6,3.0,3.5,0.44921875,-,0,0.2,0.0,ab0a4045329ea3cc,ab0a4045329ea3cc_px4_position_0_stage1_redo_delta020_pointV_g24_minus_repeat0,0.12346681591081565,1.2080946677992843,0.9077053070068359
24,roll,6,3.0,3.5,0.44921875,+,1,0.2,0.0,d4ed247ddf59fd05,d4ed247ddf59fd05_px4_position_0_stage1_redo_delta020_pointV_g24_plus_repeat1,-0.1594526941433374,0.850361499742404,0.9134302139282227
24,roll,6,3.0,3.5,0.44921875,-,1,0.2,0.0,ab0a4045329ea3cc,ab0a4045329ea3cc_px4_position_0_stage1_redo_delta020_pointV_g24_minus_repeat1,0.07166157157274711,1.1267917201060187,0.908806324005127
24,roll,6,3.0,3.5,0.44921875,+,2,0.2,0.0,d4ed247ddf59fd05,d4ed247ddf59fd05_px4_position_0_stage1_redo_delta020_pointV_g24_plus_repeat2,-0.06316848759760885,0.9599581350012443,0.9184918403625488
24,roll,6,3.0,3.5,0.44921875,-,2,0.2,0.0,ab0a4045329ea3cc,ab0a4045329ea3cc_px4_position_0_stage1_redo_delta020_pointV_g24_minus_repeat2,0.050835166618440675,1.1083698006600513,0.9077706336975098
25,pitch,6,3.0,3.5,0.44921875,+,0,0.2,0.0,ffc70b9164a692b6,ffc70b9164a692b6_px4_position_0_stage1_redo_delta020_pointV_g25_plus_repeat0,0.0934965202203848,1.1975533806044185,0.899479866027832
25,pitch,6,3.0,3.5,0.44921875,-,0,0.2,0.0,fc82d71fa3b7e19c,fc82d71fa3b7e19c_px4_position_0_stage1_redo_delta020_pointV_g25_minus_repeat0,-0.15809373185249775,0.8611238641333723,0.9132027626037598
25,pitch,6,3.0,3.5,0.44921875,+,1,0.2,0.0,ffc70b9164a692b6,ffc70b9164a692b6_px4_position_0_stage1_redo_delta020_pointV_g25_plus_repeat1,0.10325117397352201,1.1710907228662144,0.9136185646057129
25,pitch,6,3.0,3.5,0.44921875,-,1,0.2,0.0,fc82d71fa3b7e19c,fc82d71fa3b7e19c_px4_position_0_stage1_redo_delta020_pointV_g25_minus_repeat1,-0.10510136164997741,0.8966491813906612,0.9113121032714844
25,pitch,6,3.0,3.5,0.44921875,+,2,0.2,0.0,ffc70b9164a692b6,ffc70b9164a692b6_px4_position_0_stage1_redo_delta020_pointV_g25_plus_repeat2,0.11704658585016847,1.1839389443629442,0.9094266891479492
25,pitch,6,3.0,3.5,0.44921875,-,2,0.2,0.0,fc82d71fa3b7e19c,fc82d71fa3b7e19c_px4_position_0_stage1_redo_delta020_pointV_g25_minus_repeat2,-0.027370525846767357,0.9843000924382248,0.9114141464233398
26,yaw,6,3.0,3.5,0.44921875,+,0,0.2,0.06230468750000007,df5f748d0c9a6015,df5f748d0c9a6015_px4_position_0_stage1_redo_delta020_pointV_g26_plus_repeat0,0.08360815494718454,1.1108449782572158,0.9148797988891602
26,yaw,6,3.0,3.5,0.44921875,-,0,0.2,0.0,918d99c72d275717,918d99c72d275717_px4_position_0_stage1_redo_delta020_pointV_g26_minus_repeat0,-0.0001840352057060901,1.1016515171002679,0.9154171943664551
26,yaw,6,3.0,3.5,0.44921875,+,1,0.2,0.06230468750000007,df5f748d0c9a6015,df5f748d0c9a6015_px4_position_0_stage1_redo_delta020_pointV_g26_plus_repeat1,-0.012667788491832921,0.9953768336268431,0.9196219444274902
26,yaw,6,3.0,3.5,0.44921875,-,1,0.2,0.0,918d99c72d275717,918d99c72d275717_px4_position_0_stage1_redo_delta020_pointV_g26_minus_repeat1,0.008451329607515934,1.0367771998311714,0.9023380279541016
26,yaw,6,3.0,3.5,0.44921875,+,2,0.2,0.06230468750000007,df5f748d0c9a6015,df5f748d0c9a6015_px4_position_0_stage1_redo_delta020_pointV_g26_plus_repeat2,-0.008249058797691555,0.9748756776669065,0.9114689826965332
26,yaw,6,3.0,3.5,0.44921875,-,2,0.2,0.0,918d99c72d275717,918d99c72d275717_px4_position_0_stage1_redo_delta020_pointV_g26_minus_repeat2,0.038895354832522155,1.0683812357292166,0.9108142852783203
27,throttle,6,3.0,3.5,0.44921875,+,0,0.2,0.0,6600f21448de470a,6600f21448de470a_px4_position_0_stage1_redo_delta020_pointV_g27_plus_repeat0,0.013043729812427074,1.0704904609493342,0.8971076011657715
27,throttle,6,3.0,3.5,0.44921875,-,0,0.2,0.0,9092ebd70b7bb2da,9092ebd70b7bb2da_px4_position_0_stage1_redo_delta020_pointV_g27_minus_repeat0,0.02330778081778062,1.0397904868905994,0.9135785102844238
27,throttle,6,3.0,3.5,0.44921875,+,1,0.2,0.0,6600f21448de470a,6600f21448de470a_px4_position_0_stage1_redo_delta020_pointV_g27_plus_repeat1,-0.024599173814073394,0.9970499038693388,0.8916764259338379
27,throttle,6,3.0,3.5,0.44921875,-,1,0.2,0.0,9092ebd70b7bb2da,9092ebd70b7bb2da_px4_position_0_stage1_redo_delta020_pointV_g27_minus_repeat1,0.01945030905437717,1.0581835822372299,0.9155716896057129
27,throttle,6,3.0,3.5,0.44921875,+,2,0.2,0.0,6600f21448de470a,6600f21448de470a_px4_position_0_stage1_redo_delta020_pointV_g27_plus_repeat2,-0.0002775815886373323,1.058298103406495,0.9030694961547852
27,throttle,6,3.0,3.5,0.44921875,-,2,0.2,0.0,9092ebd70b7bb2da,9092ebd70b7bb2da_px4_position_0_stage1_redo_delta020_pointV_g27_minus_repeat2,0.11395508701562496,1.178594538492858,0.9152860641479492
28,roll,7,3.5,4.0,0.44921875,+,0,0.2,0.0,8b66a4a1d476e606,8b66a4a1d476e606_px4_position_0_stage1_redo_delta020_pointV_g28_plus_repeat0,-0.05087420721651581,0.9484893297423289,0.905555248260498
28,roll,7,3.5,4.0,0.44921875,-,0,0.2,0.0,232620558bb6271d,232620558bb6271d_px4_position_0_stage1_redo_delta020_pointV_g28_minus_repeat0,0.07126714391897859,1.1490469552439326,0.9186005592346191
28,roll,7,3.5,4.0,0.44921875,+,1,0.2,0.0,8b66a4a1d476e606,8b66a4a1d476e606_px4_position_0_stage1_redo_delta020_pointV_g28_plus_repeat1,-0.10146611499645264,0.9047397864982589,0.9090275764465332
28,roll,7,3.5,4.0,0.44921875,-,1,0.2,0.0,232620558bb6271d,232620558bb6271d_px4_position_0_stage1_redo_delta020_pointV_g28_minus_repeat1,0.06716665518259224,1.0571499156656023,0.9124221801757812
28,roll,7,3.5,4.0,0.44921875,+,2,0.2,0.0,8b66a4a1d476e606,8b66a4a1d476e606_px4_position_0_stage1_redo_delta020_pointV_g28_plus_repeat2,-0.1475628414474559,0.8677135681801167,0.9130239486694336
28,roll,7,3.5,4.0,0.44921875,-,2,0.2,0.0,232620558bb6271d,232620558bb6271d_px4_position_0_stage1_redo_delta020_pointV_g28_minus_repeat2,0.056842011257058234,1.1070008751114782,0.8995323181152344
29,pitch,7,3.5,4.0,0.44921875,+,0,0.2,0.0,d13ee0d4073a2598,d13ee0d4073a2598_px4_position_0_stage1_redo_delta020_pointV_g29_plus_repeat0,0.06458753188860733,1.0904878248110594,0.9146595001220703
29,pitch,7,3.5,4.0,0.44921875,-,0,0.2,0.0,31d30a517f9d73b4,31d30a517f9d73b4_px4_position_0_stage1_redo_delta020_pointV_g29_minus_repeat0,-0.10055688874454605,0.90300950536338,0.911003589630127
29,pitch,7,3.5,4.0,0.44921875,+,1,0.2,0.0,d13ee0d4073a2598,d13ee0d4073a2598_px4_position_0_stage1_redo_delta020_pointV_g29_plus_repeat1,-0.1564202950147935,0.9193831191550481,0.9065165519714355
29,pitch,7,3.5,4.0,0.44921875,-,1,0.2,0.0,31d30a517f9d73b4,31d30a517f9d73b4_px4_position_0_stage1_redo_delta020_pointV_g29_minus_repeat1,-0.43999868342634607,0.5618368155308138,0.9120955467224121
29,pitch,7,3.5,4.0,0.44921875,+,2,0.2,0.0,d13ee0d4073a2598,d13ee0d4073a2598_px4_position_0_stage1_redo_delta020_pointV_g29_plus_repeat2,-0.12327733152859399,0.9700354813535244,0.9150424003601074
29,pitch,7,3.5,4.0,0.44921875,-,2,0.2,0.0,31d30a517f9d73b4,31d30a517f9d73b4_px4_position_0_stage1_redo_delta020_pointV_g29_minus_repeat2,-0.38458336784727476,0.6027700955090525,0.9083037376403809
30,yaw,7,3.5,4.0,0.44921875,+,0,0.2,0.043990893572239426,69f2bd935574cbad,69f2bd935574cbad_px4_position_0_stage1_redo_delta020_pointV_g30_plus_repeat0,-0.2772847605734601,0.7753725939522238,0.9043960571289062
30,yaw,7,3.5,4.0,0.44921875,-,0,0.2,0.06230468750000001,5cce17977d7cc53b,5cce17977d7cc53b_px4_position_0_stage1_redo_delta020_pointV_g30_minus_repeat0,-0.24727488719171942,0.7973081895101841,0.900425910949707
30,yaw,7,3.5,4.0,0.44921875,+,1,0.2,0.043990893572239426,69f2bd935574cbad,69f2bd935574cbad_px4_position_0_stage1_redo_delta020_pointV_g30_plus_repeat1,-0.275902370025511,0.7384951196381677,0.8986520767211914
30,yaw,7,3.5,4.0,0.44921875,-,1,0.2,0.06230468750000001,5cce17977d7cc53b,5cce17977d7cc53b_px4_position_0_stage1_redo_delta020_pointV_g30_minus_repeat1,-0.2509839243158638,0.7595528759801078,0.9101753234863281
30,yaw,7,3.5,4.0,0.44921875,+,2,0.2,0.043990893572239426,69f2bd935574cbad,69f2bd935574cbad_px4_position_0_stage1_redo_delta020_pointV_g30_plus_repeat2,-0.30090516733133077,0.6946760159542567,0.8994960784912109
30,yaw,7,3.5,4.0,0.44921875,-,2,0.2,0.06230468750000001,5cce17977d7cc53b,5cce17977d7cc53b_px4_position_0_stage1_redo_delta020_pointV_g30_minus_repeat2,-0.2560621947797901,0.7442312320880444,0.913231372833252
31,throttle,7,3.5,4.0,0.44921875,+,0,0.2,0.0,f5d9b75bea8a381f,f5d9b75bea8a381f_px4_position_0_stage1_redo_delta020_pointV_g31_plus_repeat0,-0.3006510994266147,0.7466916455879651,0.9039616584777832
31,throttle,7,3.5,4.0,0.44921875,-,0,0.2,0.0,08c7decc25c52f22,08c7decc25c52f22_px4_position_0_stage1_redo_delta020_pointV_g31_minus_repeat0,-0.28185097561504757,0.7712802383819222,0.9139013290405273
31,throttle,7,3.5,4.0,0.44921875,+,1,0.2,0.0,f5d9b75bea8a381f,f5d9b75bea8a381f_px4_position_0_stage1_redo_delta020_pointV_g31_plus_repeat1,-0.15721546958687904,0.894017903837339,0.9052920341491699
31,throttle,7,3.5,4.0,0.44921875,-,1,0.2,0.0,08c7decc25c52f22,08c7decc25c52f22_px4_position_0_stage1_redo_delta020_pointV_g31_minus_repeat1,-0.26296289226846037,0.7688652820119084,0.9145255088806152
31,throttle,7,3.5,4.0,0.44921875,+,2,0.2,0.0,f5d9b75bea8a381f,f5d9b75bea8a381f_px4_position_0_stage1_redo_delta020_pointV_g31_plus_repeat2,-0.28326964269158994,0.7290063868015588,0.8963217735290527
31,throttle,7,3.5,4.0,0.44921875,-,2,0.2,0.0,08c7decc25c52f22,08c7decc25c52f22_px4_position_0_stage1_redo_delta020_pointV_g31_minus_repeat2,-0.2881971106423953,0.704178753357066,0.9111642837524414
32,roll,8,4.0,4.5,0.44921875,+,0,0.2,0.0,facc38f61e327f60,facc38f61e327f60_px4_position_0_stage1_redo_delta020_pointV_g32_plus_repeat0,-0.4617191752995271,0.5246777471837833,0.9013524055480957
32,roll,8,4.0,4.5,0.44921875,-,0,0.2,0.0,311240af1c4f4eaa,311240af1c4f4eaa_px4_position_0_stage1_redo_delta020_pointV_g32_minus_repeat0,-0.1794543242990796,0.8835231176722076,0.9060988426208496
32,roll,8,4.0,4.5,0.44921875,+,1,0.2,0.0,facc38f61e327f60,facc38f61e327f60_px4_position_0_stage1_redo_delta020_pointV_g32_plus_repeat1,-0.3989021762948468,0.6344721104557807,0.921666145324707
32,roll,8,4.0,4.5,0.44921875,-,1,0.2,0.0,311240af1c4f4eaa,311240af1c4f4eaa_px4_position_0_stage1_redo_delta020_pointV_g32_minus_repeat1,-0.172747839616896,0.8460314233792516,0.9128274917602539
32,roll,8,4.0,4.5,0.44921875,+,2,0.2,0.0,facc38f61e327f60,facc38f61e327f60_px4_position_0_stage1_redo_delta020_pointV_g32_plus_repeat2,-0.45451146572136225,0.5863524158775428,0.9180874824523926
32,roll,8,4.0,4.5,0.44921875,-,2,0.2,0.0,311240af1c4f4eaa,311240af1c4f4eaa_px4_position_0_stage1_redo_delta020_pointV_g32_minus_repeat2,-0.12387504623904522,0.9356703235351207,0.907679557800293
33,pitch,8,4.0,4.5,0.44921875,+,0,0.2,0.0,db2b437cbf5f528b,db2b437cbf5f528b_px4_position_0_stage1_redo_delta020_pointV_g33_plus_repeat0,-0.17335988308778116,0.8713383957802732,0.9069705009460449
33,pitch,8,4.0,4.5,0.44921875,-,0,0.2,0.0,b3fe78a66cfc3894,b3fe78a66cfc3894_px4_position_0_stage1_redo_delta020_pointV_g33_minus_repeat0,-0.44522846246291636,0.5317860151380407,0.9049558639526367
33,pitch,8,4.0,4.5,0.44921875,+,1,0.2,0.0,db2b437cbf5f528b,db2b437cbf5f528b_px4_position_0_stage1_redo_delta020_pointV_g33_plus_repeat1,-0.17100604672484332,0.8735129481539039,0.9160890579223633
33,pitch,8,4.0,4.5,0.44921875,-,1,0.2,0.0,b3fe78a66cfc3894,b3fe78a66cfc3894_px4_position_0_stage1_redo_delta020_pointV_g33_minus_repeat1,-0.523461052613553,0.4540186970014364,0.9050536155700684
33,pitch,8,4.0,4.5,0.44921875,+,2,0.2,0.0,db2b437cbf5f528b,db2b437cbf5f528b_px4_position_0_stage1_redo_delta020_pointV_g33_plus_repeat2,-0.15656639962630003,0.8329421794492995,0.9101114273071289
33,pitch,8,4.0,4.5,0.44921875,-,2,0.2,0.0,b3fe78a66cfc3894,b3fe78a66cfc3894_px4_position_0_stage1_redo_delta020_pointV_g33_minus_repeat2,-0.4878428106636301,0.4462646793506708,0.9052462577819824
34,yaw,8,4.0,4.5,0.44921875,+,0,0.2,0.06230468750000001,d7aff42ea71c0b6e,d7aff42ea71c0b6e_px4_position_0_stage1_redo_delta020_pointV_g34_plus_repeat0,-0.2905709493798321,0.7455720474115646,0.9121365547180176
34,yaw,8,4.0,4.5,0.44921875,-,0,0.2,0.043990893572239426,c9c5edc79cb538f6,c9c5edc79cb538f6_px4_position_0_stage1_redo_delta020_pointV_g34_minus_repeat0,-0.2550479286999632,0.7954706060412258,0.9047641754150391
34,yaw,8,4.0,4.5,0.44921875,+,1,0.2,0.06230468750000001,d7aff42ea71c0b6e,d7aff42ea71c0b6e_px4_position_0_stage1_redo_delta020_pointV_g34_plus_repeat1,-0.2782556497576312,0.7303451002569745,0.9101266860961914
34,yaw,8,4.0,4.5,0.44921875,-,1,0.2,0.043990893572239426,c9c5edc79cb538f6,c9c5edc79cb538f6_px4_position_0_stage1_redo_delta020_pointV_g34_minus_repeat1,-0.2896659941572062,0.7218395685614183,0.9107470512390137
34,yaw,8,4.0,4.5,0.44921875,+,2,0.2,0.06230468750000001,d7aff42ea71c0b6e,d7aff42ea71c0b6e_px4_position_0_stage1_redo_delta020_pointV_g34_plus_repeat2,-0.30048610878096516,0.7184076361341427,0.9113612174987793
34,yaw,8,4.0,4.5,0.44921875,-,2,0.2,0.043990893572239426,c9c5edc79cb538f6,c9c5edc79cb538f6_px4_position_0_stage1_redo_delta020_pointV_g34_minus_repeat2,-0.29774581752833895,0.7107609305934333,0.9116220474243164
35,throttle,8,4.0,4.5,0.44921875,+,0,0.2,0.0,1919ac51dec464cb,1919ac51dec464cb_px4_position_0_stage1_redo_delta020_pointV_g35_plus_repeat0,-0.2376742029422687,0.7399655880611395,0.8873658180236816
35,throttle,8,4.0,4.5,0.44921875,-,0,0.2,0.0,31bccc87330baa78,31bccc87330baa78_px4_position_0_stage1_redo_delta020_pointV_g35_minus_repeat0,-0.2455065965637957,0.8053858388782646,0.9114232063293457
35,throttle,8,4.0,4.5,0.44921875,+,1,0.2,0.0,1919ac51dec464cb,1919ac51dec464cb_px4_position_0_stage1_redo_delta020_pointV_g35_plus_repeat1,-0.2728296263245955,0.7180722854746993,0.895693302154541
35,throttle,8,4.0,4.5,0.44921875,-,1,0.2,0.0,31bccc87330baa78,31bccc87330baa78_px4_position_0_stage1_redo_delta020_pointV_g35_minus_repeat1,-0.2723851283174621,0.7407993838151457,0.9068622589111328
35,throttle,8,4.0,4.5,0.44921875,+,2,0.2,0.0,1919ac51dec464cb,1919ac51dec464cb_px4_position_0_stage1_redo_delta020_pointV_g35_plus_repeat2,-0.27956955517046866,0.7681149540007253,0.8997611999511719
35,throttle,8,4.0,4.5,0.44921875,-,2,0.2,0.0,31bccc87330baa78,31bccc87330baa78_px4_position_0_stage1_redo_delta020_pointV_g35_minus_repeat2,-0.29670652238458417,0.6939763817147786,0.9140944480895996
36,roll,9,4.5,5.0,0.44921875,+,0,0.2,0.0,4db8cf4ac6bbc333,4db8cf4ac6bbc333_px4_position_0_stage1_redo_delta020_pointV_g36_plus_repeat0,-0.5345257438164592,0.3944547118279229,0.9049882888793945
36,roll,9,4.5,5.0,0.44921875,-,0,0.2,0.0,78e83a4a6f525227,78e83a4a6f525227_px4_position_0_stage1_redo_delta020_pointV_g36_minus_repeat0,-0.15874190885614792,0.976646908216293,0.9084734916687012
36,roll,9,4.5,5.0,0.44921875,+,1,0.2,0.0,4db8cf4ac6bbc333,4db8cf4ac6bbc333_px4_position_0_stage1_redo_delta020_pointV_g36_plus_repeat1,-0.5122948389140776,0.39414446158272853,0.9100956916809082
36,roll,9,4.5,5.0,0.44921875,-,1,0.2,0.0,78e83a4a6f525227,78e83a4a6f525227_px4_position_0_stage1_redo_delta020_pointV_g36_minus_repeat1,-0.1903900196010122,0.9389464283151274,0.9120478630065918
36,roll,9,4.5,5.0,0.44921875,+,2,0.2,0.0,4db8cf4ac6bbc333,4db8cf4ac6bbc333_px4_position_0_stage1_redo_delta020_pointV_g36_plus_repeat2,-0.5316403665030991,0.4423013281053234,0.9113216400146484
36,roll,9,4.5,5.0,0.44921875,-,2,0.2,0.0,78e83a4a6f525227,78e83a4a6f525227_px4_position_0_stage1_redo_delta020_pointV_g36_minus_repeat2,-0.16978293080399243,0.9382276658570385,0.9136781692504883
37,pitch,9,4.5,5.0,0.44921875,+,0,0.2,0.0,23b49c917eb9e3c1,23b49c917eb9e3c1_px4_position_0_stage1_redo_delta020_pointV_g37_plus_repeat0,-0.14139596012183042,0.9712076801487917,0.9072632789611816
37,pitch,9,4.5,5.0,0.44921875,-,0,0.2,0.0,c3fe27b278ed9880,c3fe27b278ed9880_px4_position_0_stage1_redo_delta020_pointV_g37_minus_repeat0,-0.510597118158223,0.40584297873994113,0.9023022651672363
37,pitch,9,4.5,5.0,0.44921875,+,1,0.2,0.0,23b49c917eb9e3c1,23b49c917eb9e3c1_px4_position_0_stage1_redo_delta020_pointV_g37_plus_repeat1,-0.15651404906646227,0.9601012428292912,0.9110159873962402
37,pitch,9,4.5,5.0,0.44921875,-,1,0.2,0.0,c3fe27b278ed9880,c3fe27b278ed9880_px4_position_0_stage1_redo_delta020_pointV_g37_minus_repeat1,-0.5437869609312032,0.4225124998111567,0.913825511932373
37,pitch,9,4.5,5.0,0.44921875,+,2,0.2,0.0,23b49c917eb9e3c1,23b49c917eb9e3c1_px4_position_0_stage1_redo_delta020_pointV_g37_plus_repeat2,-0.1624441233715539,0.9300594130675193,0.9169344902038574
37,pitch,9,4.5,5.0,0.44921875,-,2,0.2,0.0,c3fe27b278ed9880,c3fe27b278ed9880_px4_position_0_stage1_redo_delta020_pointV_g37_minus_repeat2,-0.537730058007853,0.37247527894480426,0.9196276664733887
38,yaw,9,4.5,5.0,0.44921875,+,0,0.2,0.0,5f6ef8af4915e111,5f6ef8af4915e111_px4_position_0_stage1_redo_delta020_pointV_g38_plus_repeat0,-0.2918483969361092,0.7366397018880484,0.9178500175476074
38,yaw,9,4.5,5.0,0.44921875,-,0,0.2,0.06230468750000001,fc085ec072828051,fc085ec072828051_px4_position_0_stage1_redo_delta020_pointV_g38_minus_repeat0,-0.24396206859348335,0.8602068596316559,0.9058103561401367
38,yaw,9,4.5,5.0,0.44921875,+,1,0.2,0.0,5f6ef8af4915e111,5f6ef8af4915e111_px4_position_0_stage1_redo_delta020_pointV_g38_plus_repeat1,-0.24699518582593472,0.7438263322735463,0.9071645736694336
38,yaw,9,4.5,5.0,0.44921875,-,1,0.2,0.06230468750000001,fc085ec072828051,fc085ec072828051_px4_position_0_stage1_redo_delta020_pointV_g38_minus_repeat1,-0.21059813616892908,0.8198720584187398,0.9137129783630371
38,yaw,9,4.5,5.0,0.44921875,+,2,0.2,0.0,5f6ef8af4915e111,5f6ef8af4915e111_px4_position_0_stage1_redo_delta020_pointV_g38_plus_repeat2,-0.2879027330218893,0.7358768244620373,0.9082880020141602
38,yaw,9,4.5,5.0,0.44921875,-,2,0.2,0.06230468750000001,fc085ec072828051,fc085ec072828051_px4_position_0_stage1_redo_delta020_pointV_g38_minus_repeat2,-0.29609697437927096,0.7434138685437821,0.9098033905029297
39,throttle,9,4.5,5.0,0.44921875,+,0,0.2,0.0,8e7c4417d0993309,8e7c4417d0993309_px4_position_0_stage1_redo_delta020_pointV_g39_plus_repeat0,-0.23485249980867695,0.7995628739415439,0.7263469696044922
39,throttle,9,4.5,5.0,0.44921875,-,0,0.2,0.0,6f56acbc78e7be04,6f56acbc78e7be04_px4_position_0_stage1_redo_delta020_pointV_g39_minus_repeat0,-0.27354687531494104,0.7677165580151126,0.9833402633666992
39,throttle,9,4.5,5.0,0.44921875,+,1,0.2,0.0,8e7c4417d0993309,8e7c4417d0993309_px4_position_0_stage1_redo_delta020_pointV_g39_plus_repeat1,-0.2902773526678508,0.7368740547121573,0.7348217964172363
39,throttle,9,4.5,5.0,0.44921875,-,1,0.2,0.0,6f56acbc78e7be04,6f56acbc78e7be04_px4_position_0_stage1_redo_delta020_pointV_g39_minus_repeat1,-0.2620200690278729,0.7712386170047387,0.984168529510498
39,throttle,9,4.5,5.0,0.44921875,+,2,0.2,0.0,8e7c4417d0993309,8e7c4417d0993309_px4_position_0_stage1_redo_delta020_pointV_g39_plus_repeat2,-0.26347488405985486,0.7356524757682725,0.7092161178588867
39,throttle,9,4.5,5.0,0.44921875,-,2,0.2,0.0,6f56acbc78e7be04,6f56acbc78e7be04_px4_position_0_stage1_redo_delta020_pointV_g39_minus_repeat2,-0.22172779120322939,0.8462936773184031,0.9871969223022461
